product_code,popularidad_global,ventas_acumuladas,clientes_distintos,unidades_acumuladas
FUR-ADV-10000002,2,159.0,2,3
FUR-ADV-10000108,3,350.0,3,7
FUR-ADV-10000183,8,975.0,8,31
FUR-ADV-10000188,5,125.0,5,7
FUR-ADV-10000190,1,222.0,1,2
FUR-ADV-10000571,8,2195.0,8,20
FUR-ADV-10000600,2,206.0,2,4
FUR-ADV-10000847,5,290.0,5,11
FUR-ADV-10001283,2,178.0,2,3
FUR-ADV-10001440,7,959.0,7,22
FUR-ADV-10001659,6,146.0,6,10
FUR-ADV-10001855,4,89.0,4,4
FUR-ADV-10002329,1,7.0,1,1
FUR-ADV-10002601,5,497.0,5,11
FUR-ADV-10002632,1,36.0,1,2
FUR-ADV-10002889,7,803.0,7,19
FUR-ADV-10003147,5,186.0,5,8
FUR-ADV-10003326,4,54.0,4,4
FUR-ADV-10004159,3,195.0,3,5
FUR-ADV-10004223,2,66.0,2,2
FUR-ADV-10004395,10,614.0,10,29
FUR-ADV-10004499,3,250.0,3,5
FUR-ADV-10004718,5,124.0,5,9
FUR-ADV-10004971,2,393.0,2,9
FUR-BAR-10000560,1,1.003,1,2
FUR-BAR-10000831,1,320.0,1,1
FUR-BAR-10000946,2,482.88,2,7
FUR-BAR-10001039,2,212.0,2,2
FUR-BAR-10002449,3,327.051,3,23
FUR-BAR-10002710,1,364.0,1,4
FUR-BAR-10003465,2,286.0,2,2
FUR-BAR-10003532,2,907.171,2,9
FUR-BAR-10003576,2,636.0,2,2
FUR-BAR-10004434,1,2.058,1,4
FUR-BAR-10004553,3,568.0,3,3
FUR-BAR-10004561,1,518.0,1,1
FUR-BAR-10004682,1,2.012,1,4
FUR-BEV-10000326,1,531.0,1,1
FUR-BEV-10000388,1,316.0,1,1
FUR-BEV-10001048,1,924.0,1,1
FUR-BEV-10001217,1,1.07,1,2
FUR-BEV-10001853,1,984.0,1,2
FUR-BEV-10002193,1,1.249,1,6
FUR-BEV-10002369,2,942.0,2,7
FUR-BEV-10002803,1,925.0,1,1
FUR-BEV-10003414,2,694.0,2,2
FUR-BEV-10004805,1,1.843,1,2
FUR-BEV-10004919,2,536.134,2,5
FUR-BO-10000002,4,1124.3220000000001,4,11
FUR-BO-10000008,1,465.0,1,2
FUR-BO-10000021,1,243.0,1,2
FUR-BO-10000022,3,2201.0,3,14
FUR-BO-10000034,3,1451.0,3,5
FUR-BO-10000035,5,774.541,5,21
FUR-BO-10000038,4,2633.0,4,18
FUR-BO-10000071,8,3046.0,8,22
FUR-BO-10000087,10,3168.066,10,34
FUR-BO-10000112,6,2394.0,6,24
FUR-BO-10000120,2,74.189,2,10
FUR-BO-10000148,4,818.0,4,11
FUR-BO-10000155,4,1799.0,4,20
FUR-BO-10000160,1,704.0,1,2
FUR-BO-10000170,2,4.943,2,14
FUR-BO-10000175,5,1933.0,5,17
FUR-BO-10000184,1,158.0,1,3
FUR-BO-10000195,3,1179.0,3,12
FUR-BO-10000203,6,2891.987,6,19
FUR-BO-10000208,5,2163.7290000000003,5,33
FUR-BO-10000210,8,2121.682,8,26
FUR-BO-10000214,1,292.0,1,3
FUR-BO-10000243,4,894.8,4,28
FUR-BO-10000259,6,1757.914,6,21
FUR-BO-10000265,5,1330.036,4,14
FUR-BO-10000268,4,1505.0,4,11
FUR-BO-10000269,5,893.0,5,13
FUR-BO-10000279,5,376.851,5,20
FUR-BO-10000288,5,796.5790000000001,5,20
FUR-BO-10000311,2,1236.0,2,7
FUR-BO-10000321,2,894.0,2,10
FUR-BO-10000330,3,1064.0,3,10
FUR-BO-10000362,5,1130.026,5,14
FUR-BO-10000378,4,1288.0,4,15
FUR-BO-10000402,2,834.0,2,6
FUR-BO-10000411,4,1786.035,4,24
FUR-BO-10000425,2,960.0,2,8
FUR-BO-10000468,6,724.0,6,21
FUR-BO-10000490,4,7.785,4,23
FUR-BO-10000502,6,1349.093,6,20
FUR-BO-10000514,3,1313.275,3,11
FUR-BO-10000517,1,260.0,1,8
FUR-BO-10000533,1,494.0,1,4
FUR-BO-10000567,8,2451.197,8,43
FUR-BO-10000596,6,1542.499,6,24
FUR-BO-10000610,4,1377.0,4,13
FUR-BO-10000616,1,444.0,1,6
FUR-BO-10000623,1,311.0,1,2
FUR-BO-10000624,7,3269.034,7,26
FUR-BO-10000636,5,1688.0,5,18
FUR-BO-10000655,1,1.109,1,3
FUR-BO-10000666,2,291.015,2,9
FUR-BO-10000668,4,1340.039,4,10
FUR-BO-10000670,5,3063.0,5,30
FUR-BO-10000676,3,1361.0,3,16
FUR-BO-10000684,5,1048.061,5,16
FUR-BO-10000699,6,2467.333,6,24
FUR-BO-10000700,1,233.0,1,2
FUR-BO-10000711,2,852.0,2,12
FUR-BO-10000712,1,251.0,1,2
FUR-BO-10000728,13,4476.911,13,56
FUR-BO-10000734,7,1255.0,7,20
FUR-BO-10000746,5,1323.0,5,17
FUR-BO-10000780,5,2947.0,5,22
FUR-BO-10000786,4,2268.0370000000003,4,23
FUR-BO-10000791,1,483.0,1,5
FUR-BO-10000797,3,1072.0,3,7
FUR-BO-10000807,1,473.0,1,4
FUR-BO-10000820,1,598.0,1,4
FUR-BO-10000847,5,2007.0,5,19
FUR-BO-10000883,2,950.0,2,8
FUR-BO-10000889,1,206.0,1,2
FUR-BO-10000891,4,2148.322,4,18
FUR-BO-10000892,1,759.0,1,6
FUR-BO-10000895,5,1976.0,5,16
FUR-BO-10000936,4,1867.0,4,11
FUR-BO-10000961,5,2198.0,5,21
FUR-BO-10000967,5,1827.5230000000001,5,22
FUR-BO-10000980,7,2377.915,7,15
FUR-BO-10001003,2,1556.0,2,11
FUR-BO-10001010,4,2267.0,4,20
FUR-BO-10001039,6,3043.546,6,19
FUR-BO-10001042,7,1960.0,7,25
FUR-BO-10001067,5,1033.0,5,16
FUR-BO-10001073,4,1431.82,4,18
FUR-BO-10001099,4,976.0,4,15
FUR-BO-10001133,5,2159.143,5,16
FUR-BO-10001147,6,2785.0,6,19
FUR-BO-10001155,9,2900.0,9,24
FUR-BO-10001165,4,1322.128,4,14
FUR-BO-10001192,7,3156.422,7,18
FUR-BO-10001196,4,1425.364,4,17
FUR-BO-10001201,6,1811.0,6,25
FUR-BO-10001212,7,3006.187,7,24
FUR-BO-10001216,5,2128.3540000000003,5,24
FUR-BO-10001233,2,754.0,2,9
FUR-BO-10001254,1,288.0,1,2
FUR-BO-10001255,4,2271.635,4,16
FUR-BO-10001256,2,821.0,2,7
FUR-BO-10001271,1,350.0,1,3
FUR-BO-10001276,2,318.0,2,6
FUR-BO-10001287,6,2245.0,6,14
FUR-BO-10001295,3,1233.0,3,11
FUR-BO-10001309,2,1236.0,2,3
FUR-BO-10001318,1,418.0,1,4
FUR-BO-10001324,3,1411.567,3,16
FUR-BO-10001326,4,1447.0,4,10
FUR-BO-10001337,10,2970.0,10,28
FUR-BO-10001342,6,2346.0,6,17
FUR-BO-10001356,9,5124.22,9,28
FUR-BO-10001358,3,688.0,3,10
FUR-BO-10001362,2,1315.0,2,4
FUR-BO-10001369,4,666.0,4,7
FUR-BO-10001370,2,1140.0,2,3
FUR-BO-10001372,4,9.099,4,21
FUR-BO-10001385,4,2053.0,4,18
FUR-BO-10001387,4,1181.239,4,17
FUR-BO-10001390,4,1097.0,4,12
FUR-BO-10001392,4,1572.485,4,10
FUR-BO-10001393,6,2738.108,6,25
FUR-BO-10001405,8,4482.0,8,38
FUR-BO-10001436,2,224.19,2,14
FUR-BO-10001452,1,248.0,1,2
FUR-BO-10001461,4,2123.0,4,11
FUR-BO-10001471,4,445.103,4,26
FUR-BO-10001476,5,805.0,5,9
FUR-BO-10001483,9,2404.0,9,39
FUR-BO-10001498,10,3193.5389999999998,10,40
FUR-BO-10001501,9,2153.417,9,32
FUR-BO-10001507,1,485.0,1,2
FUR-BO-10001519,5,1118.0,5,22
FUR-BO-10001524,1,166.0,1,5
FUR-BO-10001537,3,1103.0,3,9
FUR-BO-10001541,6,1909.029,6,28
FUR-BO-10001553,4,7.481000000000001,4,20
FUR-BO-10001555,3,1235.0,3,10
FUR-BO-10001558,2,953.0,2,8
FUR-BO-10001567,1,91.0,1,3
FUR-BO-10001580,6,2430.1059999999998,6,31
FUR-BO-10001585,9,2658.0,9,25
FUR-BO-10001596,4,2142.46,4,21
FUR-BO-10001598,6,1917.003,6,24
FUR-BO-10001601,3,935.0,3,10
FUR-BO-10001608,5,1570.0,5,30
FUR-BO-10001619,2,425.0,2,6
FUR-BO-10001621,6,2021.0,6,18
FUR-BO-10001641,5,2139.0,5,15
FUR-BO-10001646,14,4611.565,13,43
FUR-BO-10001668,8,2289.456,8,31
FUR-BO-10001679,4,1171.0,4,11
FUR-BO-10001699,1,77.0,1,2
FUR-BO-10001708,7,3591.0,7,28
FUR-BO-10001714,2,980.0,2,9
FUR-BO-10001721,4,776.0,4,10
FUR-BO-10001739,6,2483.755,6,21
FUR-BO-10001746,1,171.0,1,2
FUR-BO-10001749,7,3101.015,7,27
FUR-BO-10001753,9,3372.0,9,34
FUR-BO-10001779,7,2805.0,7,28
FUR-BO-10001781,8,2578.769,8,30
FUR-BO-10001798,4,1264.0,4,12
FUR-BO-10001811,8,1966.53,8,26
FUR-BO-10001822,5,1018.355,5,20
FUR-BO-10001831,4,2270.0,4,12
FUR-BO-10001834,4,1899.0,4,14
FUR-BO-10001835,1,780.0,1,2
FUR-BO-10001860,5,2457.0,5,20
FUR-BO-10001867,7,1528.0,7,21
FUR-BO-10001872,1,449.0,1,6
FUR-BO-10001873,2,674.0,2,6
FUR-BO-10001874,8,2937.1059999999998,8,29
FUR-BO-10001875,2,368.467,2,5
FUR-BO-10001876,1,814.0,1,6
FUR-BO-10001888,3,768.0,3,5
FUR-BO-10001892,4,1363.217,4,11
FUR-BO-10001918,3,1015.0,3,10
FUR-BO-10001934,14,4555.55,14,52
FUR-BO-10001943,3,705.508,3,12
FUR-BO-10001946,8,3014.0,8,31
FUR-BO-10001966,3,686.0,3,9
FUR-BO-10001967,3,1337.0,3,10
FUR-BO-10001969,4,1546.0,4,19
FUR-BO-10001972,7,1404.337,7,37
FUR-BO-10002000,5,1949.0990000000002,5,18
FUR-BO-10002003,5,1530.314,5,26
FUR-BO-10002008,3,328.0,3,5
FUR-BO-10002031,6,2170.205,6,20
FUR-BO-10002032,4,633.115,4,15
FUR-BO-10002042,1,220.0,1,2
FUR-BO-10002084,5,2943.0,5,17
FUR-BO-10002109,3,909.0,3,13
FUR-BO-10002133,3,950.0,3,8
FUR-BO-10002142,2,933.0,2,5
FUR-BO-10002182,7,4120.0,7,24
FUR-BO-10002202,2,400.0,2,3
FUR-BO-10002204,8,3124.223,8,38
FUR-BO-10002206,1,120.0,1,1
FUR-BO-10002213,10,3512.419,10,42
FUR-BO-10002214,8,2710.0,8,33
FUR-BO-10002235,5,1195.0,5,14
FUR-BO-10002250,4,1376.0,4,12
FUR-BO-10002268,3,755.0,3,16
FUR-BO-10002277,4,2662.0,4,16
FUR-BO-10002285,2,1048.0,2,8
FUR-BO-10002289,2,622.0,2,5
FUR-BO-10002300,10,3598.477,10,40
FUR-BO-10002308,6,2564.962,6,24
FUR-BO-10002309,2,320.0,2,4
FUR-BO-10002318,4,1118.728,4,10
FUR-BO-10002324,4,1771.0,4,19
FUR-BO-10002325,4,2527.0,4,12
FUR-BO-10002334,2,403.0,2,5
FUR-BO-10002346,7,2123.0,7,31
FUR-BO-10002352,7,2300.0,7,27
FUR-BO-10002378,5,1090.0,5,13
FUR-BO-10002383,11,4779.0,11,48
FUR-BO-10002387,3,705.286,3,14
FUR-BO-10002390,7,2782.63,7,17
FUR-BO-10002423,4,1048.0,4,7
FUR-BO-10002444,3,1484.54,3,11
FUR-BO-10002462,4,1515.3049999999998,4,12
FUR-BO-10002471,5,1570.0,5,15
FUR-BO-10002510,12,5490.0,12,38
FUR-BO-10002529,1,2.452,1,7
FUR-BO-10002545,8,3380.163,8,35
FUR-BO-10002574,1,132.0,1,4
FUR-BO-10002580,3,1174.344,3,14
FUR-BO-10002592,1,198.0,1,5
FUR-BO-10002598,5,1321.0,5,19
FUR-BO-10002613,6,2419.767,6,27
FUR-BO-10002632,7,3361.041,6,31
FUR-BO-10002679,8,2886.0,8,36
FUR-BO-10002680,2,833.0,2,6
FUR-BO-10002682,2,998.0,2,7
FUR-BO-10002708,4,732.328,4,18
FUR-BO-10002736,5,2137.175,5,25
FUR-BO-10002738,4,744.0,4,7
FUR-BO-10002740,4,2029.919,4,18
FUR-BO-10002766,7,2809.127,7,28
FUR-BO-10002781,4,1228.218,4,23
FUR-BO-10002782,6,1814.0,6,23
FUR-BO-10002793,2,237.574,2,10
FUR-BO-10002812,6,2253.361,6,23
FUR-BO-10002819,7,2866.0,7,25
FUR-BO-10002824,3,749.0,3,6
FUR-BO-10002852,1,252.0,1,2
FUR-BO-10002853,4,541.0,4,9
FUR-BO-10002866,1,1.582,1,6
FUR-BO-10002889,2,224.117,2,12
FUR-BO-10002892,5,888.668,5,24
FUR-BO-10002906,3,755.0,3,11
FUR-BO-10002916,4,1121.368,4,15
FUR-BO-10002926,2,742.0,2,6
FUR-BO-10002936,5,1389.0,5,12
FUR-BO-10002964,3,1930.0,3,15
FUR-BO-10002968,4,1456.0,4,7
FUR-BO-10002975,5,984.0,5,16
FUR-BO-10002981,8,2387.0,8,27
FUR-BO-10002985,3,1439.0,3,17
FUR-BO-10002990,6,2182.023,6,27
FUR-BO-10002992,6,3141.208,6,21
FUR-BO-10003007,6,2806.0,6,24
FUR-BO-10003022,3,1550.0,3,11
FUR-BO-10003028,6,2168.218,6,24
FUR-BO-10003029,3,247.101,3,9
FUR-BO-10003034,11,3827.0,11,40
FUR-BO-10003043,3,634.0,3,7
FUR-BO-10003046,6,1781.343,6,18
FUR-BO-10003078,2,269.0,2,3
FUR-BO-10003086,3,617.559,3,6
FUR-BO-10003103,12,3026.594,12,40
FUR-BO-10003106,7,1762.174,7,34
FUR-BO-10003112,2,778.0,2,6
FUR-BO-10003126,4,1632.718,4,13
FUR-BO-10003159,12,3631.0,12,43
FUR-BO-10003174,1,182.0,1,4
FUR-BO-10003181,1,89.0,1,1
FUR-BO-10003185,3,1358.0,3,8
FUR-BO-10003199,4,832.214,4,14
FUR-BO-10003206,5,1237.41,5,20
FUR-BO-10003221,6,1824.0,6,21
FUR-BO-10003272,6,2071.352,6,21
FUR-BO-10003282,3,8.078000000000001,3,20
FUR-BO-10003284,4,1156.0,4,12
FUR-BO-10003287,3,1156.0,3,15
FUR-BO-10003291,7,1329.0,7,23
FUR-BO-10003297,8,2365.0,8,28
FUR-BO-10003301,6,2129.377,6,34
FUR-BO-10003320,3,549.461,3,12
FUR-BO-10003323,5,2444.0,5,25
FUR-BO-10003326,5,1030.0,5,12
FUR-BO-10003333,3,1317.0,3,9
FUR-BO-10003383,1,399.0,1,2
FUR-BO-10003384,3,1243.0,3,11
FUR-BO-10003386,1,338.0,1,2
FUR-BO-10003404,2,3.4479999999999995,2,8
FUR-BO-10003408,5,2486.0,5,19
FUR-BO-10003433,3,322.0,3,14
FUR-BO-10003438,11,3768.0,11,52
FUR-BO-10003441,6,1472.0,6,18
FUR-BO-10003450,3,650.0,3,14
FUR-BO-10003463,6,1595.0,6,28
FUR-BO-10003499,8,3164.167,8,25
FUR-BO-10003530,4,1213.0,4,11
FUR-BO-10003541,7,1860.894,7,20
FUR-BO-10003543,5,1967.0,5,17
FUR-BO-10003546,4,1474.0,4,22
FUR-BO-10003549,6,1853.288,6,33
FUR-BO-10003554,5,3081.0,5,23
FUR-BO-10003559,7,2271.0,7,18
FUR-BO-10003563,7,1984.0,7,22
FUR-BO-10003589,1,102.0,1,1
FUR-BO-10003604,2,1256.0,2,10
FUR-BO-10003631,7,1549.0,7,19
FUR-BO-10003647,1,826.0,1,2
FUR-BO-10003660,3,729.0,3,4
FUR-BO-10003661,1,1.362,1,7
FUR-BO-10003668,1,157.0,1,2
FUR-BO-10003688,8,1192.0,8,19
FUR-BO-10003697,5,2910.076,5,21
FUR-BO-10003706,7,1599.482,7,23
FUR-BO-10003713,2,959.0,2,8
FUR-BO-10003734,4,1235.538,4,18
FUR-BO-10003738,5,2738.46,5,12
FUR-BO-10003768,4,1556.0,4,23
FUR-BO-10003779,4,2036.817,4,11
FUR-BO-10003783,5,1695.801,5,20
FUR-BO-10003793,5,1335.2849999999999,5,21
FUR-BO-10003828,6,2114.0,6,16
FUR-BO-10003873,4,1728.831,4,15
FUR-BO-10003878,4,1368.0,4,10
FUR-BO-10003880,1,230.0,1,7
FUR-BO-10003881,7,3784.0,7,20
FUR-BO-10003887,8,3178.022,8,30
FUR-BO-10003893,2,1368.0,2,16
FUR-BO-10003894,3,803.0,3,14
FUR-BO-10003903,5,886.1569999999999,5,16
FUR-BO-10003904,4,862.0,4,10
FUR-BO-10003905,7,3252.0,7,30
FUR-BO-10003913,5,1670.0520000000001,5,20
FUR-BO-10003945,8,3790.0,8,26
FUR-BO-10003965,4,1647.0,4,12
FUR-BO-10003966,4,1428.0,4,10
FUR-BO-10003968,2,781.053,2,5
FUR-BO-10003985,1,1.046,1,4
FUR-BO-10003991,5,1573.447,5,18
FUR-BO-10004015,9,3318.0,9,34
FUR-BO-10004032,1,134.0,1,4
FUR-BO-10004043,3,6.154,3,15
FUR-BO-10004053,7,4489.086,7,18
FUR-BO-10004055,5,2010.0,5,19
FUR-BO-10004075,5,1882.0,5,20
FUR-BO-10004080,4,1839.0,4,20
FUR-BO-10004082,3,930.452,3,9
FUR-BO-10004098,1,397.0,1,6
FUR-BO-10004103,1,291.0,1,3
FUR-BO-10004113,9,5134.041,9,27
FUR-BO-10004119,9,3017.385,9,37
FUR-BO-10004129,2,877.624,2,10
FUR-BO-10004135,2,490.0,2,6
FUR-BO-10004142,7,3798.629,7,25
FUR-BO-10004161,6,2148.0,6,20
FUR-BO-10004162,7,2771.0,7,28
FUR-BO-10004191,4,1525.0,4,11
FUR-BO-10004199,4,2084.0,4,17
FUR-BO-10004218,8,2428.198,8,34
FUR-BO-10004219,3,624.02,3,17
FUR-BO-10004230,5,1628.0,5,14
FUR-BO-10004238,1,66.0,1,2
FUR-BO-10004254,6,747.3520000000001,6,18
FUR-BO-10004312,1,319.0,1,2
FUR-BO-10004316,2,549.0,2,4
FUR-BO-10004327,4,1124.0,4,10
FUR-BO-10004340,8,3234.29,8,28
FUR-BO-10004357,4,1497.4070000000002,4,17
FUR-BO-10004360,2,489.0,2,4
FUR-BO-10004371,1,549.0,1,5
FUR-BO-10004388,4,1527.2649999999999,4,15
FUR-BO-10004399,4,1768.0,4,12
FUR-BO-10004404,4,1484.0,4,13
FUR-BO-10004407,8,3214.0,8,33
FUR-BO-10004408,4,1819.0,4,16
FUR-BO-10004409,6,858.0,6,17
FUR-BO-10004423,6,1593.0,6,23
FUR-BO-10004425,6,2705.821,6,21
FUR-BO-10004430,6,1827.024,6,18
FUR-BO-10004434,1,363.0,1,1
FUR-BO-10004441,4,1743.693,4,17
FUR-BO-10004445,4,2268.0,4,20
FUR-BO-10004452,3,1546.38,3,12
FUR-BO-10004459,6,1621.0,6,18
FUR-BO-10004467,8,1898.0,8,31
FUR-BO-10004472,8,3930.213,8,26
FUR-BO-10004483,2,1236.0,2,8
FUR-BO-10004504,9,3361.0,9,37
FUR-BO-10004507,3,995.0,3,9
FUR-BO-10004508,4,1843.0,4,16
FUR-BO-10004529,9,3998.0,8,26
FUR-BO-10004537,3,1194.0,3,8
FUR-BO-10004541,6,1996.504,6,16
FUR-BO-10004547,9,3271.0,9,28
FUR-BO-10004558,2,312.815,2,9
FUR-BO-10004560,3,1339.217,3,15
FUR-BO-10004565,5,1551.0,5,17
FUR-BO-10004567,8,2039.0,8,20
FUR-BO-10004585,4,2506.0,4,19
FUR-BO-10004620,3,1057.0,3,9
FUR-BO-10004630,3,1649.9270000000001,3,13
FUR-BO-10004633,2,1901.0,2,14
FUR-BO-10004648,3,6.477,3,17
FUR-BO-10004660,3,1279.394,3,9
FUR-BO-10004665,5,1538.555,5,21
FUR-BO-10004670,1,730.0,1,2
FUR-BO-10004679,8,17.433,8,49
FUR-BO-10004681,1,244.0,1,2
FUR-BO-10004690,2,1072.0,2,9
FUR-BO-10004695,7,1993.896,7,31
FUR-BO-10004699,6,2563.0,6,18
FUR-BO-10004704,5,1968.0,5,19
FUR-BO-10004707,6,1969.667,6,32
FUR-BO-10004709,12,2919.898,11,43
FUR-BO-10004725,5,2840.239,5,19
FUR-BO-10004771,8,790.809,8,42
FUR-BO-10004773,4,2127.0,4,14
FUR-BO-10004806,6,1750.779,6,29
FUR-BO-10004821,6,4221.0,6,37
FUR-BO-10004824,5,1114.069,5,17
FUR-BO-10004834,8,172.233,8,41
FUR-BO-10004842,3,1655.028,3,20
FUR-BO-10004844,3,1798.0,3,13
FUR-BO-10004852,7,1452.036,7,35
FUR-BO-10004878,1,171.0,1,2
FUR-BO-10004899,3,1426.0,3,14
FUR-BO-10004911,5,2363.0,5,20
FUR-BO-10004914,9,2665.0,9,21
FUR-BO-10004917,3,487.0,3,4
FUR-BO-10004924,2,2.584,2,10
FUR-BO-10004926,2,305.064,2,9
FUR-BO-10004935,1,133.0,1,4
FUR-BO-10004947,7,2660.218,7,30
FUR-BO-10004980,2,685.0,2,3
FUR-BO-10004999,5,10.372,5,25
FUR-BUS-10000332,4,2040.0,4,8
FUR-BUS-10000984,2,616.0,2,5
FUR-BUS-10001187,2,1483.0,2,6
FUR-BUS-10001243,4,1493.312,4,13
FUR-BUS-10001781,1,2.183,1,6
FUR-BUS-10001876,1,43.0,1,1
FUR-BUS-10002040,9,2167.934,9,20
FUR-BUS-10002138,3,882.0,3,7
FUR-BUS-10002192,1,143.0,1,1
FUR-BUS-10002639,8,2201.0,8,33
FUR-BUS-10002989,3,2475.0,3,6
FUR-BUS-10003055,5,1349.0,4,15
FUR-BUS-10003368,2,799.0,2,6
FUR-BUS-10003708,2,197.0,2,3
FUR-BUS-10003724,1,741.0,1,6
FUR-BUS-10004121,3,278.0,3,4
FUR-BUS-10004336,3,471.0,3,5
FUR-BUS-10004475,3,565.0,3,4
FUR-BUS-10004622,2,250.0,2,2
FUR-BUS-10004644,1,731.0,1,2
FUR-BUS-10004820,6,1786.661,6,9
FUR-BUS-10004854,7,2210.0,7,17
FUR-BUS-10004882,3,649.0,3,5
FUR-CH-10000005,1,564.0,1,2
FUR-CH-10000013,2,513.0,2,9
FUR-CH-10000015,6,2645.942,6,36
FUR-CH-10000025,10,3971.0,10,33
FUR-CH-10000026,15,5350.0,15,47
FUR-CH-10000027,12,3102.245,12,50
FUR-CH-10000042,1,355.0,1,2
FUR-CH-10000051,2,3.979,2,10
FUR-CH-10000068,5,1288.0,5,21
FUR-CH-10000089,1,137.0,1,4
FUR-CH-10000105,16,2676.0,16,83
FUR-CH-10000110,7,1104.0,7,29
FUR-CH-10000117,6,1626.0,6,22
FUR-CH-10000133,3,1251.0,3,16
FUR-CH-10000136,1,53.0,1,2
FUR-CH-10000155,6,3528.0,6,14
FUR-CH-10000171,4,589.0,4,12
FUR-CH-10000182,1,77.0,1,5
FUR-CH-10000187,10,1614.0,10,34
FUR-CH-10000213,2,1326.0,2,9
FUR-CH-10000214,5,762.0,5,14
FUR-CH-10000225,7,1758.0,7,25
FUR-CH-10000229,4,2032.0,4,10
FUR-CH-10000233,7,535.0,7,18
FUR-CH-10000258,9,2671.0,9,33
FUR-CH-10000265,8,1631.0,8,37
FUR-CH-10000294,6,2959.218,6,24
FUR-CH-10000302,9,1680.0,9,24
FUR-CH-10000309,5,1778.31,5,17
FUR-CH-10000326,5,1980.0,5,27
FUR-CH-10000333,3,1043.0,3,8
FUR-CH-10000336,5,695.0,5,22
FUR-CH-10000343,6,2805.219,6,16
FUR-CH-10000351,13,2558.0,13,47
FUR-CH-10000373,1,167.0,1,2
FUR-CH-10000391,8,1218.0,8,29
FUR-CH-10000399,4,1030.327,4,16
FUR-CH-10000414,7,633.0,7,23
FUR-CH-10000422,9,2647.0,9,34
FUR-CH-10000423,4,861.0,4,16
FUR-CH-10000430,13,5321.058,13,58
FUR-CH-10000432,12,5078.096,12,39
FUR-CH-10000438,1,141.0,1,4
FUR-CH-10000454,12,5836.8060000000005,12,51
FUR-CH-10000470,1,552.0,1,2
FUR-CH-10000479,3,850.968,3,9
FUR-CH-10000488,4,649.0,4,11
FUR-CH-10000513,9,2952.8199999999997,9,42
FUR-CH-10000527,1,3.72,1,8
FUR-CH-10000528,5,1208.0,5,25
FUR-CH-10000546,3,718.952,3,14
FUR-CH-10000553,5,687.0,5,23
FUR-CH-10000568,1,68.0,1,2
FUR-CH-10000583,3,1201.2,3,16
FUR-CH-10000595,8,3767.931,8,27
FUR-CH-10000602,8,686.888,8,36
FUR-CH-10000603,5,627.0,5,15
FUR-CH-10000604,1,115.0,1,3
FUR-CH-10000608,6,1306.0,6,25
FUR-CH-10000656,5,1816.0,5,19
FUR-CH-10000660,7,2073.248,7,27
FUR-CH-10000663,2,831.0,2,11
FUR-CH-10000665,9,3955.0,9,32
FUR-CH-10000666,1,69.0,1,2
FUR-CH-10000667,4,421.0,4,11
FUR-CH-10000677,5,586.0,5,15
FUR-CH-10000685,3,826.52,3,10
FUR-CH-10000689,1,36.0,1,1
FUR-CH-10000690,2,165.0,2,7
FUR-CH-10000694,6,1101.0,6,16
FUR-CH-10000727,2,313.0,2,5
FUR-CH-10000745,6,1584.0,6,30
FUR-CH-10000749,2,580.629,2,13
FUR-CH-10000774,1,274.0,1,2
FUR-CH-10000777,8,4273.702,8,26
FUR-CH-10000783,3,850.23,3,11
FUR-CH-10000785,11,4996.013,11,39
FUR-CH-10000788,10,2181.0,10,29
FUR-CH-10000790,1,116.0,1,2
FUR-CH-10000807,4,1917.0,4,16
FUR-CH-10000825,11,1645.0,11,31
FUR-CH-10000836,7,2499.0,7,22
FUR-CH-10000843,9,2845.967,9,21
FUR-CH-10000847,6,3172.455,5,18
FUR-CH-10000848,1,835.0,1,2
FUR-CH-10000852,10,1069.0,10,36
FUR-CH-10000857,2,1562.0,2,12
FUR-CH-10000863,8,2914.0,8,25
FUR-CH-10000885,10,5641.248,10,36
FUR-CH-10000891,8,2849.589,8,45
FUR-CH-10000892,6,2711.906,5,32
FUR-CH-10000920,1,243.0,1,2
FUR-CH-10000932,5,8.184999999999999,5,28
FUR-CH-10000953,8,3861.0,8,40
FUR-CH-10000966,6,1516.0,6,23
FUR-CH-10000969,4,1976.103,4,8
FUR-CH-10000974,7,2714.678,7,24
FUR-CH-10000981,1,750.0,1,5
FUR-CH-10000988,10,2874.422,10,44
FUR-CH-10000994,12,4840.013,12,47
FUR-CH-10000996,6,1322.0,6,24
FUR-CH-10001021,1,282.0,1,3
FUR-CH-10001037,3,804.0,3,14
FUR-CH-10001039,5,2064.0,5,20
FUR-CH-10001043,2,259.0,2,9
FUR-CH-10001044,7,1298.0,7,23
FUR-CH-10001051,5,973.0,5,21
FUR-CH-10001114,8,1095.0,8,32
FUR-CH-10001130,10,3770.0,10,35
FUR-CH-10001138,6,2266.0,6,16
FUR-CH-10001146,15,2441.0,14,51
FUR-CH-10001147,8,4288.0,8,30
FUR-CH-10001150,4,1140.0,4,15
FUR-CH-10001153,5,961.0,5,19
FUR-CH-10001187,1,352.0,1,6
FUR-CH-10001190,3,1088.0,3,10
FUR-CH-10001191,2,179.0,2,7
FUR-CH-10001203,8,2333.0,8,32
FUR-CH-10001204,6,976.0,6,12
FUR-CH-10001207,5,351.978,5,18
FUR-CH-10001215,9,3116.869,9,32
FUR-CH-10001220,1,178.0,1,4
FUR-CH-10001237,5,1886.306,5,22
FUR-CH-10001262,10,764.145,10,34
FUR-CH-10001270,13,4670.0,13,65
FUR-CH-10001271,4,1250.43,4,14
FUR-CH-10001278,5,810.0,5,18
FUR-CH-10001282,10,781.0,10,35
FUR-CH-10001313,7,1959.0,7,28
FUR-CH-10001317,1,88.0,1,1
FUR-CH-10001322,6,1068.474,6,18
FUR-CH-10001332,8,1852.5729999999999,8,46
FUR-CH-10001343,6,2540.0,6,26
FUR-CH-10001347,1,111.0,1,5
FUR-CH-10001374,11,1831.0,11,41
FUR-CH-10001382,9,1885.0,9,33
FUR-CH-10001394,7,2951.913,7,21
FUR-CH-10001397,7,1169.0,7,21
FUR-CH-10001414,1,111.0,1,2
FUR-CH-10001415,7,855.92,7,27
FUR-CH-10001423,9,2353.0,9,29
FUR-CH-10001429,4,839.13,4,12
FUR-CH-10001455,11,4069.0,11,40
FUR-CH-10001465,8,3447.0,8,23
FUR-CH-10001477,9,1999.0,9,40
FUR-CH-10001482,7,2200.0,7,20
FUR-CH-10001490,6,2947.375,6,27
FUR-CH-10001492,5,3069.0,5,12
FUR-CH-10001536,2,288.0,2,5
FUR-CH-10001545,6,1687.0,6,18
FUR-CH-10001553,3,876.0,3,20
FUR-CH-10001559,1,1.836,1,4
FUR-CH-10001582,5,987.516,5,22
FUR-CH-10001588,2,3.43,2,14
FUR-CH-10001607,5,1268.0,5,13
FUR-CH-10001616,7,672.0,7,20
FUR-CH-10001634,9,3073.0,9,40
FUR-CH-10001647,11,2721.0,10,31
FUR-CH-10001658,13,1653.0,13,47
FUR-CH-10001663,1,149.0,1,3
FUR-CH-10001664,14,5319.05,14,63
FUR-CH-10001674,8,1891.0,8,30
FUR-CH-10001675,8,1808.0,8,35
FUR-CH-10001684,6,1474.453,6,31
FUR-CH-10001695,7,1679.0,7,25
FUR-CH-10001701,1,15.0,1,1
FUR-CH-10001708,7,1581.411,7,32
FUR-CH-10001714,5,1689.0,5,13
FUR-CH-10001726,6,2760.0,6,36
FUR-CH-10001752,6,1768.0,6,23
FUR-CH-10001756,11,2274.0,10,55
FUR-CH-10001784,9,2721.0,9,55
FUR-CH-10001795,8,1496.0,8,31
FUR-CH-10001797,12,2069.0,12,47
FUR-CH-10001802,8,2336.032,8,36
FUR-CH-10001805,1,272.0,1,4
FUR-CH-10001810,4,778.0,4,19
FUR-CH-10001819,12,1915.0,12,45
FUR-CH-10001831,5,1964.0,5,17
FUR-CH-10001832,7,3063.0,7,29
FUR-CH-10001854,8,3164.616,8,28
FUR-CH-10001871,7,3167.0,7,37
FUR-CH-10001891,6,1420.0,6,17
FUR-CH-10001895,6,766.0,6,14
FUR-CH-10001897,7,2974.911,7,25
FUR-CH-10001913,8,4781.0,8,34
FUR-CH-10001914,7,940.0,7,27
FUR-CH-10001919,1,196.0,1,2
FUR-CH-10001944,3,608.0,3,8
FUR-CH-10001972,4,627.0,4,21
FUR-CH-10001973,7,1775.0,7,21
FUR-CH-10001975,4,1200.0,4,14
FUR-CH-10002002,6,2205.0,6,23
FUR-CH-10002010,8,996.0,8,30
FUR-CH-10002017,5,246.0,5,12
FUR-CH-10002024,8,1001.889,8,39
FUR-CH-10002030,5,1513.0,5,11
FUR-CH-10002033,5,1020.508,5,19
FUR-CH-10002044,2,694.0,2,7
FUR-CH-10002045,3,356.0,3,8
FUR-CH-10002053,2,557.0,2,10
FUR-CH-10002060,4,2666.0,4,20
FUR-CH-10002061,8,2767.624,8,26
FUR-CH-10002073,4,429.004,4,22
FUR-CH-10002084,5,2706.0,5,23
FUR-CH-10002085,10,1726.0,10,27
FUR-CH-10002088,7,1272.0,7,27
FUR-CH-10002090,3,1280.0,3,8
FUR-CH-10002091,9,4632.0,9,27
FUR-CH-10002093,6,2173.0,6,23
FUR-CH-10002116,3,569.0,3,5
FUR-CH-10002117,7,2428.0,7,36
FUR-CH-10002126,4,1562.025,4,15
FUR-CH-10002132,13,3144.0,13,41
FUR-CH-10002152,2,166.0,2,8
FUR-CH-10002188,3,721.0,3,9
FUR-CH-10002203,5,745.567,5,30
FUR-CH-10002207,6,1409.0,6,26
FUR-CH-10002209,7,1247.0,7,25
FUR-CH-10002212,8,2443.0,8,37
FUR-CH-10002213,12,4153.561,12,45
FUR-CH-10002224,9,3768.0,9,31
FUR-CH-10002226,1,84.0,1,4
FUR-CH-10002228,1,240.0,1,4
FUR-CH-10002247,11,1146.991,11,41
FUR-CH-10002250,10,2563.738,10,37
FUR-CH-10002273,1,521.0,1,6
FUR-CH-10002275,1,1.473,1,8
FUR-CH-10002288,5,731.0,5,17
FUR-CH-10002291,11,1435.0,11,56
FUR-CH-10002297,7,744.0,7,26
FUR-CH-10002304,7,902.0,7,44
FUR-CH-10002316,3,641.0,3,12
FUR-CH-10002317,1,207.0,1,1
FUR-CH-10002320,4,263.227,4,22
FUR-CH-10002331,6,2177.411,6,24
FUR-CH-10002335,14,5365.72,14,53
FUR-CH-10002344,4,1635.0,4,13
FUR-CH-10002362,1,54.0,1,2
FUR-CH-10002372,7,1312.0,7,19
FUR-CH-10002373,2,858.0,2,6
FUR-CH-10002374,7,607.0,7,24
FUR-CH-10002378,5,1564.0,5,13
FUR-CH-10002410,4,789.0,4,8
FUR-CH-10002412,10,1401.0,10,39
FUR-CH-10002417,1,470.0,1,6
FUR-CH-10002435,1,550.0,1,2
FUR-CH-10002438,1,369.0,1,3
FUR-CH-10002439,6,1589.0,6,31
FUR-CH-10002468,7,2835.0,7,23
FUR-CH-10002477,4,858.998,4,9
FUR-CH-10002481,1,368.0,1,3
FUR-CH-10002498,6,1183.0,6,16
FUR-CH-10002510,6,2331.0,5,30
FUR-CH-10002542,3,539.0,3,10
FUR-CH-10002543,2,563.0,2,14
FUR-CH-10002547,11,2105.0,11,41
FUR-CH-10002555,9,2873.0,9,40
FUR-CH-10002573,12,3917.509,12,34
FUR-CH-10002574,2,298.0,2,7
FUR-CH-10002585,4,2228.315,4,12
FUR-CH-10002589,3,1199.0,3,14
FUR-CH-10002602,11,3414.208,10,37
FUR-CH-10002610,10,4698.0,10,32
FUR-CH-10002626,10,2202.0,10,30
FUR-CH-10002631,8,1458.0,8,28
FUR-CH-10002647,20,5704.0,19,81
FUR-CH-10002653,13,4186.0,13,53
FUR-CH-10002693,1,49.0,1,1
FUR-CH-10002727,7,641.0,7,24
FUR-CH-10002743,2,411.0,2,8
FUR-CH-10002749,7,1117.0,7,22
FUR-CH-10002752,3,364.0,3,9
FUR-CH-10002758,2,1269.0,2,7
FUR-CH-10002768,6,1211.0,5,12
FUR-CH-10002774,7,764.0,7,19
FUR-CH-10002780,7,918.921,7,35
FUR-CH-10002782,5,1273.512,5,14
FUR-CH-10002793,3,256.0,3,6
FUR-CH-10002816,1,548.0,1,3
FUR-CH-10002817,1,59.0,1,3
FUR-CH-10002819,6,1000.0,6,25
FUR-CH-10002830,7,3100.0,7,24
FUR-CH-10002846,8,1211.0,8,27
FUR-CH-10002872,9,3499.053,9,21
FUR-CH-10002880,14,4330.107,14,54
FUR-CH-10002882,8,1206.0,8,36
FUR-CH-10002890,6,1399.0,6,21
FUR-CH-10002891,4,1462.957,4,21
FUR-CH-10002923,1,274.0,1,2
FUR-CH-10002924,1,68.0,1,3
FUR-CH-10002927,2,652.0,2,7
FUR-CH-10002932,8,2237.0,8,18
FUR-CH-10002938,1,34.0,1,1
FUR-CH-10002940,9,2144.0,9,35
FUR-CH-10002944,8,2654.0,8,32
FUR-CH-10002961,6,1438.0,6,19
FUR-CH-10002965,11,4865.125,10,39
FUR-CH-10002966,11,5300.0,11,34
FUR-CH-10002970,7,2240.0,6,44
FUR-CH-10002974,4,1498.0,4,12
FUR-CH-10002980,2,3.492,2,10
FUR-CH-10002989,3,353.0,3,10
FUR-CH-10002991,5,1517.0,5,19
FUR-CH-10003009,11,2852.173,11,37
FUR-CH-10003026,4,412.0,4,10
FUR-CH-10003033,3,1380.0,3,19
FUR-CH-10003054,2,412.05,2,6
FUR-CH-10003061,8,1449.0,8,19
FUR-CH-10003062,4,551.0,4,16
FUR-CH-10003077,9,948.0,9,35
FUR-CH-10003097,6,2089.038,6,29
FUR-CH-10003107,10,3085.0,10,31
FUR-CH-10003109,12,3417.0,12,42
FUR-CH-10003114,7,2556.0,7,22
FUR-CH-10003123,5,805.0,5,16
FUR-CH-10003143,1,118.0,1,2
FUR-CH-10003155,1,49.0,1,3
FUR-CH-10003168,1,317.0,1,2
FUR-CH-10003180,1,45.0,1,2
FUR-CH-10003195,7,1513.0,6,20
FUR-CH-10003199,6,1842.0,6,20
FUR-CH-10003232,6,435.002,6,29
FUR-CH-10003248,6,757.0,6,25
FUR-CH-10003249,12,4515.0,12,67
FUR-CH-10003282,3,535.0,3,13
FUR-CH-10003298,9,3680.0,9,35
FUR-CH-10003312,7,3153.473,7,26
FUR-CH-10003336,8,1219.0,8,24
FUR-CH-10003341,1,132.0,1,2
FUR-CH-10003353,2,976.0,2,8
FUR-CH-10003354,28,8184.0,28,106
FUR-CH-10003355,5,1146.0,5,18
FUR-CH-10003362,4,848.059,4,13
FUR-CH-10003365,7,2424.837,7,24
FUR-CH-10003379,9,4135.847,9,33
FUR-CH-10003392,12,1885.0,12,37
FUR-CH-10003396,10,1773.0,10,29
FUR-CH-10003419,6,1007.0,6,19
FUR-CH-10003423,7,1515.0,7,20
FUR-CH-10003440,3,630.0,3,7
FUR-CH-10003448,5,553.0,5,17
FUR-CH-10003485,6,1946.0,6,24
FUR-CH-10003499,2,890.0,2,7
FUR-CH-10003508,1,333.0,1,2
FUR-CH-10003512,6,930.0,6,21
FUR-CH-10003514,10,2965.0,9,35
FUR-CH-10003535,8,1396.0,8,28
FUR-CH-10003540,6,1298.0,6,29
FUR-CH-10003551,9,3314.5389999999998,9,49
FUR-CH-10003558,1,580.0,1,6
FUR-CH-10003559,6,550.0,6,15
FUR-CH-10003580,10,1790.0,10,33
FUR-CH-10003581,8,2262.73,8,22
FUR-CH-10003597,4,682.147,4,14
FUR-CH-10003606,3,706.0,3,6
FUR-CH-10003608,2,347.0,2,8
FUR-CH-10003616,3,4.789,3,13
FUR-CH-10003618,1,162.0,1,2
FUR-CH-10003621,3,428.0,3,13
FUR-CH-10003623,3,512.0,3,10
FUR-CH-10003692,8,3100.042,8,33
FUR-CH-10003696,1,58.0,1,5
FUR-CH-10003697,12,1616.0,11,54
FUR-CH-10003702,1,688.0,1,8
FUR-CH-10003706,11,2857.0,11,69
FUR-CH-10003733,9,2096.0,9,49
FUR-CH-10003746,9,3985.6349999999998,9,30
FUR-CH-10003750,1,662.0,1,5
FUR-CH-10003760,6,1323.0,6,27
FUR-CH-10003761,2,969.0,2,8
FUR-CH-10003771,1,382.0,1,4
FUR-CH-10003772,3,711.0,3,13
FUR-CH-10003774,14,4166.0,14,59
FUR-CH-10003794,3,264.0,3,7
FUR-CH-10003808,1,151.0,1,3
FUR-CH-10003817,10,2205.0,9,43
FUR-CH-10003822,8,2665.0,8,34
FUR-CH-10003833,9,1890.0,9,39
FUR-CH-10003836,8,3286.0,8,29
FUR-CH-10003841,3,971.038,3,14
FUR-CH-10003842,4,986.0,4,15
FUR-CH-10003844,7,1478.0,7,19
FUR-CH-10003846,13,3440.832,13,51
FUR-CH-10003848,5,1005.0319999999999,5,20
FUR-CH-10003853,6,1071.0,6,20
FUR-CH-10003861,8,3204.0,8,29
FUR-CH-10003874,1,133.0,1,9
FUR-CH-10003875,1,705.0,1,4
FUR-CH-10003883,6,2020.0,6,19
FUR-CH-10003894,1,803.0,1,8
FUR-CH-10003910,6,1648.0,6,25
FUR-CH-10003941,11,3407.774,11,42
FUR-CH-10003948,2,220.459,2,10
FUR-CH-10003950,10,1597.871,10,37
FUR-CH-10003956,4,923.0,4,16
FUR-CH-10003965,6,3808.0,6,35
FUR-CH-10003968,6,1341.0,6,22
FUR-CH-10003973,8,3424.651,8,31
FUR-CH-10003981,7,3342.079,7,24
FUR-CH-10003982,8,2921.0,8,33
FUR-CH-10004007,2,458.0,2,6
FUR-CH-10004009,7,2745.0969999999998,7,29
FUR-CH-10004010,11,864.0,11,29
FUR-CH-10004011,5,1837.142,5,16
FUR-CH-10004026,1,330.0,1,4
FUR-CH-10004040,2,508.0,2,6
FUR-CH-10004047,4,1923.0,4,16
FUR-CH-10004049,6,758.0,6,17
FUR-CH-10004050,2,912.822,2,6
FUR-CH-10004054,9,2198.24,9,50
FUR-CH-10004062,2,420.0,2,11
FUR-CH-10004063,8,4095.576,8,35
FUR-CH-10004065,4,1093.0,4,23
FUR-CH-10004082,7,2649.0,7,43
FUR-CH-10004086,8,2922.514,8,34
FUR-CH-10004089,6,1058.0,6,18
FUR-CH-10004095,16,6901.227,15,66
FUR-CH-10004101,5,1943.0,5,13
FUR-CH-10004151,2,209.0,2,8
FUR-CH-10004163,5,1168.0,5,14
FUR-CH-10004194,11,2105.0,11,42
FUR-CH-10004196,9,3866.467,9,42
FUR-CH-10004199,2,1114.0,2,4
FUR-CH-10004218,9,3151.0,9,35
FUR-CH-10004219,6,644.0,6,21
FUR-CH-10004242,8,1240.0,8,24
FUR-CH-10004255,5,837.506,5,17
FUR-CH-10004277,6,1435.0,6,17
FUR-CH-10004287,13,5945.635,13,53
FUR-CH-10004289,7,2390.0,7,30
FUR-CH-10004306,6,824.0,6,22
FUR-CH-10004309,1,397.0,1,5
FUR-CH-10004312,14,2179.0,14,56
FUR-CH-10004331,9,3235.0,9,28
FUR-CH-10004338,6,559.0,6,21
FUR-CH-10004339,11,2877.0,11,38
FUR-CH-10004355,2,493.0,2,5
FUR-CH-10004365,4,1096.0,4,9
FUR-CH-10004387,12,1991.0,11,49
FUR-CH-10004441,1,188.0,1,4
FUR-CH-10004447,5,1258.613,5,23
FUR-CH-10004448,1,69.0,1,2
FUR-CH-10004455,1,1.441,1,8
FUR-CH-10004462,2,828.839,2,7
FUR-CH-10004467,8,912.0,8,23
FUR-CH-10004477,9,2186.0,9,44
FUR-CH-10004478,12,1794.0,12,36
FUR-CH-10004491,5,1828.0,5,12
FUR-CH-10004495,8,3133.281,8,26
FUR-CH-10004506,5,1401.0,5,19
FUR-CH-10004536,3,371.0,3,13
FUR-CH-10004540,6,816.0,6,32
FUR-CH-10004547,7,693.0,7,22
FUR-CH-10004572,12,5613.0,12,35
FUR-CH-10004576,4,756.0,4,18
FUR-CH-10004580,8,1282.0,8,27
FUR-CH-10004584,6,2153.0,6,27
FUR-CH-10004592,4,1410.076,4,22
FUR-CH-10004600,8,3286.0,8,53
FUR-CH-10004606,6,2155.0,6,23
FUR-CH-10004609,4,1004.0,4,10
FUR-CH-10004626,6,1948.0,6,20
FUR-CH-10004642,1,45.0,1,2
FUR-CH-10004652,5,278.0,5,16
FUR-CH-10004669,10,6475.527,10,30
FUR-CH-10004675,7,3685.527,7,27
FUR-CH-10004676,7,2147.122,7,27
FUR-CH-10004685,2,620.0,2,4
FUR-CH-10004694,10,4489.0,10,35
FUR-CH-10004698,8,1830.0,8,30
FUR-CH-10004705,2,1828.0,2,4
FUR-CH-10004725,12,1776.0,12,58
FUR-CH-10004736,6,427.0,6,17
FUR-CH-10004746,6,4774.0,6,17
FUR-CH-10004751,4,633.0,4,12
FUR-CH-10004754,7,804.0,7,31
FUR-CH-10004755,10,3466.535,10,53
FUR-CH-10004774,10,3092.8160000000003,10,44
FUR-CH-10004783,5,413.0,5,13
FUR-CH-10004790,5,758.0,5,19
FUR-CH-10004792,3,1652.0,3,10
FUR-CH-10004795,4,1680.0,4,17
FUR-CH-10004801,3,399.0,3,26
FUR-CH-10004810,6,2201.0,6,14
FUR-CH-10004826,5,1048.0,5,13
FUR-CH-10004827,6,643.0,6,23
FUR-CH-10004844,7,1669.0,7,19
FUR-CH-10004853,6,1903.057,6,23
FUR-CH-10004860,8,1748.0,8,21
FUR-CH-10004863,7,3534.0,7,27
FUR-CH-10004875,8,1501.0,8,24
FUR-CH-10004886,6,1774.0,6,24
FUR-CH-10004899,5,1155.0,5,18
FUR-CH-10004910,1,2.959,1,7
FUR-CH-10004913,5,3136.0,5,24
FUR-CH-10004920,9,1151.0,9,28
FUR-CH-10004943,3,377.0,2,10
FUR-CH-10004969,4,410.0,4,10
FUR-CH-10004983,5,1580.608,5,31
FUR-CH-10004992,1,36.0,1,3
FUR-CH-10004993,13,4599.075,13,59
FUR-CH-10004997,10,5227.523,10,43
FUR-CHR-10000585,1,269.0,1,1
FUR-CHR-10000888,1,178.0,1,1
FUR-CHR-10001018,2,930.859,2,6
FUR-CHR-10001570,2,1740.0,2,2
FUR-CHR-10001784,1,534.0,1,2
FUR-CHR-10002165,1,3.878,1,8
FUR-CHR-10002278,2,3.003,2,12
FUR-CHR-10002686,2,447.782,2,5
FUR-CHR-10003806,2,350.745,2,3
FUR-CHR-10004803,1,968.0,1,2
FUR-DAN-10000597,3,813.0,3,6
FUR-DAN-10001340,4,698.0,4,8
FUR-DAN-10001462,3,652.0,3,6
FUR-DAN-10001557,1,171.0,1,1
FUR-DAN-10001584,3,1240.0,3,10
FUR-DAN-10001622,2,728.0,2,2
FUR-DAN-10001875,2,338.0,2,2
FUR-DAN-10001993,4,662.0,4,6
FUR-DAN-10002017,2,740.0,2,3
FUR-DAN-10002028,6,2562.0,6,8
FUR-DAN-10002167,2,949.0,2,5
FUR-DAN-10002314,4,1452.0,4,12
FUR-DAN-10002348,1,824.0,1,2
FUR-DAN-10002631,4,629.0,4,7
FUR-DAN-10002741,1,494.0,1,4
FUR-DAN-10002846,4,1031.0,4,8
FUR-DAN-10002967,4,776.127,4,19
FUR-DAN-10003011,5,984.0,5,10
FUR-DAN-10003065,7,3115.0,7,10
FUR-DAN-10003334,3,763.0,3,9
FUR-DAN-10004510,2,580.447,2,8
FUR-DAN-10004625,3,803.0,3,9
FUR-DAN-10004745,5,952.0,5,9
FUR-DAN-10004940,5,1681.0,5,6
FUR-DEF-10000065,6,588.0,6,9
FUR-DEF-10000346,5,1354.0,5,13
FUR-DEF-10000349,6,212.0,6,14
FUR-DEF-10000384,6,370.0,6,9
FUR-DEF-10000495,4,794.0,4,17
FUR-DEF-10000572,2,208.0,2,4
FUR-DEF-10000622,7,213.0,7,14
FUR-DEF-10000639,4,198.0,4,5
FUR-DEF-10000720,2,132.0,2,3
FUR-DEF-10000810,4,228.0,4,9
FUR-DEF-10001359,10,1348.0,10,16
FUR-DEF-10001477,2,39.0,2,3
FUR-DEF-10001763,2,205.0,2,5
FUR-DEF-10002774,9,539.0,9,16
FUR-DEF-10002814,3,96.0,3,4
FUR-DEF-10002865,9,466.0,9,29
FUR-DEF-10003140,3,101.0,3,6
FUR-DEF-10003315,5,505.0,5,11
FUR-DEF-10003551,3,506.0,3,10
FUR-DEF-10003676,4,62.0,4,4
FUR-DEF-10004141,4,333.0,4,8
FUR-DEF-10004355,4,655.0,4,13
FUR-DEF-10004555,1,220.0,1,2
FUR-DEF-10004936,3,64.0,3,4
FUR-ELD-10000038,4,307.0,4,9
FUR-ELD-10000301,4,861.0,4,8
FUR-ELD-10000335,4,268.0,4,10
FUR-ELD-10000605,3,77.0,3,3
FUR-ELD-10000857,6,664.0,6,17
FUR-ELD-10000963,3,428.0,3,15
FUR-ELD-10001163,1,919.0,1,8
FUR-ELD-10001413,5,138.0,5,11
FUR-ELD-10002511,4,302.0,4,8
FUR-ELD-10003131,3,679.0,3,6
FUR-ELD-10003179,5,330.0,5,6
FUR-ELD-10003479,4,856.0,4,16
FUR-ELD-10003695,5,167.0,5,9
FUR-ELD-10003802,8,772.0,8,20
FUR-ELD-10003828,5,191.0,5,11
FUR-ELD-10003843,2,81.0,2,2
FUR-ELD-10004384,3,1139.0,3,17
FUR-ELD-10004515,2,251.0,2,5
FUR-ELD-10004559,2,72.0,2,3
FUR-ELD-10004727,2,202.0,2,7
FUR-ELD-10004973,2,260.0,2,6
FUR-ELD-10004994,4,194.0,4,4
FUR-FU-10000010,10,177.0,10,36
FUR-FU-10000012,4,182.0,4,13
FUR-FU-10000018,1,66.0,1,2
FUR-FU-10000023,9,238.0,9,45
FUR-FU-10000039,5,260.0,5,14
FUR-FU-10000060,6,187.0,6,20
FUR-FU-10000065,4,1465.0,4,27
FUR-FU-10000067,1,249.0,1,8
FUR-FU-10000069,5,580.0,5,17
FUR-FU-10000072,3,149.0,3,14
FUR-FU-10000073,3,125.0,3,17
FUR-FU-10000076,6,488.0,6,27
FUR-FU-10000087,6,310.0,6,16
FUR-FU-10000110,8,657.0,8,37
FUR-FU-10000135,5,970.0,5,21
FUR-FU-10000140,5,791.0,5,30
FUR-FU-10000142,4,178.0,4,11
FUR-FU-10000159,7,1610.0,7,28
FUR-FU-10000163,1,110.0,1,1
FUR-FU-10000175,4,159.0,4,16
FUR-FU-10000188,3,770.0,3,7
FUR-FU-10000193,6,468.0,6,20
FUR-FU-10000204,1,126.0,1,3
FUR-FU-10000206,7,46.0,7,20
FUR-FU-10000221,9,175.0,9,38
FUR-FU-10000222,5,442.0,5,19
FUR-FU-10000225,3,585.0,3,12
FUR-FU-10000242,6,1155.0,6,20
FUR-FU-10000246,5,243.0,5,22
FUR-FU-10000251,2,206.0,2,7
FUR-FU-10000256,2,337.0,2,7
FUR-FU-10000260,4,124.0,4,19
FUR-FU-10000267,3,528.0,3,12
FUR-FU-10000277,5,1686.0,5,18
FUR-FU-10000287,1,63.0,1,2
FUR-FU-10000293,4,1431.0,4,14
FUR-FU-10000295,8,495.0,8,34
FUR-FU-10000298,4,698.0,4,15
FUR-FU-10000305,3,469.0,3,7
FUR-FU-10000306,4,599.0,4,13
FUR-FU-10000308,7,1579.0,7,26
FUR-FU-10000320,6,82.0,6,30
FUR-FU-10000339,5,2101.0,5,22
FUR-FU-10000342,3,55.0,3,8
FUR-FU-10000350,8,239.0,8,27
FUR-FU-10000361,5,533.0,5,15
FUR-FU-10000366,1,328.0,1,8
FUR-FU-10000368,7,3575.0,7,34
FUR-FU-10000388,4,356.0,4,9
FUR-FU-10000394,9,1602.0,9,36
FUR-FU-10000397,5,340.0,5,17
FUR-FU-10000409,3,99.0,3,7
FUR-FU-10000422,5,880.0,5,18
FUR-FU-10000432,4,701.0,4,13
FUR-FU-10000444,2,80.0,2,4
FUR-FU-10000448,4,176.0,4,11
FUR-FU-10000468,7,2682.0,7,26
FUR-FU-10000481,3,158.0,3,7
FUR-FU-10000482,5,701.0,5,14
FUR-FU-10000483,1,101.0,1,8
FUR-FU-10000488,7,318.0,7,32
FUR-FU-10000490,3,159.0,3,12
FUR-FU-10000496,7,1288.0,7,26
FUR-FU-10000499,4,139.0,4,13
FUR-FU-10000502,4,452.0,4,20
FUR-FU-10000507,1,31.0,1,1
FUR-FU-10000514,3,237.0,3,6
FUR-FU-10000516,3,344.0,3,15
FUR-FU-10000521,4,358.0,4,13
FUR-FU-10000526,4,1424.0,4,14
FUR-FU-10000541,4,1518.0,4,17
FUR-FU-10000546,1,26.0,1,2
FUR-FU-10000548,3,143.0,3,6
FUR-FU-10000550,6,73.0,6,19
FUR-FU-10000556,6,358.0,6,26
FUR-FU-10000567,5,368.0,5,22
FUR-FU-10000576,5,759.105,5,23
FUR-FU-10000585,6,151.0,6,16
FUR-FU-10000605,4,185.0,4,10
FUR-FU-10000606,3,575.0,3,13
FUR-FU-10000612,2,484.0,2,5
FUR-FU-10000620,7,926.0,7,18
FUR-FU-10000628,7,374.0,6,23
FUR-FU-10000629,8,455.0,8,34
FUR-FU-10000640,1,15.0,1,3
FUR-FU-10000641,4,465.0,4,17
FUR-FU-10000647,4,302.0,4,9
FUR-FU-10000657,1,100.0,1,2
FUR-FU-10000666,8,1947.0,8,21
FUR-FU-10000668,2,1284.0,2,12
FUR-FU-10000669,2,70.0,2,3
FUR-FU-10000672,5,259.0,5,22
FUR-FU-10000674,1,302.0,1,9
FUR-FU-10000686,5,564.0,5,22
FUR-FU-10000702,1,220.0,1,2
FUR-FU-10000705,7,2148.0,7,37
FUR-FU-10000714,7,464.0,7,28
FUR-FU-10000718,5,412.0,5,20
FUR-FU-10000719,4,146.0,4,17
FUR-FU-10000723,9,1115.0,9,33
FUR-FU-10000729,1,375.0,1,7
FUR-FU-10000732,7,134.0,7,22
FUR-FU-10000735,7,1831.0,7,18
FUR-FU-10000743,5,1662.0,5,32
FUR-FU-10000747,7,1003.0,7,23
FUR-FU-10000755,2,94.0,2,15
FUR-FU-10000758,5,513.0,5,23
FUR-FU-10000762,4,253.0,4,14
FUR-FU-10000771,4,138.0,4,22
FUR-FU-10000776,5,556.0,5,22
FUR-FU-10000783,6,348.0,6,25
FUR-FU-10000790,6,124.0,6,16
FUR-FU-10000794,5,154.0,5,17
FUR-FU-10000813,2,65.0,2,4
FUR-FU-10000815,7,1259.0,7,29
FUR-FU-10000816,2,137.0,2,3
FUR-FU-10000820,4,147.0,4,10
FUR-FU-10000850,9,735.0,8,28
FUR-FU-10000885,4,148.0,4,10
FUR-FU-10000889,4,488.0,4,10
FUR-FU-10000905,3,585.0,3,12
FUR-FU-10000907,5,685.0,5,13
FUR-FU-10000913,3,543.0,3,18
FUR-FU-10000918,4,741.0,4,16
FUR-FU-10000921,9,1170.0,9,28
FUR-FU-10000936,4,214.0,4,7
FUR-FU-10000944,6,945.0,6,28
FUR-FU-10000946,5,944.0,5,40
FUR-FU-10000950,4,615.0,4,15
FUR-FU-10000955,2,121.0,2,7
FUR-FU-10000965,6,1185.0,6,24
FUR-FU-10000972,4,1025.0,4,21
FUR-FU-10000975,5,285.0,5,10
FUR-FU-10000980,1,127.0,1,4
FUR-FU-10001008,6,177.0,6,23
FUR-FU-10001015,1,76.0,1,4
FUR-FU-10001025,3,53.0,3,17
FUR-FU-10001037,7,169.0,7,23
FUR-FU-10001045,4,370.0,4,8
FUR-FU-10001057,4,300.0,3,17
FUR-FU-10001063,4,206.0,4,13
FUR-FU-10001078,3,450.0,3,10
FUR-FU-10001085,4,216.0,4,14
FUR-FU-10001086,8,2455.0,8,26
FUR-FU-10001090,4,245.0,4,12
FUR-FU-10001091,1,204.0,1,6
FUR-FU-10001095,8,455.0,8,24
FUR-FU-10001096,5,903.0,5,20
FUR-FU-10001098,1,88.0,1,2
FUR-FU-10001126,5,320.0,5,15
FUR-FU-10001129,8,799.0,8,37
FUR-FU-10001130,5,377.0,5,22
FUR-FU-10001132,2,869.0,2,8
FUR-FU-10001135,5,408.0,5,17
FUR-FU-10001142,8,838.0,8,31
FUR-FU-10001144,1,403.0,1,8
FUR-FU-10001161,7,604.0,7,21
FUR-FU-10001169,4,622.0,4,13
FUR-FU-10001175,8,622.0,8,29
FUR-FU-10001185,5,823.0,5,28
FUR-FU-10001194,2,76.0,2,4
FUR-FU-10001196,5,125.0,5,26
FUR-FU-10001200,6,1604.0,6,33
FUR-FU-10001215,4,681.0,4,17
FUR-FU-10001246,5,2016.0,5,21
FUR-FU-10001252,6,1350.0,6,16
FUR-FU-10001254,1,46.0,1,4
FUR-FU-10001255,5,196.0,5,20
FUR-FU-10001260,2,210.0,2,12
FUR-FU-10001290,4,866.0,4,21
FUR-FU-10001317,5,325.0,5,11
FUR-FU-10001322,1,170.0,1,6
FUR-FU-10001324,2,64.0,2,4
FUR-FU-10001343,4,477.0,4,20
FUR-FU-10001351,6,1418.0,6,28
FUR-FU-10001366,7,901.0,7,20
FUR-FU-10001371,7,341.0,7,29
FUR-FU-10001379,2,59.0,2,4
FUR-FU-10001393,1,24.0,1,1
FUR-FU-10001410,11,2657.0,11,52
FUR-FU-10001424,9,679.0,9,27
FUR-FU-10001436,6,1018.0,6,21
FUR-FU-10001438,9,4939.0,9,49
FUR-FU-10001447,5,847.0,5,31
FUR-FU-10001452,5,625.0,5,16
FUR-FU-10001468,6,2121.197,6,25
FUR-FU-10001471,8,1431.0,8,33
FUR-FU-10001473,14,837.0,14,57
FUR-FU-10001475,5,335.0,5,21
FUR-FU-10001477,15,4636.0,15,71
FUR-FU-10001480,5,576.0,5,21
FUR-FU-10001487,5,161.0,5,23
FUR-FU-10001488,7,2268.0,7,25
FUR-FU-10001495,4,519.0,4,11
FUR-FU-10001507,6,321.0,6,20
FUR-FU-10001541,1,124.0,1,4
FUR-FU-10001546,7,110.0,7,15
FUR-FU-10001557,6,1171.0,6,27
FUR-FU-10001583,6,301.0,6,37
FUR-FU-10001588,4,438.0,4,18
FUR-FU-10001591,6,272.0,6,23
FUR-FU-10001601,2,260.0,2,4
FUR-FU-10001602,6,546.0,6,17
FUR-FU-10001617,4,269.0,4,10
FUR-FU-10001619,3,440.0,3,10
FUR-FU-10001640,5,764.0,5,17
FUR-FU-10001657,3,847.0,3,21
FUR-FU-10001667,1,20.0,1,3
FUR-FU-10001674,5,1364.0,5,31
FUR-FU-10001691,4,883.0,4,17
FUR-FU-10001692,8,1084.0,8,30
FUR-FU-10001706,10,114.0,10,44
FUR-FU-10001711,7,1209.0,7,23
FUR-FU-10001717,4,349.0,4,19
FUR-FU-10001718,5,864.0,5,20
FUR-FU-10001731,8,94.0,8,37
FUR-FU-10001746,3,488.0,3,20
FUR-FU-10001756,6,263.0,6,20
FUR-FU-10001760,4,125.0,4,7
FUR-FU-10001764,1,121.0,1,9
FUR-FU-10001765,7,653.0,7,26
FUR-FU-10001770,9,1203.0,8,29
FUR-FU-10001774,1,283.0,1,6
FUR-FU-10001775,3,305.0,3,13
FUR-FU-10001791,3,284.0,3,16
FUR-FU-10001843,1,84.0,1,2
FUR-FU-10001847,5,47.0,5,12
FUR-FU-10001852,5,33.0,5,21
FUR-FU-10001861,6,436.0,6,24
FUR-FU-10001867,3,121.0,3,13
FUR-FU-10001876,7,636.0,7,22
FUR-FU-10001889,6,266.0,6,27
FUR-FU-10001890,3,375.0,3,9
FUR-FU-10001893,1,98.0,1,2
FUR-FU-10001902,1,61.0,1,4
FUR-FU-10001915,2,305.0,2,13
FUR-FU-10001918,8,136.0,8,31
FUR-FU-10001933,9,583.0,9,27
FUR-FU-10001934,5,252.0,5,12
FUR-FU-10001935,9,158.0,9,35
FUR-FU-10001940,10,220.0,10,38
FUR-FU-10001942,5,2403.0,5,22
FUR-FU-10001950,5,1280.0,5,27
FUR-FU-10001967,6,144.0,6,10
FUR-FU-10001977,1,217.0,1,2
FUR-FU-10001979,6,1115.0,6,28
FUR-FU-10001986,4,581.0,4,14
FUR-FU-10002004,4,245.0,4,15
FUR-FU-10002007,6,252.0,6,15
FUR-FU-10002017,6,1053.0,6,24
FUR-FU-10002019,5,538.0,5,12
FUR-FU-10002030,2,97.0,2,8
FUR-FU-10002045,4,377.0,4,17
FUR-FU-10002055,1,95.0,1,5
FUR-FU-10002069,2,190.0,2,5
FUR-FU-10002088,7,170.0,7,22
FUR-FU-10002094,4,444.0,4,10
FUR-FU-10002104,4,402.0,4,15
FUR-FU-10002107,4,37.0,4,19
FUR-FU-10002111,3,60.0,3,10
FUR-FU-10002116,5,764.0,5,15
FUR-FU-10002122,2,279.0,2,5
FUR-FU-10002157,3,157.0,3,10
FUR-FU-10002168,4,278.0,4,8
FUR-FU-10002170,2,292.0,2,10
FUR-FU-10002185,1,110.0,1,2
FUR-FU-10002191,5,63.0,5,11
FUR-FU-10002210,6,1132.0,6,24
FUR-FU-10002223,4,464.0,4,19
FUR-FU-10002240,2,20.0,2,8
FUR-FU-10002246,1,643.0,1,8
FUR-FU-10002250,3,543.0,3,12
FUR-FU-10002253,7,1049.0,7,27
FUR-FU-10002268,7,150.0,7,34
FUR-FU-10002292,5,751.0,5,20
FUR-FU-10002298,5,2064.0,5,24
FUR-FU-10002304,1,249.0,1,6
FUR-FU-10002305,4,432.0,4,13
FUR-FU-10002335,7,358.0,7,26
FUR-FU-10002362,6,772.0,6,23
FUR-FU-10002364,12,184.0,12,33
FUR-FU-10002379,2,331.0,2,8
FUR-FU-10002387,8,790.0,8,32
FUR-FU-10002396,5,170.0,5,18
FUR-FU-10002407,1,46.0,1,4
FUR-FU-10002412,3,308.0,3,14
FUR-FU-10002422,8,1129.0,8,34
FUR-FU-10002445,8,214.0,8,25
FUR-FU-10002456,7,155.0,7,27
FUR-FU-10002459,7,839.0,7,21
FUR-FU-10002485,4,332.0,4,10
FUR-FU-10002486,3,355.0,3,13
FUR-FU-10002501,6,409.0,6,39
FUR-FU-10002502,4,240.0,4,16
FUR-FU-10002505,4,36.0,4,18
FUR-FU-10002506,3,94.0,3,8
FUR-FU-10002508,2,45.0,2,6
FUR-FU-10002521,5,328.0,5,16
FUR-FU-10002525,7,1419.0,7,38
FUR-FU-10002539,6,1515.0,6,31
FUR-FU-10002546,1,32.0,1,2
FUR-FU-10002549,3,473.0,3,10
FUR-FU-10002553,2,117.0,2,5
FUR-FU-10002554,4,168.0,4,7
FUR-FU-10002557,5,425.0,5,22
FUR-FU-10002597,7,138.0,7,28
FUR-FU-10002598,4,587.0,4,15
FUR-FU-10002614,1,132.0,1,3
FUR-FU-10002630,3,241.0,3,9
FUR-FU-10002637,4,119.0,4,11
FUR-FU-10002648,6,416.0,6,18
FUR-FU-10002655,5,774.0,5,22
FUR-FU-10002659,11,1947.0,11,42
FUR-FU-10002665,7,450.0,7,27
FUR-FU-10002671,5,168.0,5,13
FUR-FU-10002685,2,56.0,2,3
FUR-FU-10002696,9,2705.0,9,39
FUR-FU-10002698,4,280.0,4,16
FUR-FU-10002699,7,842.0,7,20
FUR-FU-10002703,2,181.0,2,4
FUR-FU-10002709,2,240.0,2,6
FUR-FU-10002722,2,283.0,2,6
FUR-FU-10002751,5,434.0,5,15
FUR-FU-10002759,8,552.0,8,36
FUR-FU-10002784,1,42.0,1,3
FUR-FU-10002800,5,303.0,5,12
FUR-FU-10002803,6,520.0,6,25
FUR-FU-10002804,1,123.0,1,4
FUR-FU-10002813,5,291.0,5,15
FUR-FU-10002818,8,460.0,8,30
FUR-FU-10002829,11,1937.0,11,49
FUR-FU-10002834,1,23.0,1,5
FUR-FU-10002837,5,1111.0,5,21
FUR-FU-10002838,1,100.0,1,1
FUR-FU-10002848,5,446.0,5,20
FUR-FU-10002874,1,64.0,1,2
FUR-FU-10002878,6,467.0,6,17
FUR-FU-10002885,6,86.0,6,19
FUR-FU-10002890,6,1938.0,6,23
FUR-FU-10002918,5,1201.0,5,18
FUR-FU-10002919,4,1628.0,4,15
FUR-FU-10002928,6,379.0,6,12
FUR-FU-10002930,1,181.0,1,6
FUR-FU-10002933,6,816.0,6,43
FUR-FU-10002937,14,3078.0,14,55
FUR-FU-10002957,2,154.0,2,8
FUR-FU-10002960,5,135.0,5,25
FUR-FU-10002963,4,47.0,4,10
FUR-FU-10002972,5,287.0,5,15
FUR-FU-10002979,1,465.0,1,4
FUR-FU-10003012,4,430.0,4,21
FUR-FU-10003026,3,40.0,3,9
FUR-FU-10003036,2,189.0,2,10
FUR-FU-10003039,6,501.0,5,14
FUR-FU-10003046,5,665.0,5,19
FUR-FU-10003052,7,1161.0,7,25
FUR-FU-10003066,3,763.0,3,14
FUR-FU-10003069,5,690.0,5,17
FUR-FU-10003094,2,386.0,2,7
FUR-FU-10003095,1,102.0,1,3
FUR-FU-10003096,3,83.0,3,12
FUR-FU-10003112,3,957.0,3,15
FUR-FU-10003142,6,152.0,6,30
FUR-FU-10003150,5,372.0,5,15
FUR-FU-10003192,4,1546.0,4,18
FUR-FU-10003194,4,108.0,4,15
FUR-FU-10003198,5,631.0,5,15
FUR-FU-10003214,10,892.0,10,37
FUR-FU-10003217,3,1229.0,3,13
FUR-FU-10003219,2,804.0,2,7
FUR-FU-10003235,3,627.0,3,6
FUR-FU-10003237,5,234.0,5,15
FUR-FU-10003247,6,370.0,6,21
FUR-FU-10003264,2,402.0,2,8
FUR-FU-10003268,6,776.0,6,20
FUR-FU-10003273,6,1482.0,6,29
FUR-FU-10003274,5,36.0,5,21
FUR-FU-10003276,1,32.0,1,2
FUR-FU-10003283,5,191.0,5,17
FUR-FU-10003297,8,2039.0,8,33
FUR-FU-10003325,4,686.0,4,16
FUR-FU-10003326,1,58.0,1,1
FUR-FU-10003336,1,59.0,1,2
FUR-FU-10003339,1,121.0,1,4
FUR-FU-10003347,6,299.0,6,21
FUR-FU-10003362,5,419.0,5,28
FUR-FU-10003370,6,223.0,6,30
FUR-FU-10003374,2,464.0,2,11
FUR-FU-10003384,6,614.0,6,21
FUR-FU-10003394,7,1470.0,7,26
FUR-FU-10003408,5,169.0,5,15
FUR-FU-10003414,13,1339.0,13,50
FUR-FU-10003419,5,604.0,5,18
FUR-FU-10003420,4,363.0,4,10
FUR-FU-10003424,3,152.0,3,16
FUR-FU-10003427,2,610.0,2,7
FUR-FU-10003447,6,546.0,6,24
FUR-FU-10003451,4,1069.0,4,10
FUR-FU-10003462,2,166.0,2,4
FUR-FU-10003464,4,212.0,4,11
FUR-FU-10003489,2,36.0,2,6
FUR-FU-10003500,6,1088.0,6,21
FUR-FU-10003507,6,280.0,6,27
FUR-FU-10003512,1,190.0,1,7
FUR-FU-10003535,6,531.0,6,21
FUR-FU-10003540,9,582.0,8,34
FUR-FU-10003546,1,97.0,1,2
FUR-FU-10003552,1,53.0,1,2
FUR-FU-10003553,5,950.0,5,17
FUR-FU-10003577,3,247.0,3,18
FUR-FU-10003601,6,1624.0,6,26
FUR-FU-10003605,8,517.0,8,26
FUR-FU-10003608,15,825.0,15,65
FUR-FU-10003609,2,352.0,2,4
FUR-FU-10003619,4,634.0,4,15
FUR-FU-10003622,7,245.0,7,27
FUR-FU-10003623,5,508.0,5,21
FUR-FU-10003651,4,261.0,4,14
FUR-FU-10003658,7,427.0,7,24
FUR-FU-10003662,4,544.0,4,14
FUR-FU-10003664,10,3157.3360000000002,9,48
FUR-FU-10003691,5,180.0,5,18
FUR-FU-10003694,5,393.0,5,17
FUR-FU-10003708,6,1322.0,6,24
FUR-FU-10003717,1,30.0,1,6
FUR-FU-10003724,9,280.0,9,38
FUR-FU-10003725,1,15.0,1,3
FUR-FU-10003731,5,150.0,5,15
FUR-FU-10003736,3,1496.0,3,14
FUR-FU-10003773,5,1305.0,5,20
FUR-FU-10003798,2,158.0,2,10
FUR-FU-10003799,5,316.0,5,20
FUR-FU-10003804,3,931.0,3,9
FUR-FU-10003806,4,2059.0,4,19
FUR-FU-10003826,1,151.0,1,3
FUR-FU-10003829,7,65.0,7,23
FUR-FU-10003832,5,156.0,5,20
FUR-FU-10003849,5,161.0,5,11
FUR-FU-10003855,3,732.0,3,19
FUR-FU-10003862,4,1325.0,4,26
FUR-FU-10003874,8,595.0,8,34
FUR-FU-10003878,6,255.0,6,21
FUR-FU-10003879,3,878.0,3,8
FUR-FU-10003886,3,208.0,3,6
FUR-FU-10003901,3,90.0,3,9
FUR-FU-10003910,2,171.0,2,10
FUR-FU-10003918,5,1152.0,5,24
FUR-FU-10003919,2,98.0,2,6
FUR-FU-10003930,2,786.0,2,14
FUR-FU-10003939,7,1499.0,7,33
FUR-FU-10003960,3,264.0,3,14
FUR-FU-10003970,3,287.0,3,7
FUR-FU-10003975,5,563.0,5,13
FUR-FU-10003976,5,196.0,5,17
FUR-FU-10003981,5,29.0,5,16
FUR-FU-10003986,3,237.0,3,6
FUR-FU-10004006,6,673.0,6,17
FUR-FU-10004013,12,722.0,12,43
FUR-FU-10004015,9,864.0,9,31
FUR-FU-10004017,7,1266.0,7,21
FUR-FU-10004018,8,536.0,8,36
FUR-FU-10004019,2,340.0,2,12
FUR-FU-10004020,5,87.0,5,20
FUR-FU-10004031,1,216.0,1,2
FUR-FU-10004049,3,219.0,3,14
FUR-FU-10004053,6,234.0,6,13
FUR-FU-10004064,6,688.0,6,18
FUR-FU-10004071,4,1269.0,4,13
FUR-FU-10004074,7,768.0,7,38
FUR-FU-10004090,7,346.0,7,17
FUR-FU-10004091,8,1118.0,8,39
FUR-FU-10004093,3,260.0,3,8
FUR-FU-10004095,6,2097.02,6,29
FUR-FU-10004096,2,88.0,2,5
FUR-FU-10004097,4,590.0,4,17
FUR-FU-10004117,4,321.0,4,10
FUR-FU-10004137,4,400.0,4,24
FUR-FU-10004139,6,437.0,6,17
FUR-FU-10004152,4,510.0,4,13
FUR-FU-10004158,5,1646.0,5,20
FUR-FU-10004164,2,30.0,2,6
FUR-FU-10004181,3,346.0,3,12
FUR-FU-10004182,5,621.0,5,23
FUR-FU-10004188,5,1331.0,5,13
FUR-FU-10004224,5,411.0,5,15
FUR-FU-10004236,3,198.0,3,11
FUR-FU-10004241,2,188.0,2,11
FUR-FU-10004245,3,194.0,3,10
FUR-FU-10004270,16,428.0,15,51
FUR-FU-10004281,1,95.0,1,4
FUR-FU-10004283,5,985.0,5,25
FUR-FU-10004288,7,1326.0,7,27
FUR-FU-10004289,5,345.0,5,14
FUR-FU-10004306,6,2760.0,6,17
FUR-FU-10004313,7,405.0,7,17
FUR-FU-10004338,8,264.0,8,34
FUR-FU-10004339,9,1892.0,9,35
FUR-FU-10004351,6,202.0,5,24
FUR-FU-10004415,4,47.0,4,16
FUR-FU-10004421,2,90.0,2,5
FUR-FU-10004422,5,773.0,5,15
FUR-FU-10004427,4,97.0,4,10
FUR-FU-10004450,5,314.0,5,25
FUR-FU-10004458,4,251.0,4,11
FUR-FU-10004459,4,485.0,4,13
FUR-FU-10004460,7,1009.0,7,35
FUR-FU-10004462,3,349.0,3,15
FUR-FU-10004464,8,986.0,8,21
FUR-FU-10004474,6,509.0,6,19
FUR-FU-10004483,4,142.0,4,11
FUR-FU-10004497,1,102.0,1,4
FUR-FU-10004503,3,425.0,3,9
FUR-FU-10004509,7,821.0,7,22
FUR-FU-10004516,5,2981.0,5,28
FUR-FU-10004527,5,1602.0,5,15
FUR-FU-10004549,2,734.0,2,9
FUR-FU-10004579,6,676.0,6,19
FUR-FU-10004586,6,80.0,6,16
FUR-FU-10004587,3,163.0,3,15
FUR-FU-10004596,6,476.0,6,24
FUR-FU-10004597,4,344.0,4,8
FUR-FU-10004598,7,289.0,7,22
FUR-FU-10004604,7,867.0,7,18
FUR-FU-10004608,10,1236.0,10,33
FUR-FU-10004614,1,330.0,1,3
FUR-FU-10004617,5,454.0,4,26
FUR-FU-10004619,4,383.0,4,19
FUR-FU-10004622,3,379.0,3,10
FUR-FU-10004640,5,259.0,5,17
FUR-FU-10004665,4,2192.0,4,16
FUR-FU-10004666,3,119.0,3,10
FUR-FU-10004671,6,175.0,6,14
FUR-FU-10004689,4,281.0,4,14
FUR-FU-10004704,6,643.0,6,19
FUR-FU-10004712,2,85.0,2,6
FUR-FU-10004730,6,275.0,6,18
FUR-FU-10004748,4,576.0,4,12
FUR-FU-10004778,5,290.0,5,18
FUR-FU-10004780,8,2446.0,8,24
FUR-FU-10004787,6,1225.0,6,23
FUR-FU-10004790,7,992.0,7,36
FUR-FU-10004797,6,368.0,6,20
FUR-FU-10004800,3,78.0,3,7
FUR-FU-10004811,4,820.0,4,17
FUR-FU-10004816,3,300.0,3,10
FUR-FU-10004820,5,928.0,5,18
FUR-FU-10004823,1,60.0,1,3
FUR-FU-10004842,7,235.0,7,26
FUR-FU-10004845,3,703.0,3,14
FUR-FU-10004848,12,1440.0,12,44
FUR-FU-10004864,13,1835.0,13,46
FUR-FU-10004876,2,965.0,2,9
FUR-FU-10004888,7,236.0,7,19
FUR-FU-10004903,9,442.0,9,30
FUR-FU-10004904,4,1003.0,4,19
FUR-FU-10004907,1,41.0,1,4
FUR-FU-10004909,4,194.0,4,18
FUR-FU-10004915,8,1383.0,8,23
FUR-FU-10004923,2,30.0,2,3
FUR-FU-10004952,4,513.0,4,13
FUR-FU-10004954,7,996.0,7,20
FUR-FU-10004955,3,459.0,3,16
FUR-FU-10004960,10,1160.0,10,40
FUR-FU-10004963,6,159.0,6,22
FUR-FU-10004973,12,680.0,12,51
FUR-FU-10004995,2,66.0,2,5
FUR-FU-10004998,3,257.0,3,14
FUR-HAR-10000100,7,2594.0,7,22
FUR-HAR-10000334,6,1080.0,6,9
FUR-HAR-10000441,7,1601.0,7,12
FUR-HAR-10000870,4,195.0,4,4
FUR-HAR-10001089,4,839.0,4,7
FUR-HAR-10001144,2,166.0,2,4
FUR-HAR-10001374,4,2094.0,4,5
FUR-HAR-10001792,4,801.0,4,13
FUR-HAR-10002178,3,971.0,3,17
FUR-HAR-10002223,2,208.0,2,4
FUR-HAR-10002288,2,735.0,2,5
FUR-HAR-10002328,6,1156.422,6,17
FUR-HAR-10002546,4,599.0,4,10
FUR-HAR-10002632,5,594.0,5,8
FUR-HAR-10002697,3,800.0,3,3
FUR-HAR-10002873,5,1529.856,5,24
FUR-HAR-10003124,3,382.0,3,6
FUR-HAR-10003548,2,447.0,2,7
FUR-HAR-10003770,1,100.0,1,1
FUR-HAR-10004086,4,1795.0,4,20
FUR-HAR-10004129,5,421.188,5,15
FUR-HAR-10004593,3,759.137,3,9
FUR-HAR-10004726,3,682.0,3,8
FUR-HON-10000029,2,256.0,2,6
FUR-HON-10000103,5,1735.0,5,16
FUR-HON-10000191,5,277.0,5,14
FUR-HON-10000224,2,990.978,2,6
FUR-HON-10000339,7,483.0,7,12
FUR-HON-10000344,2,262.0,2,2
FUR-HON-10000722,5,1331.0,5,10
FUR-HON-10001015,1,330.0,1,1
FUR-HON-10001343,2,952.0,2,3
FUR-HON-10001504,4,873.0260000000001,4,19
FUR-HON-10001558,11,3237.0,11,22
FUR-HON-10001622,2,167.0,2,3
FUR-HON-10001627,4,880.0,4,6
FUR-HON-10001689,5,2480.0,5,6
FUR-HON-10001776,5,393.0,5,10
FUR-HON-10001847,3,819.0,3,3
FUR-HON-10001851,3,1371.0,3,3
FUR-HON-10001960,2,530.058,2,3
FUR-HON-10002424,4,456.0,4,7
FUR-HON-10002570,5,947.0,5,19
FUR-HON-10002599,6,615.0,6,12
FUR-HON-10002837,1,1.032,1,2
FUR-HON-10002941,1,332.0,1,2
FUR-HON-10003080,1,490.0,1,1
FUR-HON-10003137,1,167.0,1,2
FUR-HON-10003412,1,533.0,1,1
FUR-HON-10003533,3,464.597,3,11
FUR-HON-10003593,4,344.0,4,6
FUR-HON-10003653,3,237.0,3,3
FUR-HON-10003871,2,1661.0,2,3
FUR-HON-10003950,3,954.0,3,3
FUR-HON-10004137,7,1051.0,6,10
FUR-HON-10004632,1,106.0,1,2
FUR-HON-10004932,1,276.0,1,1
FUR-HON-10004987,2,270.679,2,10
FUR-IKE-10000521,1,414.0,1,1
FUR-IKE-10000619,4,921.0,4,8
FUR-IKE-10000649,6,2773.0,6,18
FUR-IKE-10001301,6,1167.487,6,22
FUR-IKE-10001312,6,2064.118,6,15
FUR-IKE-10001539,10,3390.131,10,20
FUR-IKE-10002147,4,1811.0,4,9
FUR-IKE-10002268,2,510.0,2,3
FUR-IKE-10002509,5,823.0,5,11
FUR-IKE-10002719,2,726.0,2,2
FUR-IKE-10002894,6,1600.1799999999998,6,13
FUR-IKE-10003015,4,514.928,4,10
FUR-IKE-10003053,1,290.0,1,2
FUR-IKE-10003251,1,69.0,1,1
FUR-IKE-10003262,4,732.0,4,5
FUR-IKE-10003576,1,172.0,1,1
FUR-IKE-10003642,7,1181.0,7,10
FUR-IKE-10003682,6,1667.0,6,19
FUR-IKE-10003771,2,295.0,2,3
FUR-IKE-10003796,3,439.0,3,5
FUR-IKE-10004160,3,1348.0,3,11
FUR-IKE-10004815,3,300.0,3,3
FUR-IKE-10004853,2,252.758,2,16
FUR-LES-10000488,1,508.0,1,2
FUR-LES-10000874,1,428.0,1,1
FUR-LES-10000904,1,538.0,1,2
FUR-LES-10002026,1,855.0,1,1
FUR-LES-10002613,2,930.0,2,2
FUR-LES-10002616,1,1.715,1,2
FUR-LES-10002852,2,852.0,2,2
FUR-LES-10003082,2,325.0,2,2
FUR-LES-10003538,1,101.0,1,1
FUR-LES-10004098,1,899.0,1,2
FUR-LES-10004420,1,504.0,1,2
FUR-LES-10004886,1,1.718,1,2
FUR-NOV-10000123,2,789.0,2,6
FUR-NOV-10000222,5,679.0,5,11
FUR-NOV-10000283,2,162.0,2,3
FUR-NOV-10000323,2,598.0,2,2
FUR-NOV-10000669,2,176.0,2,3
FUR-NOV-10000847,5,2735.0,5,6
FUR-NOV-10001972,2,822.0,2,5
FUR-NOV-10002107,1,804.0,1,6
FUR-NOV-10002333,4,511.0,4,9
FUR-NOV-10002453,4,852.0,4,12
FUR-NOV-10002655,4,769.002,4,12
FUR-NOV-10002791,6,1302.0,6,9
FUR-NOV-10002911,7,894.0,7,12
FUR-NOV-10002939,1,49.0,1,1
FUR-NOV-10003053,4,385.0,4,8
FUR-NOV-10003195,5,551.0,5,11
FUR-NOV-10003257,5,577.0,5,11
FUR-NOV-10003754,2,776.0,2,10
FUR-NOV-10004003,1,132.0,1,4
FUR-NOV-10004563,3,270.0,3,9
FUR-NOV-10004602,3,1381.104,3,9
FUR-NOV-10004925,2,916.0,2,2
FUR-NOV-10004962,5,386.0,5,8
FUR-OFF-10000303,3,1059.0,3,8
FUR-OFF-10000344,1,116.0,1,2
FUR-OFF-10001125,3,372.0,3,4
FUR-OFF-10001132,7,3494.0,7,31
FUR-OFF-10001187,2,126.0,2,2
FUR-OFF-10001224,6,1741.392,6,18
FUR-OFF-10001552,3,519.0,3,9
FUR-OFF-10001661,4,303.0,4,6
FUR-OFF-10001798,4,313.0,4,4
FUR-OFF-10002330,2,1402.0,2,3
FUR-OFF-10002395,2,423.0,2,3
FUR-OFF-10002486,4,371.0,4,7
FUR-OFF-10002511,4,1456.0,4,17
FUR-OFF-10002542,3,753.504,3,11
FUR-OFF-10002740,4,479.0,4,7
FUR-OFF-10003019,1,94.0,1,1
FUR-OFF-10003104,3,461.0,3,9
FUR-OFF-10003688,6,1344.0,6,14
FUR-OFF-10003703,2,544.0,2,8
FUR-OFF-10003713,2,614.0,2,9
FUR-OFF-10004214,4,1786.879,4,9
FUR-OFF-10004495,6,1305.0,6,13
FUR-OFF-10004824,4,1040.0,4,9
FUR-RUB-10000501,2,200.0,2,4
FUR-RUB-10000958,4,196.0,4,14
FUR-RUB-10001094,6,408.0,6,10
FUR-RUB-10001190,5,733.0,5,15
FUR-RUB-10001310,4,177.0,4,4
FUR-RUB-10001380,6,462.0,6,11
FUR-RUB-10001484,2,188.0,2,4
FUR-RUB-10001704,2,330.0,2,3
FUR-RUB-10001717,3,245.0,3,5
FUR-RUB-10001796,5,224.0,5,14
FUR-RUB-10002021,7,212.0,7,14
FUR-RUB-10002067,5,587.519,4,20
FUR-RUB-10002507,7,518.0,7,23
FUR-RUB-10002817,8,857.0,8,21
FUR-RUB-10002945,5,534.0,5,11
FUR-RUB-10003004,5,1390.0,5,13
FUR-RUB-10003411,3,51.0,3,3
FUR-RUB-10003518,2,170.0,2,4
FUR-RUB-10003699,6,247.0,6,13
FUR-RUB-10003724,9,2772.0,9,30
FUR-RUB-10004036,2,285.0,2,12
FUR-RUB-10004285,3,271.0,3,6
FUR-RUB-10004420,3,132.0,3,3
FUR-RUB-10004633,3,251.0,3,10
FUR-SAF-10000085,8,2816.565,8,13
FUR-SAF-10000204,1,311.0,1,3
FUR-SAF-10000213,4,1676.763,4,9
FUR-SAF-10000265,6,2142.557,6,13
FUR-SAF-10000351,2,345.0,2,6
FUR-SAF-10000508,5,1560.0,5,6
FUR-SAF-10000545,3,680.0,3,4
FUR-SAF-10000565,3,156.0,3,3
FUR-SAF-10000593,9,642.0,9,17
FUR-SAF-10000607,2,328.0,2,5
FUR-SAF-10000678,2,400.196,2,8
FUR-SAF-10000881,3,908.0,3,6
FUR-SAF-10000949,4,1386.0,4,7
FUR-SAF-10001136,4,1261.0,4,8
FUR-SAF-10001322,4,534.0,4,8
FUR-SAF-10001428,1,603.0,1,4
FUR-SAF-10001793,5,2478.0,5,11
FUR-SAF-10001870,4,174.0,4,4
FUR-SAF-10001873,5,606.0,5,13
FUR-SAF-10001949,7,574.0,7,17
FUR-SAF-10001956,3,1007.0,3,3
FUR-SAF-10002112,5,1116.524,5,19
FUR-SAF-10002121,3,529.0,3,4
FUR-SAF-10002180,5,1800.846,4,10
FUR-SAF-10002253,2,572.0,2,8
FUR-SAF-10002314,6,2103.0,6,19
FUR-SAF-10002360,3,1106.0,3,8
FUR-SAF-10002400,3,447.0,3,3
FUR-SAF-10002495,3,1255.0,3,6
FUR-SAF-10002529,5,300.0,5,5
FUR-SAF-10002557,2,257.0,2,3
FUR-SAF-10002616,4,731.0,4,9
FUR-SAF-10002757,2,270.0,2,2
FUR-SAF-10002846,6,2641.516,6,14
FUR-SAF-10002940,5,1824.0,5,12
FUR-SAF-10003160,5,962.0,5,10
FUR-SAF-10003402,3,160.0,3,4
FUR-SAF-10003469,7,2016.753,7,14
FUR-SAF-10003540,4,667.0,4,6
FUR-SAF-10003745,9,1563.0,9,12
FUR-SAF-10003819,5,1023.0419999999999,5,18
FUR-SAF-10004173,3,1225.0,3,11
FUR-SAF-10004252,2,2.9690000000000003,2,10
FUR-SAF-10004426,3,659.0,3,7
FUR-SAF-10004525,3,772.0,3,10
FUR-SAF-10004530,6,632.36,6,17
FUR-SAF-10004664,3,317.0,3,6
FUR-SAU-10000209,4,485.0,4,4
FUR-SAU-10000637,4,1548.0,4,4
FUR-SAU-10000745,2,504.0,2,3
FUR-SAU-10000893,7,1367.175,7,18
FUR-SAU-10001776,8,2058.0,8,17
FUR-SAU-10002043,1,388.0,1,2
FUR-SAU-10002167,1,133.0,1,2
FUR-SAU-10002255,4,2190.499,4,13
FUR-SAU-10002331,5,1822.0,5,6
FUR-SAU-10002540,5,541.0,5,7
FUR-SAU-10002642,4,601.0,4,5
FUR-SAU-10002714,4,536.0,4,5
FUR-SAU-10003188,3,658.0,3,5
FUR-SAU-10003203,2,271.0,2,3
FUR-SAU-10003694,4,1287.0,4,7
FUR-SAU-10003795,2,442.0,2,3
FUR-SAU-10003872,6,1764.0,6,9
FUR-SAU-10003928,2,870.0,2,2
FUR-SAU-10003933,2,1316.0,2,3
FUR-SAU-10004053,6,3546.0,6,18
FUR-SAU-10004137,6,779.167,6,12
FUR-SAU-10004221,5,1200.199,5,16
FUR-SAU-10004653,9,2796.1040000000003,9,21
FUR-TA-10000022,1,3.695,1,4
FUR-TA-10000038,1,1.837,1,3
FUR-TA-10000052,2,436.674,2,7
FUR-TA-10000073,1,534.0,1,3
FUR-TA-10000075,1,511.0,1,4
FUR-TA-10000115,1,273.0,1,3
FUR-TA-10000136,2,352.333,2,7
FUR-TA-10000147,2,101.048,2,8
FUR-TA-10000164,1,1.081,1,4
FUR-TA-10000184,3,733.8140000000001,3,11
FUR-TA-10000198,5,340.587,5,27
FUR-TA-10000207,2,377.952,2,13
FUR-TA-10000222,2,716.18,2,9
FUR-TA-10000226,2,3.5780000000000003,2,5
FUR-TA-10000245,3,1366.0,3,7
FUR-TA-10000283,1,1.488,1,4
FUR-TA-10000299,2,1735.0,2,7
FUR-TA-10000304,1,382.0,1,3
FUR-TA-10000310,3,1200.0,3,9
FUR-TA-10000317,1,1.023,1,4
FUR-TA-10000323,3,1270.451,3,12
FUR-TA-10000347,1,2.229,1,7
FUR-TA-10000355,1,320.0,1,1
FUR-TA-10000360,1,871.0,1,4
FUR-TA-10000403,2,789.0,2,3
FUR-TA-10000434,2,833.0,2,5
FUR-TA-10000478,2,832.94,2,10
FUR-TA-10000486,4,1110.076,4,15
FUR-TA-10000490,1,855.0,1,6
FUR-TA-10000518,1,250.0,1,1
FUR-TA-10000519,1,692.0,1,7
FUR-TA-10000558,2,741.058,2,4
FUR-TA-10000577,8,2825.423,8,29
FUR-TA-10000591,1,994.0,1,7
FUR-TA-10000593,1,304.0,1,2
FUR-TA-10000617,6,1606.731,6,22
FUR-TA-10000637,2,370.474,2,5
FUR-TA-10000649,3,5.213,3,16
FUR-TA-10000665,4,2468.038,4,10
FUR-TA-10000670,1,539.0,1,2
FUR-TA-10000671,3,1937.935,3,8
FUR-TA-10000687,1,3.427,1,7
FUR-TA-10000688,6,3355.0,6,18
FUR-TA-10000695,2,1240.0,2,5
FUR-TA-10000750,3,1518.0,3,8
FUR-TA-10000789,2,681.0,2,4
FUR-TA-10000805,1,1.429,1,4
FUR-TA-10000849,4,1007.0,4,13
FUR-TA-10000855,1,113.0,1,2
FUR-TA-10000861,1,1.361,1,3
FUR-TA-10000927,1,740.0,1,3
FUR-TA-10000945,1,641.0,1,3
FUR-TA-10000962,3,1444.233,3,8
FUR-TA-10000963,1,747.0,1,3
FUR-TA-10000971,1,1.995,1,6
FUR-TA-10000989,3,7.525,3,15
FUR-TA-10000991,1,909.0,1,4
FUR-TA-10001039,11,2765.0,11,47
FUR-TA-10001056,1,636.0,1,1
FUR-TA-10001086,5,1764.216,5,26
FUR-TA-10001089,1,2.077,1,6
FUR-TA-10001090,1,465.0,1,5
FUR-TA-10001095,13,4970.242,13,61
FUR-TA-10001100,3,657.012,3,12
FUR-TA-10001113,3,1168.1190000000001,3,17
FUR-TA-10001116,1,5.451,1,6
FUR-TA-10001192,1,891.0,1,5
FUR-TA-10001205,2,3.956,2,12
FUR-TA-10001226,1,1.103,1,2
FUR-TA-10001228,1,915.0,1,5
FUR-TA-10001229,1,1.411,1,6
FUR-TA-10001237,3,587.121,3,10
FUR-TA-10001272,1,341.0,1,2
FUR-TA-10001276,2,217.512,2,10
FUR-TA-10001285,1,2.797,1,6
FUR-TA-10001289,1,458.0,1,1
FUR-TA-10001306,2,3.13,2,11
FUR-TA-10001307,5,946.795,5,14
FUR-TA-10001327,1,335.0,1,2
FUR-TA-10001359,2,1153.0,2,5
FUR-TA-10001360,3,5.632,3,14
FUR-TA-10001371,2,769.0,2,11
FUR-TA-10001386,2,3.9939999999999998,2,7
FUR-TA-10001433,4,1489.0,4,6
FUR-TA-10001494,2,988.301,2,10
FUR-TA-10001496,3,512.548,3,12
FUR-TA-10001520,9,2298.0,9,39
FUR-TA-10001531,4,489.404,4,18
FUR-TA-10001539,9,3247.706,9,30
FUR-TA-10001549,3,1466.495,3,15
FUR-TA-10001558,1,379.0,1,2
FUR-TA-10001572,1,1.41,1,5
FUR-TA-10001595,2,575.0,2,4
FUR-TA-10001600,1,811.0,1,6
FUR-TA-10001602,2,940.0,2,6
FUR-TA-10001622,2,404.176,2,10
FUR-TA-10001633,4,1499.23,4,18
FUR-TA-10001642,2,962.117,2,17
FUR-TA-10001664,3,879.108,3,8
FUR-TA-10001676,9,653.0,9,22
FUR-TA-10001691,1,136.0,1,2
FUR-TA-10001693,1,268.0,1,2
FUR-TA-10001705,4,1489.913,4,19
FUR-TA-10001726,2,683.201,2,6
FUR-TA-10001740,2,607.455,2,4
FUR-TA-10001744,1,508.0,1,2
FUR-TA-10001768,6,3965.0,6,22
FUR-TA-10001771,4,834.771,4,19
FUR-TA-10001786,5,950.198,5,30
FUR-TA-10001833,1,624.0,1,2
FUR-TA-10001857,4,828.0,4,11
FUR-TA-10001866,2,520.0,2,4
FUR-TA-10001889,11,2097.652,11,48
FUR-TA-10001930,1,795.0,1,3
FUR-TA-10001932,6,2856.244,6,22
FUR-TA-10001935,2,190.0,2,3
FUR-TA-10001950,4,898.626,4,19
FUR-TA-10001968,1,596.0,1,2
FUR-TA-10001980,2,345.031,2,4
FUR-TA-10002041,7,1670.68,7,26
FUR-TA-10002065,4,2475.0,4,9
FUR-TA-10002088,5,2774.0,5,19
FUR-TA-10002093,2,1067.0,2,6
FUR-TA-10002095,3,1646.0,3,9
FUR-TA-10002101,1,1.48,1,3
FUR-TA-10002146,3,631.0,3,5
FUR-TA-10002153,2,3.5709999999999997,2,10
FUR-TA-10002172,3,921.748,3,12
FUR-TA-10002228,3,2033.0,3,9
FUR-TA-10002235,3,1753.0,3,7
FUR-TA-10002256,3,673.664,3,9
FUR-TA-10002341,1,1.917,1,4
FUR-TA-10002351,1,670.0,1,2
FUR-TA-10002356,6,2542.0,6,15
FUR-TA-10002411,2,776.012,2,9
FUR-TA-10002433,3,917.774,3,13
FUR-TA-10002467,4,521.5889999999999,4,12
FUR-TA-10002482,2,392.0,2,2
FUR-TA-10002487,1,402.0,1,3
FUR-TA-10002497,2,872.119,2,10
FUR-TA-10002519,3,518.43,3,10
FUR-TA-10002523,1,2.843,1,9
FUR-TA-10002527,3,1067.76,3,9
FUR-TA-10002530,7,2401.057,7,30
FUR-TA-10002533,5,2241.0,5,26
FUR-TA-10002544,1,320.0,1,2
FUR-TA-10002557,1,588.0,1,1
FUR-TA-10002568,2,701.0,2,5
FUR-TA-10002571,2,1535.0,2,9
FUR-TA-10002582,1,179.0,1,3
FUR-TA-10002607,8,2140.0,8,44
FUR-TA-10002611,1,1.28,1,5
FUR-TA-10002622,4,1436.0,4,12
FUR-TA-10002638,1,545.0,1,2
FUR-TA-10002645,4,1208.276,4,20
FUR-TA-10002650,1,2.125,1,4
FUR-TA-10002699,1,1.232,1,3
FUR-TA-10002774,3,2096.0,3,18
FUR-TA-10002786,2,860.063,2,13
FUR-TA-10002789,1,616.0,1,3
FUR-TA-10002797,3,1117.0,3,4
FUR-TA-10002827,3,1088.106,3,14
FUR-TA-10002833,3,2152.0,3,16
FUR-TA-10002855,5,1273.024,5,19
FUR-TA-10002860,2,1065.0,2,4
FUR-TA-10002868,3,805.184,3,11
FUR-TA-10002885,3,1200.0,3,14
FUR-TA-10002903,5,1120.429,5,24
FUR-TA-10002912,3,1203.28,3,9
FUR-TA-10002931,1,1.445,1,4
FUR-TA-10002935,1,320.0,1,1
FUR-TA-10002951,1,2.292,1,7
FUR-TA-10002957,2,771.0,2,4
FUR-TA-10002958,9,3347.8469999999998,9,42
FUR-TA-10002966,2,268.483,2,8
FUR-TA-10002972,3,257.379,3,16
FUR-TA-10002979,2,842.0,2,5
FUR-TA-10002982,3,932.0,3,10
FUR-TA-10003003,2,652.046,2,7
FUR-TA-10003006,1,635.0,1,2
FUR-TA-10003008,8,2849.0,8,20
FUR-TA-10003030,1,176.0,1,1
FUR-TA-10003055,2,1002.0,2,5
FUR-TA-10003078,2,453.673,2,11
FUR-TA-10003079,1,176.0,1,2
FUR-TA-10003152,1,545.0,1,2
FUR-TA-10003157,3,2496.0,3,10
FUR-TA-10003164,1,1.859,1,5
FUR-TA-10003171,2,1256.0,2,7
FUR-TA-10003179,4,2441.243,4,13
FUR-TA-10003185,1,623.0,1,2
FUR-TA-10003222,3,276.895,3,9
FUR-TA-10003228,1,689.0,1,2
FUR-TA-10003238,6,2646.6530000000002,6,11
FUR-TA-10003254,1,1.388,1,5
FUR-TA-10003268,3,1777.461,3,10
FUR-TA-10003273,1,240.0,1,3
FUR-TA-10003291,1,427.0,1,2
FUR-TA-10003307,1,1.938,1,4
FUR-TA-10003319,1,1.126,1,7
FUR-TA-10003323,2,2.706,2,8
FUR-TA-10003354,2,3.7279999999999998,2,9
FUR-TA-10003358,1,2.191,1,8
FUR-TA-10003371,1,38.0,1,1
FUR-TA-10003386,1,1.101,1,4
FUR-TA-10003392,4,1855.686,4,14
FUR-TA-10003405,1,1.661,1,6
FUR-TA-10003449,1,212.0,1,3
FUR-TA-10003451,2,1018.0,2,6
FUR-TA-10003469,5,1041.0,5,12
FUR-TA-10003473,12,4128.877,11,46
FUR-TA-10003485,1,355.0,1,2
FUR-TA-10003497,2,899.0,2,5
FUR-TA-10003510,1,346.0,1,1
FUR-TA-10003518,1,302.0,1,2
FUR-TA-10003522,2,1048.0,2,6
FUR-TA-10003527,3,2509.0,3,8
FUR-TA-10003539,1,143.0,1,1
FUR-TA-10003568,1,464.0,1,2
FUR-TA-10003569,6,2690.09,6,21
FUR-TA-10003576,1,445.0,1,2
FUR-TA-10003583,2,519.583,2,8
FUR-TA-10003591,2,2.7880000000000003,2,7
FUR-TA-10003594,1,491.0,1,2
FUR-TA-10003596,2,3.2800000000000002,2,11
FUR-TA-10003597,3,1422.0,3,10
FUR-TA-10003627,1,1.848,1,2
FUR-TA-10003637,1,176.0,1,1
FUR-TA-10003641,1,2.206,1,8
FUR-TA-10003663,2,1509.0,2,5
FUR-TA-10003690,1,963.0,1,3
FUR-TA-10003715,4,881.261,4,18
FUR-TA-10003747,2,608.888,2,9
FUR-TA-10003748,9,3026.618,9,43
FUR-TA-10003771,1,1.029,1,3
FUR-TA-10003782,1,320.0,1,6
FUR-TA-10003785,1,829.0,1,3
FUR-TA-10003786,2,1537.0,2,6
FUR-TA-10003790,3,1979.632,3,14
FUR-TA-10003837,2,51.0,2,5
FUR-TA-10003855,1,90.0,1,1
FUR-TA-10003887,2,1478.0,2,6
FUR-TA-10003893,2,992.402,2,7
FUR-TA-10003899,2,2.633,2,9
FUR-TA-10003926,2,518.834,2,13
FUR-TA-10003929,1,1.313,1,5
FUR-TA-10003954,6,718.9649999999999,6,32
FUR-TA-10003963,1,555.0,1,4
FUR-TA-10004005,1,632.0,1,4
FUR-TA-10004050,1,203.0,1,4
FUR-TA-10004054,2,2.83,2,7
FUR-TA-10004086,7,1789.0,7,27
FUR-TA-10004132,1,827.0,1,4
FUR-TA-10004134,1,340.0,1,2
FUR-TA-10004147,4,1232.0,4,13
FUR-TA-10004152,5,1089.0,5,16
FUR-TA-10004154,6,1562.614,6,28
FUR-TA-10004175,3,1296.0,3,6
FUR-TA-10004219,1,1.291,1,4
FUR-TA-10004249,3,1219.0,3,13
FUR-TA-10004256,4,631.01,4,17
FUR-TA-10004289,3,1707.0,3,15
FUR-TA-10004306,2,806.073,2,7
FUR-TA-10004308,3,191.006,3,14
FUR-TA-10004336,2,853.421,2,8
FUR-TA-10004342,4,2174.962,4,15
FUR-TA-10004353,1,193.0,1,2
FUR-TA-10004371,1,954.0,1,7
FUR-TA-10004383,3,396.01800000000003,3,11
FUR-TA-10004406,2,662.587,2,8
FUR-TA-10004416,1,536.0,1,2
FUR-TA-10004440,1,968.0,1,3
FUR-TA-10004442,3,918.0,3,5
FUR-TA-10004468,1,541.0,1,2
FUR-TA-10004484,1,363.0,1,1
FUR-TA-10004504,1,172.0,1,2
FUR-TA-10004524,2,675.399,2,5
FUR-TA-10004531,1,529.0,1,3
FUR-TA-10004534,5,1814.441,5,20
FUR-TA-10004544,2,457.0,2,8
FUR-TA-10004575,7,3930.037,7,26
FUR-TA-10004584,1,132.0,1,2
FUR-TA-10004607,7,2039.0,7,18
FUR-TA-10004619,5,2662.115,5,29
FUR-TA-10004634,2,658.096,2,8
FUR-TA-10004649,1,1.622,1,5
FUR-TA-10004653,2,986.044,2,12
FUR-TA-10004667,1,643.0,1,2
FUR-TA-10004680,2,3.0949999999999998,2,9
FUR-TA-10004711,1,4.299,1,5
FUR-TA-10004722,1,1.545,1,5
FUR-TA-10004730,2,1330.0,2,7
FUR-TA-10004744,2,4.288,2,5
FUR-TA-10004745,1,2.437,1,4
FUR-TA-10004748,1,623.0,1,3
FUR-TA-10004757,2,958.0,2,7
FUR-TA-10004767,4,638.0,4,12
FUR-TA-10004801,2,981.838,2,5
FUR-TA-10004810,1,1.268,1,5
FUR-TA-10004817,1,504.0,1,4
FUR-TA-10004820,2,3.5250000000000004,2,11
FUR-TA-10004826,1,665.0,1,2
FUR-TA-10004832,1,983.0,1,2
FUR-TA-10004840,4,1357.817,4,11
FUR-TA-10004892,1,1.448,1,3
FUR-TA-10004915,5,1887.9180000000001,5,23
FUR-TA-10004937,4,1859.713,4,12
FUR-TA-10004957,1,460.0,1,2
FUR-TA-10004972,1,768.0,1,8
FUR-TEN-10000002,2,61.0,2,3
FUR-TEN-10000296,5,327.0,5,19
FUR-TEN-10000325,3,41.0,3,3
FUR-TEN-10000377,1,19.0,1,1
FUR-TEN-10000407,5,511.0,5,12
FUR-TEN-10000525,8,725.0,8,17
FUR-TEN-10000558,3,392.0,3,6
FUR-TEN-10000986,8,2123.0,8,20
FUR-TEN-10001349,4,440.0,4,4
FUR-TEN-10001809,5,236.0,5,6
FUR-TEN-10002418,1,80.0,1,4
FUR-TEN-10002448,3,200.0,3,9
FUR-TEN-10003050,3,311.0,3,6
FUR-TEN-10003349,5,543.0,5,16
FUR-TEN-10003552,3,321.0,3,11
FUR-TEN-10003648,5,416.0,5,18
FUR-TEN-10003871,2,835.0,2,12
FUR-TEN-10003879,3,102.0,3,9
FUR-TEN-10003900,4,88.0,4,7
FUR-TEN-10003923,5,427.0,5,11
FUR-TEN-10004147,2,69.0,2,2
FUR-TEN-10004388,2,132.0,2,3
FUR-TEN-10004549,4,101.0,4,7
OFF-ACC-10000102,9,1092.0,9,25
OFF-ACC-10000218,9,104.0,9,21
OFF-ACC-10000233,12,313.0,12,22
OFF-ACC-10000307,13,170.0,13,30
OFF-ACC-10000375,2,20.0,2,2
OFF-ACC-10000497,3,50.0,3,5
OFF-ACC-10000687,3,226.0,3,12
OFF-ACC-10000798,10,114.0,10,18
OFF-ACC-10000808,9,342.0,9,12
OFF-ACC-10001028,5,86.0,5,7
OFF-ACC-10001281,6,342.0,6,19
OFF-ACC-10001285,12,174.0,12,23
OFF-ACC-10001703,10,212.0,10,18
OFF-ACC-10001993,7,101.0,7,11
OFF-ACC-10002167,4,66.0,4,5
OFF-ACC-10002220,8,689.0,8,18
OFF-ACC-10002327,2,59.0,2,5
OFF-ACC-10002343,12,520.0,12,26
OFF-ACC-10002425,5,133.0,5,15
OFF-ACC-10002680,9,1266.0,9,27
OFF-ACC-10002772,13,226.0,13,24
OFF-ACC-10002834,5,130.0,5,10
OFF-ACC-10002849,11,624.0,11,23
OFF-ACC-10002853,2,28.0,2,2
OFF-ACC-10003265,3,160.0,3,11
OFF-ACC-10003422,11,376.0,11,23
OFF-ACC-10003636,10,597.0,10,12
OFF-ACC-10003713,3,270.0,3,16
OFF-ACC-10003745,4,56.0,4,8
OFF-ACC-10003788,16,180.0,16,40
OFF-ACC-10003806,3,48.0,3,3
OFF-ACC-10003909,2,36.0,2,3
OFF-ACC-10003925,3,35.0,3,8
OFF-ACC-10003984,2,34.0,2,3
OFF-ACC-10004008,9,313.0,9,24
OFF-ACC-10004182,9,252.0,9,30
OFF-ACC-10004278,3,12.0,3,3
OFF-ACC-10004281,11,149.0,11,23
OFF-ACC-10004322,10,380.0,10,28
OFF-ACC-10004364,5,65.0,5,8
OFF-ACC-10004430,2,22.0,2,2
OFF-ACC-10004538,16,608.0,16,48
OFF-ACC-10004692,8,559.0,8,19
OFF-ACC-10004713,5,46.0,5,9
OFF-ACC-10004748,5,99.0,5,14
OFF-ACC-10004782,1,11.0,1,1
OFF-ACC-10004871,7,228.0,7,19
OFF-ACC-10004910,3,118.0,3,7
OFF-ACM-10000277,1,67.0,1,4
OFF-ACM-10000476,9,612.0,9,21
OFF-ACM-10000570,5,159.0,5,6
OFF-ACM-10000671,4,112.0,4,7
OFF-ACM-10000777,5,287.0,5,13
OFF-ACM-10001029,2,104.0,2,3
OFF-ACM-10001112,2,148.0,2,3
OFF-ACM-10001587,2,316.0,2,8
OFF-ACM-10001704,1,108.0,1,4
OFF-ACM-10002045,4,295.0,4,8
OFF-ACM-10002131,3,109.0,3,6
OFF-ACM-10002301,7,700.0,7,17
OFF-ACM-10002713,2,52.0,2,2
OFF-ACM-10002816,8,589.0,8,29
OFF-ACM-10003278,2,102.0,2,6
OFF-ACM-10003510,7,550.0,7,24
OFF-ACM-10003591,5,149.0,5,6
OFF-ACM-10003715,4,430.0,4,12
OFF-ACM-10003978,5,402.0,5,9
OFF-ACM-10004150,1,43.0,1,8
OFF-ACM-10004587,4,334.0,4,19
OFF-ACM-10004669,5,434.0,5,12
OFF-ACM-10004895,4,195.0,4,12
OFF-ADV-10000177,8,245.0,7,23
OFF-ADV-10000213,4,58.0,4,4
OFF-ADV-10000308,5,152.0,5,11
OFF-ADV-10000331,7,76.0,7,8
OFF-ADV-10000425,2,18.0,2,3
OFF-ADV-10000551,4,140.0,4,11
OFF-ADV-10001124,6,170.0,6,9
OFF-ADV-10001437,4,106.0,4,9
OFF-ADV-10001451,3,64.0,3,8
OFF-ADV-10002299,5,229.0,5,15
OFF-ADV-10002549,4,123.0,4,13
OFF-ADV-10002593,1,19.0,1,1
OFF-ADV-10003030,6,143.0,6,20
OFF-ADV-10003050,4,282.0,4,17
OFF-ADV-10003125,5,67.0,5,7
OFF-ADV-10003196,1,3.0,1,1
OFF-ADV-10003369,5,114.0,5,11
OFF-ADV-10004030,3,88.0,3,6
OFF-ADV-10004228,1,48.0,1,4
OFF-ADV-10004241,6,161.0,6,16
OFF-ADV-10004274,3,52.0,3,5
OFF-ADV-10004598,6,205.0,6,16
OFF-ADV-10004875,5,181.0,5,22
OFF-AME-10000244,9,606.0,9,23
OFF-AME-10000360,2,109.0,2,3
OFF-AME-10000440,3,127.0,3,4
OFF-AME-10000851,6,444.0,6,12
OFF-AME-10000870,8,235.0,8,15
OFF-AME-10001009,2,406.0,2,9
OFF-AME-10001179,3,323.0,3,9
OFF-AME-10001489,4,70.0,4,4
OFF-AME-10001587,4,235.0,4,13
OFF-AME-10001641,4,250.0,4,9
OFF-AME-10002081,6,193.0,6,14
OFF-AME-10002376,2,197.0,2,9
OFF-AME-10002557,7,163.0,7,11
OFF-AME-10002652,5,172.0,5,12
OFF-AME-10002697,1,5.0,1,1
OFF-AME-10002923,3,18.0,3,4
OFF-AME-10002949,7,122.0,7,14
OFF-AME-10002956,5,192.0,5,13
OFF-AME-10003089,2,38.0,2,4
OFF-AME-10003167,5,29.0,5,6
OFF-AME-10003180,3,54.0,3,3
OFF-AME-10004651,4,312.0,4,9
OFF-AME-10004759,4,281.0,4,10
OFF-AP-10000003,1,1.42,1,3
OFF-AP-10000004,2,540.078,2,3
OFF-AP-10000005,5,1958.7930000000001,5,16
OFF-AP-10000023,2,254.0,2,7
OFF-AP-10000026,6,1244.0,6,27
OFF-AP-10000027,4,168.0,4,14
OFF-AP-10000039,2,181.0,2,3
OFF-AP-10000043,3,438.0,3,9
OFF-AP-10000055,4,266.0,4,17
OFF-AP-10000078,1,372.0,1,8
OFF-AP-10000108,2,3.3200000000000003,2,8
OFF-AP-10000119,3,1200.0,3,6
OFF-AP-10000124,2,38.0,2,7
OFF-AP-10000136,1,4.136,1,10
OFF-AP-10000159,3,558.0,3,15
OFF-AP-10000162,1,1.355,1,5
OFF-AP-10000172,5,1176.0,5,24
OFF-AP-10000179,8,2225.886,8,32
OFF-AP-10000195,1,968.0,1,2
OFF-AP-10000200,2,1056.0,2,5
OFF-AP-10000213,2,398.18,2,13
OFF-AP-10000226,2,662.0,2,10
OFF-AP-10000228,5,1081.0,5,20
OFF-AP-10000240,5,770.0,5,16
OFF-AP-10000252,4,129.0,4,12
OFF-AP-10000258,2,464.0,2,7
OFF-AP-10000261,2,167.0,2,5
OFF-AP-10000263,3,1866.0,3,7
OFF-AP-10000275,3,5.907,3,18
OFF-AP-10000285,1,242.0,1,3
OFF-AP-10000304,4,1610.841,4,11
OFF-AP-10000326,1,158.0,1,5
OFF-AP-10000329,1,1.052,1,3
OFF-AP-10000330,3,6.616,3,13
OFF-AP-10000335,2,502.754,2,9
OFF-AP-10000344,1,228.0,1,3
OFF-AP-10000358,9,437.0,9,41
OFF-AP-10000381,1,632.0,1,2
OFF-AP-10000382,3,210.0,3,4
OFF-AP-10000390,3,171.0,3,11
OFF-AP-10000391,4,783.0,4,21
OFF-AP-10000407,6,1558.753,6,27
OFF-AP-10000415,2,709.0,2,9
OFF-AP-10000423,2,3.947,2,8
OFF-AP-10000437,1,1.584,1,3
OFF-AP-10000486,3,974.097,3,11
OFF-AP-10000487,3,6.256,3,13
OFF-AP-10000490,4,443.0,4,11
OFF-AP-10000509,1,2.366,1,5
OFF-AP-10000510,2,262.0,2,7
OFF-AP-10000528,3,335.0,3,7
OFF-AP-10000534,1,465.0,1,6
OFF-AP-10000540,2,903.151,2,9
OFF-AP-10000545,1,141.0,1,4
OFF-AP-10000569,1,140.0,1,3
OFF-AP-10000576,7,2010.0,7,29
OFF-AP-10000577,1,1.075,1,2
OFF-AP-10000584,3,5.2,3,10
OFF-AP-10000595,4,44.0,4,10
OFF-AP-10000600,1,95.0,1,2
OFF-AP-10000604,3,608.0,3,9
OFF-AP-10000615,3,287.0,3,6
OFF-AP-10000621,4,2074.0,4,12
OFF-AP-10000639,5,1570.2069999999999,5,15
OFF-AP-10000647,3,6.975,3,14
OFF-AP-10000653,3,236.0,3,5
OFF-AP-10000663,2,911.819,2,10
OFF-AP-10000667,2,747.119,2,5
OFF-AP-10000672,1,1.705,1,3
OFF-AP-10000675,5,1793.728,5,24
OFF-AP-10000691,1,595.0,1,2
OFF-AP-10000692,6,345.0,6,19
OFF-AP-10000696,8,358.0,8,30
OFF-AP-10000717,3,1664.0,3,6
OFF-AP-10000729,6,1878.786,5,23
OFF-AP-10000751,2,416.383,2,7
OFF-AP-10000775,2,334.0,2,5
OFF-AP-10000800,4,752.743,4,12
OFF-AP-10000802,6,1630.785,6,24
OFF-AP-10000804,4,62.0,4,18
OFF-AP-10000806,1,256.0,1,4
OFF-AP-10000818,1,97.0,1,2
OFF-AP-10000825,2,693.0,2,11
OFF-AP-10000828,7,3511.0,7,24
OFF-AP-10000844,1,102.0,1,5
OFF-AP-10000864,2,900.998,2,6
OFF-AP-10000873,3,1244.318,3,16
OFF-AP-10000891,5,787.705,5,21
OFF-AP-10000900,2,263.0,2,8
OFF-AP-10000904,6,700.0,6,19
OFF-AP-10000916,1,372.0,1,2
OFF-AP-10000934,1,1.95,1,9
OFF-AP-10000935,3,537.0,3,11
OFF-AP-10000938,4,2222.0,4,24
OFF-AP-10000975,1,2.05,1,6
OFF-AP-10000977,3,856.0,3,11
OFF-AP-10000981,3,345.0,3,6
OFF-AP-10001005,6,1762.0,6,23
OFF-AP-10001018,3,597.051,3,8
OFF-AP-10001041,4,6.422,4,18
OFF-AP-10001049,2,459.0,2,11
OFF-AP-10001058,5,2699.518,5,21
OFF-AP-10001067,2,195.0,2,3
OFF-AP-10001076,3,683.0,3,16
OFF-AP-10001099,6,8.29,6,16
OFF-AP-10001103,2,606.21,2,7
OFF-AP-10001106,3,726.0450000000001,2,16
OFF-AP-10001124,1,648.0,1,8
OFF-AP-10001130,2,358.0,2,5
OFF-AP-10001138,3,664.0,3,11
OFF-AP-10001154,3,516.0,3,11
OFF-AP-10001169,3,998.489,3,13
OFF-AP-10001178,3,861.671,3,16
OFF-AP-10001190,2,950.581,2,5
OFF-AP-10001191,2,705.0,2,8
OFF-AP-10001197,2,286.14,2,5
OFF-AP-10001205,10,1774.0,10,40
OFF-AP-10001233,3,675.0,3,13
OFF-AP-10001242,8,1205.0,8,20
OFF-AP-10001254,5,1217.0,5,18
OFF-AP-10001266,7,1818.0,7,24
OFF-AP-10001271,6,949.0,6,19
OFF-AP-10001274,2,1435.0,2,5
OFF-AP-10001285,1,646.0,1,3
OFF-AP-10001293,7,1074.0,7,30
OFF-AP-10001298,1,2.244,1,4
OFF-AP-10001299,2,839.256,2,8
OFF-AP-10001303,4,148.0,4,9
OFF-AP-10001305,5,2072.623,5,17
OFF-AP-10001322,2,4.507,2,11
OFF-AP-10001329,1,1.705,1,6
OFF-AP-10001335,3,470.0,3,6
OFF-AP-10001366,4,187.0,4,17
OFF-AP-10001391,2,812.0,2,9
OFF-AP-10001394,5,1948.0,5,13
OFF-AP-10001402,3,411.0,3,9
OFF-AP-10001406,3,376.618,3,8
OFF-AP-10001408,1,421.0,1,3
OFF-AP-10001458,2,564.0,2,11
OFF-AP-10001469,5,758.0,4,20
OFF-AP-10001492,9,343.0,9,41
OFF-AP-10001503,2,3.708,2,14
OFF-AP-10001504,4,650.0,4,12
OFF-AP-10001510,3,1899.0,3,7
OFF-AP-10001527,2,509.284,2,11
OFF-AP-10001529,3,722.0,3,15
OFF-AP-10001548,6,1296.0,6,25
OFF-AP-10001559,4,1603.0,4,18
OFF-AP-10001563,7,951.0,7,26
OFF-AP-10001564,3,1023.0,3,6
OFF-AP-10001565,5,238.0,5,11
OFF-AP-10001567,4,2175.0,4,26
OFF-AP-10001568,5,863.0,5,16
OFF-AP-10001587,1,43.0,1,2
OFF-AP-10001593,3,4.01,3,16
OFF-AP-10001606,1,85.0,1,1
OFF-AP-10001617,6,1503.0,6,26
OFF-AP-10001621,8,1283.099,8,29
OFF-AP-10001623,6,578.163,6,31
OFF-AP-10001626,7,52.0,7,17
OFF-AP-10001630,1,2.443,1,13
OFF-AP-10001634,2,18.0,2,8
OFF-AP-10001635,1,1.057,1,2
OFF-AP-10001664,1,1.785,1,4
OFF-AP-10001670,6,2205.0,6,35
OFF-AP-10001682,6,1072.0,6,26
OFF-AP-10001692,1,1.709,1,3
OFF-AP-10001723,4,458.0,4,8
OFF-AP-10001772,4,1244.0,4,17
OFF-AP-10001776,9,2139.132,9,28
OFF-AP-10001797,2,221.0,2,5
OFF-AP-10001805,4,713.0,4,9
OFF-AP-10001815,1,1.419,1,3
OFF-AP-10001824,8,2384.683,8,26
OFF-AP-10001847,6,674.0,6,16
OFF-AP-10001876,1,325.0,1,7
OFF-AP-10001882,6,1139.0,6,22
OFF-AP-10001885,5,566.0,5,22
OFF-AP-10001891,2,380.0,2,10
OFF-AP-10001905,3,615.0,3,8
OFF-AP-10001916,2,601.0,2,7
OFF-AP-10001920,1,249.0,1,3
OFF-AP-10001926,4,1646.69,4,11
OFF-AP-10001931,8,1887.799,8,27
OFF-AP-10001941,2,465.0,2,7
OFF-AP-10001947,6,289.0,6,31
OFF-AP-10001955,1,327.0,1,4
OFF-AP-10001956,2,432.722,2,5
OFF-AP-10001962,6,230.0,6,28
OFF-AP-10001975,1,445.0,1,6
OFF-AP-10002008,1,283.0,1,1
OFF-AP-10002017,4,692.0,4,11
OFF-AP-10002041,1,62.0,1,2
OFF-AP-10002057,2,576.0,2,10
OFF-AP-10002082,6,240.0,6,14
OFF-AP-10002090,4,1737.002,4,18
OFF-AP-10002104,4,1854.902,4,16
OFF-AP-10002118,6,1666.041,6,14
OFF-AP-10002128,7,1310.0,7,19
OFF-AP-10002134,2,378.0,2,6
OFF-AP-10002165,3,392.0,3,9
OFF-AP-10002186,2,657.0,2,8
OFF-AP-10002191,5,738.0,5,15
OFF-AP-10002203,1,2.0,1,2
OFF-AP-10002222,4,108.0,4,13
OFF-AP-10002223,4,489.0,4,19
OFF-AP-10002226,3,711.0,3,8
OFF-AP-10002229,3,542.0,3,8
OFF-AP-10002238,4,998.0,4,16
OFF-AP-10002239,2,327.0,2,6
OFF-AP-10002244,3,9.532,3,20
OFF-AP-10002252,5,724.885,5,24
OFF-AP-10002264,1,269.0,1,3
OFF-AP-10002283,2,912.0,2,12
OFF-AP-10002287,5,82.0,5,22
OFF-AP-10002306,1,1.057,1,2
OFF-AP-10002311,10,1384.0,10,26
OFF-AP-10002312,4,445.721,4,20
OFF-AP-10002317,4,1072.006,4,15
OFF-AP-10002321,1,1.856,1,6
OFF-AP-10002326,4,1042.261,4,18
OFF-AP-10002330,7,560.705,7,38
OFF-AP-10002344,3,701.0,3,5
OFF-AP-10002350,8,517.0,8,29
OFF-AP-10002351,3,1285.606,3,11
OFF-AP-10002360,2,478.0,2,15
OFF-AP-10002361,4,1392.056,4,16
OFF-AP-10002364,2,283.0,2,5
OFF-AP-10002371,6,1768.285,6,32
OFF-AP-10002397,2,4.588,2,16
OFF-AP-10002403,4,448.0,4,14
OFF-AP-10002413,3,368.0,3,9
OFF-AP-10002421,1,750.0,1,2
OFF-AP-10002425,3,2198.0,3,7
OFF-AP-10002433,1,372.0,1,2
OFF-AP-10002439,7,1364.0,7,28
OFF-AP-10002457,6,1674.0,6,20
OFF-AP-10002472,2,260.0,2,10
OFF-AP-10002476,3,851.0,3,13
OFF-AP-10002495,3,453.0,3,8
OFF-AP-10002497,1,73.0,1,2
OFF-AP-10002499,3,1397.0,3,6
OFF-AP-10002518,5,1639.246,5,21
OFF-AP-10002531,7,2485.0,7,42
OFF-AP-10002534,5,1475.473,5,18
OFF-AP-10002536,2,700.049,2,5
OFF-AP-10002537,2,1413.0,2,5
OFF-AP-10002552,2,975.432,2,7
OFF-AP-10002568,4,939.0,4,19
OFF-AP-10002573,4,1466.598,4,11
OFF-AP-10002577,1,126.0,1,3
OFF-AP-10002578,7,931.0,6,21
OFF-AP-10002608,3,647.0,3,9
OFF-AP-10002625,5,1113.112,5,14
OFF-AP-10002629,1,1.287,1,4
OFF-AP-10002651,6,1337.501,6,31
OFF-AP-10002670,2,277.0,2,4
OFF-AP-10002675,2,745.973,2,9
OFF-AP-10002681,5,2026.334,5,18
OFF-AP-10002684,7,1339.702,7,31
OFF-AP-10002697,1,206.0,1,5
OFF-AP-10002698,1,278.0,1,1
OFF-AP-10002709,5,760.0,5,21
OFF-AP-10002734,1,675.0,1,3
OFF-AP-10002735,2,201.0,2,4
OFF-AP-10002753,3,221.0,3,9
OFF-AP-10002764,5,2711.0,5,14
OFF-AP-10002765,6,385.0,6,15
OFF-AP-10002793,5,483.229,5,21
OFF-AP-10002794,2,414.033,2,7
OFF-AP-10002822,3,626.0,3,11
OFF-AP-10002867,4,666.0,4,15
OFF-AP-10002872,3,529.0,3,16
OFF-AP-10002882,2,263.0,2,6
OFF-AP-10002892,7,465.0,7,22
OFF-AP-10002899,1,387.0,1,5
OFF-AP-10002904,2,4.508,2,10
OFF-AP-10002906,4,10.0,4,6
OFF-AP-10002932,2,691.035,2,5
OFF-AP-10002933,1,194.0,1,2
OFF-AP-10002938,4,920.0,4,12
OFF-AP-10002941,2,3.121,2,9
OFF-AP-10002945,8,3374.937,8,40
OFF-AP-10002960,1,256.0,1,5
OFF-AP-10002963,4,1856.0,4,23
OFF-AP-10002998,7,1164.482,7,33
OFF-AP-10003007,2,485.0,2,7
OFF-AP-10003021,1,465.0,1,1
OFF-AP-10003032,6,987.083,6,27
OFF-AP-10003040,5,665.0,5,25
OFF-AP-10003043,6,982.0,6,18
OFF-AP-10003057,3,829.029,3,14
OFF-AP-10003079,2,131.0,2,5
OFF-AP-10003099,1,198.0,1,4
OFF-AP-10003135,3,668.0,3,12
OFF-AP-10003177,3,418.0,3,11
OFF-AP-10003182,2,775.0,2,10
OFF-AP-10003184,3,3.711,3,7
OFF-AP-10003210,1,83.0,1,2
OFF-AP-10003217,3,1524.0,3,12
OFF-AP-10003221,3,4.6129999999999995,3,10
OFF-AP-10003236,1,25.0,1,1
OFF-AP-10003240,1,1.683,1,3
OFF-AP-10003259,3,1442.987,3,9
OFF-AP-10003266,4,151.0,4,12
OFF-AP-10003275,8,2961.8379999999997,8,34
OFF-AP-10003278,5,107.0,5,10
OFF-AP-10003281,5,149.0,5,15
OFF-AP-10003287,8,942.948,8,35
OFF-AP-10003298,3,657.0,3,12
OFF-AP-10003304,1,664.0,1,4
OFF-AP-10003308,2,1367.0,2,9
OFF-AP-10003318,1,45.0,1,1
OFF-AP-10003334,3,373.0,3,11
OFF-AP-10003354,1,370.0,1,2
OFF-AP-10003363,3,549.0,3,10
OFF-AP-10003380,1,210.0,1,3
OFF-AP-10003382,2,2.126,2,4
OFF-AP-10003400,2,190.0,2,5
OFF-AP-10003431,1,115.0,1,3
OFF-AP-10003442,1,67.0,1,4
OFF-AP-10003473,3,692.0,3,11
OFF-AP-10003477,1,47.0,1,1
OFF-AP-10003491,1,278.0,1,4
OFF-AP-10003497,3,206.482,3,13
OFF-AP-10003500,4,826.201,4,24
OFF-AP-10003511,3,1474.181,3,14
OFF-AP-10003524,1,884.0,1,10
OFF-AP-10003538,4,2833.0,4,15
OFF-AP-10003558,1,4.195,1,8
OFF-AP-10003559,2,1085.0,2,3
OFF-AP-10003561,3,1406.124,3,15
OFF-AP-10003562,1,272.0,1,7
OFF-AP-10003568,1,1.885,1,4
OFF-AP-10003577,2,134.138,2,4
OFF-AP-10003588,1,1.054,1,5
OFF-AP-10003590,6,883.673,6,30
OFF-AP-10003598,3,867.816,3,14
OFF-AP-10003610,3,179.0,3,8
OFF-AP-10003615,2,634.0,2,9
OFF-AP-10003618,3,529.108,3,6
OFF-AP-10003621,1,2.191,1,5
OFF-AP-10003622,6,598.0,6,31
OFF-AP-10003625,2,1432.0,2,7
OFF-AP-10003702,2,447.224,2,6
OFF-AP-10003717,7,2274.0,7,42
OFF-AP-10003758,4,1127.0,4,13
OFF-AP-10003774,1,55.0,1,2
OFF-AP-10003779,4,1473.0,4,8
OFF-AP-10003794,2,199.852,2,8
OFF-AP-10003795,3,6.184,3,13
OFF-AP-10003800,5,3136.0,5,13
OFF-AP-10003834,2,1672.0,2,5
OFF-AP-10003842,6,694.0,6,24
OFF-AP-10003849,6,2507.505,6,16
OFF-AP-10003850,2,470.0,2,8
OFF-AP-10003860,5,667.0,5,15
OFF-AP-10003866,2,752.539,2,9
OFF-AP-10003884,1,181.0,1,3
OFF-AP-10003909,1,388.0,1,4
OFF-AP-10003912,1,175.0,1,2
OFF-AP-10003914,1,13.0,1,5
OFF-AP-10003917,4,9.083,4,18
OFF-AP-10003945,4,1439.0,4,17
OFF-AP-10003956,3,468.0,3,10
OFF-AP-10003963,4,508.932,4,34
OFF-AP-10003965,1,572.0,1,2
OFF-AP-10003971,12,739.0,12,38
OFF-AP-10003972,2,362.0,2,8
OFF-AP-10003979,2,323.0,2,5
OFF-AP-10004031,3,1759.0,3,11
OFF-AP-10004036,4,200.0,4,16
OFF-AP-10004041,2,1388.0,2,5
OFF-AP-10004052,5,56.0,5,18
OFF-AP-10004063,4,2301.078,4,11
OFF-AP-10004113,4,606.0,4,20
OFF-AP-10004136,2,148.0,2,6
OFF-AP-10004140,2,4.329,2,8
OFF-AP-10004168,3,448.218,3,7
OFF-AP-10004183,4,909.405,4,18
OFF-AP-10004186,1,2.594,1,5
OFF-AP-10004191,2,597.325,2,7
OFF-AP-10004201,4,935.761,4,14
OFF-AP-10004220,2,131.0,2,5
OFF-AP-10004226,3,700.0,3,14
OFF-AP-10004227,4,2126.993,4,14
OFF-AP-10004233,2,299.0,2,9
OFF-AP-10004245,4,1896.029,4,13
OFF-AP-10004246,1,2.527,1,5
OFF-AP-10004248,1,164.0,1,2
OFF-AP-10004249,5,235.0,5,22
OFF-AP-10004274,1,175.0,1,3
OFF-AP-10004293,1,1.903,1,6
OFF-AP-10004295,2,3.776,2,8
OFF-AP-10004305,5,758.0,5,17
OFF-AP-10004336,4,547.0,4,12
OFF-AP-10004350,1,1.901,1,6
OFF-AP-10004372,1,268.0,1,4
OFF-AP-10004415,1,370.0,1,3
OFF-AP-10004425,2,303.0,2,8
OFF-AP-10004453,2,436.0,2,8
OFF-AP-10004464,4,540.828,4,10
OFF-AP-10004466,1,143.0,1,3
OFF-AP-10004487,7,2490.0,7,36
OFF-AP-10004494,1,237.0,1,3
OFF-AP-10004499,1,323.0,1,1
OFF-AP-10004511,4,502.443,4,15
OFF-AP-10004512,7,1044.124,7,38
OFF-AP-10004515,5,853.0,5,30
OFF-AP-10004527,2,438.0,2,13
OFF-AP-10004532,6,408.0,6,20
OFF-AP-10004540,4,1042.0,4,13
OFF-AP-10004569,6,1055.0,6,25
OFF-AP-10004571,1,759.0,1,2
OFF-AP-10004572,2,4.522,2,12
OFF-AP-10004627,3,726.896,3,10
OFF-AP-10004646,2,2.453,2,7
OFF-AP-10004655,2,47.0,2,5
OFF-AP-10004665,3,402.0,3,10
OFF-AP-10004698,1,724.0,1,4
OFF-AP-10004708,9,867.0,9,30
OFF-AP-10004711,1,2.08,1,4
OFF-AP-10004749,3,259.0,3,8
OFF-AP-10004755,1,1.239,1,4
OFF-AP-10004756,3,374.0,3,7
OFF-AP-10004785,5,206.005,5,24
OFF-AP-10004821,1,289.0,1,2
OFF-AP-10004825,3,529.0,3,11
OFF-AP-10004841,2,291.0,2,8
OFF-AP-10004859,8,433.0,8,35
OFF-AP-10004868,4,92.0,4,18
OFF-AP-10004869,8,2929.0,8,36
OFF-AP-10004882,1,254.0,1,1
OFF-AP-10004913,2,705.461,2,9
OFF-AP-10004919,1,144.0,1,2
OFF-AP-10004921,6,746.0,6,17
OFF-AP-10004937,1,614.0,1,2
OFF-AP-10004946,5,1027.0,5,13
OFF-AP-10004958,3,1444.278,3,11
OFF-AP-10004964,4,9.933,4,20
OFF-AP-10004972,5,877.0,5,15
OFF-AP-10004978,1,141.0,1,3
OFF-AP-10004980,4,304.0,4,14
OFF-AP-10004994,2,668.0,2,5
OFF-AR-10000019,6,303.0,5,24
OFF-AR-10000027,7,719.0,7,32
OFF-AR-10000034,6,119.0,6,29
OFF-AR-10000054,6,303.0,6,16
OFF-AR-10000058,7,1071.0,7,22
OFF-AR-10000066,10,361.0,10,38
OFF-AR-10000067,1,55.0,1,7
OFF-AR-10000079,9,1115.0,9,45
OFF-AR-10000082,4,159.0,4,12
OFF-AR-10000091,23,1624.0,23,75
OFF-AR-10000097,6,739.0,6,19
OFF-AR-10000110,22,3902.0,22,97
OFF-AR-10000120,4,577.0,4,16
OFF-AR-10000122,7,119.0,7,24
OFF-AR-10000124,16,905.0,16,53
OFF-AR-10000125,1,19.0,1,2
OFF-AR-10000127,4,65.0,4,22
OFF-AR-10000150,3,127.0,3,11
OFF-AR-10000156,1,13.0,1,2
OFF-AR-10000176,9,605.0,9,32
OFF-AR-10000179,6,863.0,6,19
OFF-AR-10000184,11,1494.0,11,54
OFF-AR-10000185,4,131.0,4,16
OFF-AR-10000203,4,68.0,4,18
OFF-AR-10000205,1,32.0,1,1
OFF-AR-10000219,7,496.0,7,33
OFF-AR-10000227,2,153.0,2,5
OFF-AR-10000242,9,876.0,9,34
OFF-AR-10000246,5,62.0,5,23
OFF-AR-10000249,6,232.0,6,14
OFF-AR-10000251,4,312.0,4,17
OFF-AR-10000255,3,76.0,3,13
OFF-AR-10000266,16,1591.0,16,65
OFF-AR-10000283,1,18.0,1,2
OFF-AR-10000293,1,104.0,1,2
OFF-AR-10000307,7,682.0,7,28
OFF-AR-10000314,3,121.0,3,9
OFF-AR-10000315,3,23.0,3,8
OFF-AR-10000316,14,505.0,14,52
OFF-AR-10000319,16,2784.0,16,59
OFF-AR-10000340,1,139.0,1,8
OFF-AR-10000347,12,330.0,12,41
OFF-AR-10000356,1,40.0,1,2
OFF-AR-10000369,3,14.0,3,11
OFF-AR-10000380,10,1619.0,10,44
OFF-AR-10000387,6,348.0,6,21
OFF-AR-10000390,10,317.0,10,35
OFF-AR-10000399,16,2281.0,15,56
OFF-AR-10000401,1,26.0,1,5
OFF-AR-10000404,5,410.0,5,24
OFF-AR-10000409,8,1271.0,8,25
OFF-AR-10000411,2,86.0,2,6
OFF-AR-10000422,8,235.0,8,31
OFF-AR-10000431,1,22.0,1,2
OFF-AR-10000444,17,874.0,17,53
OFF-AR-10000452,5,406.0,5,14
OFF-AR-10000461,5,148.0,5,14
OFF-AR-10000462,3,22.0,3,14
OFF-AR-10000465,5,256.0,5,16
OFF-AR-10000467,15,1234.0,15,53
OFF-AR-10000468,6,165.0,6,19
OFF-AR-10000475,17,1845.0,17,45
OFF-AR-10000481,8,514.0,8,32
OFF-AR-10000491,13,531.0,13,36
OFF-AR-10000493,3,62.0,3,4
OFF-AR-10000502,15,896.0,15,48
OFF-AR-10000503,5,137.0,5,22
OFF-AR-10000505,10,543.0,10,50
OFF-AR-10000513,2,88.0,2,4
OFF-AR-10000538,3,406.0,3,15
OFF-AR-10000539,10,689.0,10,34
OFF-AR-10000540,1,98.0,1,6
OFF-AR-10000543,3,121.0,3,6
OFF-AR-10000578,5,382.0,5,17
OFF-AR-10000584,11,1074.0,11,39
OFF-AR-10000588,9,479.0,9,26
OFF-AR-10000594,20,1333.0,20,70
OFF-AR-10000603,2,220.0,2,10
OFF-AR-10000614,6,139.0,6,24
OFF-AR-10000634,7,81.0,7,23
OFF-AR-10000655,5,413.0,5,14
OFF-AR-10000657,5,45.0,5,22
OFF-AR-10000658,7,264.0,7,23
OFF-AR-10000659,14,1603.0,14,54
OFF-AR-10000660,3,893.0,3,18
OFF-AR-10000676,1,93.0,1,4
OFF-AR-10000681,6,695.0,6,16
OFF-AR-10000703,8,557.0,8,32
OFF-AR-10000706,1,34.0,1,2
OFF-AR-10000711,18,847.0,18,61
OFF-AR-10000715,18,1464.0,18,61
OFF-AR-10000716,7,94.0,7,20
OFF-AR-10000719,4,313.0,4,17
OFF-AR-10000720,8,437.0,8,19
OFF-AR-10000724,14,662.0,14,45
OFF-AR-10000727,12,1986.0,12,40
OFF-AR-10000729,2,87.0,2,6
OFF-AR-10000733,1,263.0,1,5
OFF-AR-10000740,2,122.0,2,15
OFF-AR-10000751,12,754.0,12,45
OFF-AR-10000762,5,394.0,5,27
OFF-AR-10000767,1,330.0,1,10
OFF-AR-10000780,3,219.0,3,13
OFF-AR-10000785,12,2646.0,12,51
OFF-AR-10000799,20,951.0,20,66
OFF-AR-10000804,4,444.0,4,28
OFF-AR-10000812,3,123.0,3,14
OFF-AR-10000814,1,189.0,1,6
OFF-AR-10000817,7,87.0,7,30
OFF-AR-10000821,4,152.0,4,21
OFF-AR-10000823,13,600.0,12,61
OFF-AR-10000833,19,2213.0,19,72
OFF-AR-10000845,10,346.0,10,39
OFF-AR-10000851,9,1273.0,9,32
OFF-AR-10000896,2,24.0,2,8
OFF-AR-10000904,5,801.0,5,30
OFF-AR-10000914,4,102.0,4,10
OFF-AR-10000925,1,53.0,1,4
OFF-AR-10000937,2,431.0,2,13
OFF-AR-10000940,7,66.0,7,24
OFF-AR-10000953,6,572.0,6,22
OFF-AR-10000974,2,68.0,2,9
OFF-AR-10000980,16,1288.0,16,54
OFF-AR-10000989,3,304.0,3,8
OFF-AR-10001002,9,1583.0,9,35
OFF-AR-10001022,3,15.0,3,5
OFF-AR-10001026,3,31.0,3,14
OFF-AR-10001029,2,76.0,2,6
OFF-AR-10001030,3,89.0,3,5
OFF-AR-10001043,9,379.0,9,29
OFF-AR-10001044,9,619.0,9,27
OFF-AR-10001053,4,342.0,4,17
OFF-AR-10001061,5,475.0,5,16
OFF-AR-10001068,10,1680.0,10,40
OFF-AR-10001072,9,220.0,9,28
OFF-AR-10001073,5,445.0,5,23
OFF-AR-10001074,2,189.0,2,12
OFF-AR-10001107,1,27.0,1,2
OFF-AR-10001110,12,1658.0,12,55
OFF-AR-10001117,1,40.0,1,4
OFF-AR-10001118,2,16.0,2,5
OFF-AR-10001129,1,12.0,1,2
OFF-AR-10001130,2,16.0,2,8
OFF-AR-10001132,7,490.0,7,24
OFF-AR-10001134,4,150.0,4,13
OFF-AR-10001149,7,82.0,7,30
OFF-AR-10001162,1,244.0,1,14
OFF-AR-10001166,3,61.0,3,8
OFF-AR-10001176,5,236.0,5,17
OFF-AR-10001177,3,43.0,3,14
OFF-AR-10001190,13,1484.0,13,32
OFF-AR-10001192,6,876.0,6,25
OFF-AR-10001195,1,190.0,1,6
OFF-AR-10001208,6,761.0,6,21
OFF-AR-10001216,17,1549.0,17,64
OFF-AR-10001221,2,75.0,2,14
OFF-AR-10001226,4,314.0,4,12
OFF-AR-10001227,2,24.0,2,8
OFF-AR-10001228,20,1950.0,20,88
OFF-AR-10001230,6,981.0,6,37
OFF-AR-10001231,3,30.0,3,14
OFF-AR-10001232,6,1064.0,6,25
OFF-AR-10001244,1,86.0,1,4
OFF-AR-10001246,7,80.0,7,32
OFF-AR-10001266,9,1188.0,9,27
OFF-AR-10001269,14,1509.0,14,51
OFF-AR-10001271,5,294.0,5,19
OFF-AR-10001278,6,666.0,6,47
OFF-AR-10001291,11,1993.0,11,40
OFF-AR-10001315,7,39.0,7,25
OFF-AR-10001329,8,382.0,8,27
OFF-AR-10001336,2,172.0,2,15
OFF-AR-10001338,1,43.0,1,3
OFF-AR-10001374,6,123.0,6,21
OFF-AR-10001386,2,329.0,2,8
OFF-AR-10001402,6,260.0,6,23
OFF-AR-10001405,3,197.0,3,11
OFF-AR-10001418,20,2019.0,20,81
OFF-AR-10001419,6,128.0,6,34
OFF-AR-10001423,2,228.0,2,8
OFF-AR-10001427,4,60.0,4,11
OFF-AR-10001446,5,197.0,5,20
OFF-AR-10001461,9,2059.0,9,37
OFF-AR-10001462,11,640.0,11,40
OFF-AR-10001468,3,210.0,3,7
OFF-AR-10001473,3,28.0,3,10
OFF-AR-10001479,2,90.0,2,4
OFF-AR-10001482,16,943.0,16,46
OFF-AR-10001495,6,687.0,6,24
OFF-AR-10001508,5,691.0,5,16
OFF-AR-10001518,8,579.0,8,27
OFF-AR-10001525,5,172.0,5,18
OFF-AR-10001529,20,1700.0,20,78
OFF-AR-10001533,11,1693.0,11,37
OFF-AR-10001535,2,270.0,2,8
OFF-AR-10001545,6,37.0,6,23
OFF-AR-10001546,9,1299.0,9,32
OFF-AR-10001547,8,62.0,8,30
OFF-AR-10001570,1,107.0,1,2
OFF-AR-10001571,1,11.0,1,4
OFF-AR-10001573,6,49.0,6,21
OFF-AR-10001578,12,1060.0,12,42
OFF-AR-10001598,1,51.0,1,4
OFF-AR-10001599,10,1576.0,10,41
OFF-AR-10001602,3,232.0,3,6
OFF-AR-10001606,9,958.0,9,51
OFF-AR-10001607,13,840.0,12,38
OFF-AR-10001609,3,132.0,3,11
OFF-AR-10001612,1,29.0,1,2
OFF-AR-10001615,7,462.0,7,25
OFF-AR-10001622,3,124.0,3,9
OFF-AR-10001626,8,301.0,8,21
OFF-AR-10001645,1,9.0,1,1
OFF-AR-10001654,1,32.0,1,2
OFF-AR-10001659,5,299.0,5,19
OFF-AR-10001662,7,76.0,7,30
OFF-AR-10001672,12,2380.0,12,55
OFF-AR-10001678,7,522.0,7,24
OFF-AR-10001683,6,172.0,6,19
OFF-AR-10001694,5,538.0,5,16
OFF-AR-10001696,1,20.0,1,5
OFF-AR-10001708,4,469.0,4,10
OFF-AR-10001714,14,1332.0,14,55
OFF-AR-10001720,8,2101.0,8,44
OFF-AR-10001725,6,298.0,6,13
OFF-AR-10001738,3,365.0,3,13
OFF-AR-10001752,7,232.0,7,29
OFF-AR-10001759,13,2126.0,13,57
OFF-AR-10001761,6,124.0,6,24
OFF-AR-10001770,9,310.0,9,26
OFF-AR-10001773,7,742.0,7,32
OFF-AR-10001777,20,3351.0,19,73
OFF-AR-10001812,9,487.0,9,32
OFF-AR-10001813,5,298.0,5,19
OFF-AR-10001823,4,346.0,4,21
OFF-AR-10001833,5,142.0,5,14
OFF-AR-10001850,12,1058.0,12,50
OFF-AR-10001860,6,175.0,6,27
OFF-AR-10001862,3,125.0,3,13
OFF-AR-10001868,8,39.0,8,24
OFF-AR-10001879,2,162.0,2,13
OFF-AR-10001897,5,403.0,5,24
OFF-AR-10001898,15,1115.0,14,45
OFF-AR-10001915,7,289.0,7,31
OFF-AR-10001919,7,32.0,7,17
OFF-AR-10001922,5,133.0,5,16
OFF-AR-10001940,4,45.0,4,15
OFF-AR-10001952,4,491.0,4,11
OFF-AR-10001953,7,1073.0,7,27
OFF-AR-10001954,4,76.0,4,17
OFF-AR-10001955,8,512.0,8,28
OFF-AR-10001958,7,275.0,7,19
OFF-AR-10001965,7,776.0,7,30
OFF-AR-10001972,3,20.0,3,14
OFF-AR-10001988,3,78.0,3,13
OFF-AR-10001991,6,309.0,6,23
OFF-AR-10002022,4,466.0,4,10
OFF-AR-10002036,5,369.0,5,17
OFF-AR-10002037,10,1644.0,10,36
OFF-AR-10002053,7,82.0,7,29
OFF-AR-10002055,8,342.0,8,25
OFF-AR-10002060,2,29.0,2,4
OFF-AR-10002067,6,531.0,6,27
OFF-AR-10002094,11,825.0,11,33
OFF-AR-10002096,2,119.0,2,7
OFF-AR-10002105,4,140.0,4,8
OFF-AR-10002109,13,1898.0,13,44
OFF-AR-10002111,4,199.0,4,14
OFF-AR-10002113,15,723.0,15,42
OFF-AR-10002115,6,608.0,6,17
OFF-AR-10002116,12,548.0,12,40
OFF-AR-10002135,5,1167.0,5,25
OFF-AR-10002144,5,245.0,5,29
OFF-AR-10002145,6,1026.0,6,22
OFF-AR-10002153,2,23.0,2,7
OFF-AR-10002156,12,699.0,12,51
OFF-AR-10002165,12,2694.0,11,54
OFF-AR-10002221,3,18.0,3,8
OFF-AR-10002236,5,343.0,5,14
OFF-AR-10002240,4,573.0,4,16
OFF-AR-10002255,16,1843.0,16,49
OFF-AR-10002256,6,767.0,6,18
OFF-AR-10002257,6,50.0,6,18
OFF-AR-10002260,5,179.0,5,14
OFF-AR-10002280,2,55.0,2,9
OFF-AR-10002331,1,411.0,1,8
OFF-AR-10002335,12,734.0,12,41
OFF-AR-10002340,7,773.0,7,32
OFF-AR-10002346,5,175.0,5,13
OFF-AR-10002364,5,114.0,5,10
OFF-AR-10002375,7,82.0,7,26
OFF-AR-10002380,6,331.0,6,27
OFF-AR-10002382,8,891.0,8,33
OFF-AR-10002389,5,180.0,5,15
OFF-AR-10002392,5,228.0,5,17
OFF-AR-10002399,7,110.0,7,27
OFF-AR-10002400,4,288.0,4,16
OFF-AR-10002415,1,40.0,1,3
OFF-AR-10002417,9,1192.0,9,30
OFF-AR-10002419,1,13.0,1,2
OFF-AR-10002433,12,429.0,12,43
OFF-AR-10002440,3,170.0,3,16
OFF-AR-10002445,7,208.0,7,30
OFF-AR-10002447,7,1571.0,7,34
OFF-AR-10002454,15,2609.0,15,51
OFF-AR-10002458,2,356.0,2,10
OFF-AR-10002467,3,38.0,3,13
OFF-AR-10002485,12,1140.0,12,44
OFF-AR-10002486,5,387.0,5,20
OFF-AR-10002499,4,388.0,4,22
OFF-AR-10002513,6,996.0,6,24
OFF-AR-10002517,1,23.0,1,2
OFF-AR-10002535,8,384.0,8,24
OFF-AR-10002538,4,540.0,4,17
OFF-AR-10002564,7,143.0,7,16
OFF-AR-10002575,1,121.0,1,4
OFF-AR-10002578,4,36.0,4,12
OFF-AR-10002583,4,410.0,4,25
OFF-AR-10002605,3,505.0,3,17
OFF-AR-10002640,14,779.0,14,55
OFF-AR-10002650,5,216.0,5,15
OFF-AR-10002656,5,149.0,5,24
OFF-AR-10002665,7,487.0,7,22
OFF-AR-10002671,1,1.113,1,8
OFF-AR-10002672,10,538.0,10,32
OFF-AR-10002677,12,712.0,12,54
OFF-AR-10002681,13,2721.0,13,57
OFF-AR-10002704,1,15.0,1,1
OFF-AR-10002706,8,914.0,8,31
OFF-AR-10002710,4,82.0,4,12
OFF-AR-10002714,1,322.0,1,8
OFF-AR-10002727,7,611.0,7,26
OFF-AR-10002745,2,222.0,2,7
OFF-AR-10002747,7,1065.0,7,20
OFF-AR-10002766,4,56.0,4,22
OFF-AR-10002783,12,1376.0,12,58
OFF-AR-10002797,7,463.0,7,33
OFF-AR-10002800,3,171.0,3,6
OFF-AR-10002802,7,697.0,7,35
OFF-AR-10002804,5,38.0,5,8
OFF-AR-10002805,20,3463.0,20,74
OFF-AR-10002811,1,7.0,1,2
OFF-AR-10002816,11,2225.0,11,44
OFF-AR-10002818,2,198.0,2,9
OFF-AR-10002824,9,740.0,9,44
OFF-AR-10002833,6,29.0,6,18
OFF-AR-10002847,3,136.0,3,13
OFF-AR-10002852,11,396.0,11,36
OFF-AR-10002882,8,940.0,8,30
OFF-AR-10002897,4,235.0,4,11
OFF-AR-10002902,11,1852.0,11,37
OFF-AR-10002939,7,626.0,7,35
OFF-AR-10002952,4,294.0,4,24
OFF-AR-10002956,6,444.0,6,23
OFF-AR-10002975,7,1048.0,7,36
OFF-AR-10002987,7,437.0,7,24
OFF-AR-10002991,10,895.0,10,39
OFF-AR-10003005,12,904.0,12,35
OFF-AR-10003012,12,1148.0,12,49
OFF-AR-10003021,4,885.0,4,19
OFF-AR-10003023,2,72.0,2,4
OFF-AR-10003028,2,83.0,2,5
OFF-AR-10003031,12,439.0,12,43
OFF-AR-10003045,7,91.0,7,32
OFF-AR-10003046,7,1004.0,7,23
OFF-AR-10003056,7,97.0,7,23
OFF-AR-10003066,17,2184.0,17,84
OFF-AR-10003077,4,203.0,4,11
OFF-AR-10003085,1,45.0,1,2
OFF-AR-10003087,3,25.0,3,15
OFF-AR-10003096,5,569.0,5,24
OFF-AR-10003110,7,1062.0,7,24
OFF-AR-10003113,15,673.0,15,66
OFF-AR-10003117,15,1036.0,15,42
OFF-AR-10003123,4,453.0,4,15
OFF-AR-10003156,5,137.0,5,14
OFF-AR-10003157,1,19.0,1,2
OFF-AR-10003158,5,91.0,5,26
OFF-AR-10003179,13,516.0,12,44
OFF-AR-10003183,8,66.0,8,24
OFF-AR-10003190,6,49.0,6,17
OFF-AR-10003217,13,600.0,13,47
OFF-AR-10003228,2,306.0,2,10
OFF-AR-10003245,5,965.0,5,29
OFF-AR-10003247,14,1251.0,14,59
OFF-AR-10003249,1,61.0,1,2
OFF-AR-10003251,7,45.0,7,17
OFF-AR-10003253,1,70.0,1,4
OFF-AR-10003281,2,58.0,2,6
OFF-AR-10003291,3,286.0,3,12
OFF-AR-10003321,3,183.0,3,16
OFF-AR-10003336,8,592.0,8,34
OFF-AR-10003338,7,140.0,7,20
OFF-AR-10003369,4,205.0,4,7
OFF-AR-10003373,7,873.0,7,32
OFF-AR-10003377,13,1592.0,13,57
OFF-AR-10003384,9,496.0,9,29
OFF-AR-10003394,5,68.0,5,24
OFF-AR-10003405,4,96.0,4,19
OFF-AR-10003446,6,437.0,6,23
OFF-AR-10003448,3,361.0,3,14
OFF-AR-10003450,8,766.0,8,29
OFF-AR-10003457,9,1680.0,8,36
OFF-AR-10003461,7,310.0,6,13
OFF-AR-10003466,7,245.0,7,17
OFF-AR-10003469,8,44.0,8,27
OFF-AR-10003477,1,8.0,1,6
OFF-AR-10003478,6,220.0,6,31
OFF-AR-10003481,6,66.0,6,24
OFF-AR-10003504,7,126.0,7,32
OFF-AR-10003514,8,172.0,8,44
OFF-AR-10003521,9,375.0,9,27
OFF-AR-10003532,1,18.0,1,1
OFF-AR-10003536,6,625.0,6,25
OFF-AR-10003551,5,101.0,5,11
OFF-AR-10003554,6,962.0,6,25
OFF-AR-10003557,1,38.0,1,2
OFF-AR-10003560,6,100.0,6,20
OFF-AR-10003582,15,1262.0,15,47
OFF-AR-10003592,5,248.0,5,12
OFF-AR-10003602,7,82.0,7,15
OFF-AR-10003613,5,1291.0,5,31
OFF-AR-10003620,1,257.0,1,8
OFF-AR-10003629,13,2840.0,13,51
OFF-AR-10003630,9,1252.0,9,33
OFF-AR-10003631,4,124.0,4,30
OFF-AR-10003633,12,1808.0,12,38
OFF-AR-10003651,35,2882.0,34,163
OFF-AR-10003658,12,1051.0,12,38
OFF-AR-10003673,4,247.0,4,11
OFF-AR-10003674,3,236.0,3,11
OFF-AR-10003680,9,349.0,9,19
OFF-AR-10003683,2,399.0,2,8
OFF-AR-10003684,6,467.0,6,10
OFF-AR-10003685,3,358.0,3,11
OFF-AR-10003688,1,67.0,1,5
OFF-AR-10003691,6,495.0,5,20
OFF-AR-10003696,3,125.0,3,4
OFF-AR-10003723,2,20.0,2,6
OFF-AR-10003727,4,255.0,4,17
OFF-AR-10003732,11,87.0,11,33
OFF-AR-10003738,3,418.0,3,10
OFF-AR-10003752,5,182.0,5,17
OFF-AR-10003758,4,269.0,4,9
OFF-AR-10003759,7,60.0,7,35
OFF-AR-10003766,5,424.0,5,13
OFF-AR-10003770,2,26.0,2,9
OFF-AR-10003772,2,44.0,2,5
OFF-AR-10003774,7,982.0,7,25
OFF-AR-10003794,6,273.0,6,22
OFF-AR-10003806,1,95.0,1,2
OFF-AR-10003811,4,41.0,4,18
OFF-AR-10003816,7,258.0,7,25
OFF-AR-10003829,31,1730.0,30,117
OFF-AR-10003856,6,45.0,6,18
OFF-AR-10003875,11,479.0,11,38
OFF-AR-10003876,2,26.0,2,9
OFF-AR-10003890,1,72.0,1,6
OFF-AR-10003896,1,18.0,1,3
OFF-AR-10003897,5,227.0,5,19
OFF-AR-10003903,4,566.0,4,14
OFF-AR-10003913,5,205.0,5,19
OFF-AR-10003914,6,796.0,6,24
OFF-AR-10003957,5,561.0,4,14
OFF-AR-10003958,2,10.0,2,4
OFF-AR-10003962,4,416.0,4,24
OFF-AR-10003978,4,310.0,4,8
OFF-AR-10003986,1,8.0,1,2
OFF-AR-10003989,4,259.0,4,16
OFF-AR-10004009,4,453.0,4,25
OFF-AR-10004010,12,1347.0,11,62
OFF-AR-10004012,5,224.0,5,24
OFF-AR-10004022,6,705.0,6,22
OFF-AR-10004027,3,18.0,3,8
OFF-AR-10004042,6,496.0,6,30
OFF-AR-10004049,1,49.0,1,4
OFF-AR-10004062,3,157.0,3,15
OFF-AR-10004068,5,459.0,5,17
OFF-AR-10004077,3,108.0,3,8
OFF-AR-10004078,11,235.0,11,49
OFF-AR-10004109,7,631.0,7,19
OFF-AR-10004115,8,586.0,8,31
OFF-AR-10004116,1,58.0,1,2
OFF-AR-10004132,3,83.0,3,10
OFF-AR-10004138,7,271.0,7,31
OFF-AR-10004139,2,412.0,2,10
OFF-AR-10004148,4,122.0,4,12
OFF-AR-10004151,11,1849.0,11,40
OFF-AR-10004153,5,123.0,5,8
OFF-AR-10004165,3,26.0,3,12
OFF-AR-10004173,4,49.0,4,7
OFF-AR-10004215,1,84.0,1,6
OFF-AR-10004218,11,685.0,11,32
OFF-AR-10004219,3,328.0,3,13
OFF-AR-10004260,3,390.0,3,15
OFF-AR-10004269,5,95.0,5,24
OFF-AR-10004272,2,8.0,2,5
OFF-AR-10004303,6,469.0,6,25
OFF-AR-10004344,6,331.0,6,31
OFF-AR-10004348,7,463.0,7,15
OFF-AR-10004360,8,219.0,8,24
OFF-AR-10004362,1,29.0,1,2
OFF-AR-10004373,6,272.0,6,17
OFF-AR-10004422,4,422.0,4,19
OFF-AR-10004424,6,405.0,6,18
OFF-AR-10004441,7,85.0,7,23
OFF-AR-10004454,5,132.0,5,14
OFF-AR-10004456,8,540.0,8,29
OFF-AR-10004485,2,36.0,2,4
OFF-AR-10004486,9,1602.0,8,36
OFF-AR-10004492,17,3652.0,16,69
OFF-AR-10004511,2,48.0,2,11
OFF-AR-10004519,20,4313.0,20,86
OFF-AR-10004552,1,26.0,1,1
OFF-AR-10004559,1,7.0,1,1
OFF-AR-10004582,5,24.0,5,17
OFF-AR-10004587,2,60.0,2,3
OFF-AR-10004594,4,487.0,4,18
OFF-AR-10004602,7,534.0,7,25
OFF-AR-10004614,3,201.0,3,7
OFF-AR-10004648,4,341.0,4,17
OFF-AR-10004651,5,362.0,5,24
OFF-AR-10004652,1,15.0,1,3
OFF-AR-10004656,4,619.0,4,14
OFF-AR-10004685,7,88.0,7,20
OFF-AR-10004691,3,171.0,3,8
OFF-AR-10004707,2,9.0,2,4
OFF-AR-10004739,10,2187.0,10,44
OFF-AR-10004744,1,93.0,1,2
OFF-AR-10004746,1,40.0,1,4
OFF-AR-10004748,3,242.0,3,12
OFF-AR-10004749,5,1569.0,5,37
OFF-AR-10004752,4,49.0,4,19
OFF-AR-10004757,11,122.0,11,40
OFF-AR-10004772,6,314.0,6,27
OFF-AR-10004780,5,339.0,5,18
OFF-AR-10004790,2,48.0,2,5
OFF-AR-10004817,3,51.0,3,11
OFF-AR-10004818,10,374.0,10,25
OFF-AR-10004825,22,3947.0,22,77
OFF-AR-10004881,10,1768.0,10,40
OFF-AR-10004884,10,325.0,8,31
OFF-AR-10004900,9,1324.0,9,29
OFF-AR-10004918,1,26.0,1,2
OFF-AR-10004920,6,698.0,6,25
OFF-AR-10004930,3,38.0,3,6
OFF-AR-10004956,3,48.0,3,10
OFF-AR-10004961,2,220.0,2,8
OFF-AR-10004974,1,10.0,1,3
OFF-AR-10004986,10,535.0,10,37
OFF-AR-10004990,4,328.0,4,21
OFF-AR-10004999,6,146.0,6,25
OFF-AVE-10000065,5,98.0,5,12
OFF-AVE-10000110,4,34.0,4,6
OFF-AVE-10000357,7,196.0,7,22
OFF-AVE-10000418,2,18.0,2,2
OFF-AVE-10000432,11,145.0,11,30
OFF-AVE-10000543,11,47.0,11,21
OFF-AVE-10000585,2,27.0,2,3
OFF-AVE-10000608,13,239.0,13,36
OFF-AVE-10000802,2,26.0,2,3
OFF-AVE-10000894,4,81.0,4,10
OFF-AVE-10000909,7,249.0,7,21
OFF-AVE-10001079,2,27.0,2,3
OFF-AVE-10001367,1,11.0,1,1
OFF-AVE-10001473,4,215.0,4,19
OFF-AVE-10001750,12,640.0,12,27
OFF-AVE-10001847,11,110.0,11,16
OFF-AVE-10002014,4,58.0,4,8
OFF-AVE-10002024,10,168.0,10,30
OFF-AVE-10002079,9,749.0,9,23
OFF-AVE-10002102,12,368.0,12,19
OFF-AVE-10002311,4,158.0,4,15
OFF-AVE-10002892,14,538.0,14,24
OFF-AVE-10003279,14,140.0,14,26
OFF-AVE-10003465,11,200.0,11,16
OFF-AVE-10003504,6,95.0,6,10
OFF-AVE-10003549,9,1358.0,9,29
OFF-AVE-10003558,4,126.0,4,18
OFF-AVE-10003740,15,1483.0,15,36
OFF-AVE-10004148,3,71.0,3,6
OFF-AVE-10004159,4,124.0,4,13
OFF-AVE-10004251,9,1013.0,9,22
OFF-AVE-10004308,11,282.0,11,23
OFF-AVE-10004310,4,147.0,4,17
OFF-AVE-10004312,10,135.0,9,24
OFF-AVE-10004404,5,84.0,5,10
OFF-AVE-10004412,2,34.0,2,4
OFF-AVE-10004508,6,42.0,6,9
OFF-AVE-10004512,17,242.0,17,57
OFF-AVE-10004536,2,19.0,2,3
OFF-AVE-10004556,13,235.0,13,60
OFF-AVE-10004570,9,97.0,9,13
OFF-AVE-10004708,13,213.0,13,18
OFF-AVE-10004732,3,14.0,3,5
OFF-AVE-10004827,14,171.0,14,21
OFF-AVE-10004828,5,138.0,5,14
OFF-AVE-10004909,12,544.0,12,22
OFF-BI-10000006,10,716.0,10,45
OFF-BI-10000014,8,175.0,8,29
OFF-BI-10000029,8,947.0,8,28
OFF-BI-10000042,12,222.0,12,36
OFF-BI-10000050,10,199.0,10,42
OFF-BI-10000051,1,69.0,1,5
OFF-BI-10000069,8,434.0,7,38
OFF-BI-10000070,4,187.0,4,11
OFF-BI-10000081,8,285.0,8,35
OFF-BI-10000088,8,242.0,8,36
OFF-BI-10000089,12,1348.0,12,56
OFF-BI-10000106,8,115.0,8,28
OFF-BI-10000115,12,236.0,12,43
OFF-BI-10000121,9,228.0,9,35
OFF-BI-10000124,11,446.0,11,63
OFF-BI-10000126,4,66.0,4,13
OFF-BI-10000136,13,281.0,13,51
OFF-BI-10000138,8,92.0,8,31
OFF-BI-10000145,13,81.0,13,44
OFF-BI-10000168,12,205.0,11,39
OFF-BI-10000171,11,266.0,11,43
OFF-BI-10000172,1,30.0,1,6
OFF-BI-10000174,9,192.0,9,47
OFF-BI-10000179,20,1434.0,19,56
OFF-BI-10000185,10,329.0,10,40
OFF-BI-10000188,14,147.0,14,46
OFF-BI-10000201,6,25.0,6,25
OFF-BI-10000206,7,276.0,7,26
OFF-BI-10000216,3,55.0,3,9
OFF-BI-10000232,3,158.0,3,8
OFF-BI-10000267,7,152.0,7,27
OFF-BI-10000279,4,85.0,4,10
OFF-BI-10000280,10,231.0,10,52
OFF-BI-10000282,8,450.0,8,31
OFF-BI-10000285,5,73.0,5,22
OFF-BI-10000287,1,27.0,1,4
OFF-BI-10000289,13,649.0,12,57
OFF-BI-10000301,13,166.0,13,50
OFF-BI-10000305,7,226.0,7,22
OFF-BI-10000308,6,460.0,6,34
OFF-BI-10000309,9,268.0,9,35
OFF-BI-10000312,14,569.0,13,49
OFF-BI-10000315,7,452.0,7,35
OFF-BI-10000320,10,173.0,10,30
OFF-BI-10000323,9,822.0,9,30
OFF-BI-10000325,13,294.0,13,45
OFF-BI-10000328,10,1552.0,10,34
OFF-BI-10000329,13,699.0,13,46
OFF-BI-10000335,11,670.0,11,38
OFF-BI-10000340,9,1579.0,8,36
OFF-BI-10000341,19,3549.0,19,75
OFF-BI-10000343,12,103.0,12,44
OFF-BI-10000346,15,1720.0,14,61
OFF-BI-10000348,5,140.0,5,25
OFF-BI-10000359,1,30.0,1,2
OFF-BI-10000368,15,706.0,15,57
OFF-BI-10000373,5,98.0,5,16
OFF-BI-10000389,12,2592.0,12,55
OFF-BI-10000390,1,4.0,1,2
OFF-BI-10000397,1,5.0,1,3
OFF-BI-10000404,13,227.0,13,40
OFF-BI-10000419,4,341.0,4,18
OFF-BI-10000423,10,556.0,10,29
OFF-BI-10000439,4,71.0,4,12
OFF-BI-10000440,10,427.0,10,46
OFF-BI-10000474,7,197.0,7,32
OFF-BI-10000482,6,746.0,6,30
OFF-BI-10000490,6,260.0,6,31
OFF-BI-10000494,4,11.0,4,6
OFF-BI-10000501,4,127.0,4,14
OFF-BI-10000506,11,380.0,11,41
OFF-BI-10000517,11,476.0,11,48
OFF-BI-10000518,6,141.0,6,24
OFF-BI-10000538,13,2127.0,13,45
OFF-BI-10000542,23,1631.0,23,77
OFF-BI-10000545,9,1235.808,9,48
OFF-BI-10000546,12,88.0,12,50
OFF-BI-10000561,4,557.0,4,11
OFF-BI-10000563,13,441.0,13,64
OFF-BI-10000583,6,102.0,6,31
OFF-BI-10000590,6,814.0,6,20
OFF-BI-10000591,4,26.0,4,8
OFF-BI-10000605,9,90.0,9,28
OFF-BI-10000620,13,393.0,12,61
OFF-BI-10000621,3,344.0,3,12
OFF-BI-10000631,1,7.0,1,1
OFF-BI-10000632,11,1219.0,11,38
OFF-BI-10000636,2,39.0,2,9
OFF-BI-10000666,8,655.0,8,29
OFF-BI-10000698,7,96.0,7,25
OFF-BI-10000707,1,17.0,1,1
OFF-BI-10000719,6,47.0,6,20
OFF-BI-10000721,12,731.0,12,53
OFF-BI-10000724,1,10.0,1,2
OFF-BI-10000725,1,101.0,1,2
OFF-BI-10000734,8,1253.0,8,27
OFF-BI-10000756,8,94.0,8,39
OFF-BI-10000765,7,69.0,7,20
OFF-BI-10000769,8,262.0,8,32
OFF-BI-10000773,8,66.0,8,25
OFF-BI-10000777,8,356.0,8,28
OFF-BI-10000778,4,497.0,4,15
OFF-BI-10000787,2,48.0,2,12
OFF-BI-10000806,9,255.0,9,38
OFF-BI-10000813,9,1175.0,9,39
OFF-BI-10000814,11,290.0,11,38
OFF-BI-10000815,8,790.0,8,25
OFF-BI-10000816,7,341.0,7,18
OFF-BI-10000821,10,130.0,10,27
OFF-BI-10000822,5,68.0,5,17
OFF-BI-10000827,10,385.0,10,40
OFF-BI-10000829,7,142.0,7,35
OFF-BI-10000831,3,10.0,3,9
OFF-BI-10000844,6,91.0,6,23
OFF-BI-10000848,6,39.0,6,14
OFF-BI-10000854,9,425.0,9,36
OFF-BI-10000871,10,468.0,10,43
OFF-BI-10000880,4,314.0,4,29
OFF-BI-10000894,16,561.0,16,57
OFF-BI-10000925,10,98.0,10,41
OFF-BI-10000928,6,152.0,6,12
OFF-BI-10000930,8,81.0,8,43
OFF-BI-10000948,6,146.0,6,17
OFF-BI-10000960,1,5.0,1,2
OFF-BI-10000962,10,411.0,10,36
OFF-BI-10000963,10,168.0,10,31
OFF-BI-10000968,1,14.0,1,2
OFF-BI-10000972,15,1872.0,15,63
OFF-BI-10000977,13,1100.0,13,47
OFF-BI-10001002,9,410.0,9,55
OFF-BI-10001028,8,536.0,8,22
OFF-BI-10001031,8,99.0,8,27
OFF-BI-10001032,5,823.0,5,23
OFF-BI-10001036,8,209.0,8,40
OFF-BI-10001049,1,21.0,1,4
OFF-BI-10001055,9,162.0,9,30
OFF-BI-10001058,10,1960.0,10,40
OFF-BI-10001067,5,221.0,5,22
OFF-BI-10001071,7,1574.0,7,31
OFF-BI-10001072,4,136.0,4,15
OFF-BI-10001078,7,176.0,7,37
OFF-BI-10001089,1,40.0,1,3
OFF-BI-10001096,7,389.0,6,28
OFF-BI-10001097,10,194.0,10,36
OFF-BI-10001098,9,234.0,9,31
OFF-BI-10001107,7,269.0,7,31
OFF-BI-10001116,10,116.0,10,46
OFF-BI-10001119,16,287.0,16,51
OFF-BI-10001120,3,15.876,3,13
OFF-BI-10001124,17,697.0,16,60
OFF-BI-10001132,4,63.0,4,23
OFF-BI-10001135,1,7.0,1,2
OFF-BI-10001138,11,918.0,11,36
OFF-BI-10001150,4,44.0,4,9
OFF-BI-10001153,4,142.0,4,8
OFF-BI-10001167,3,29.0,3,5
OFF-BI-10001183,5,346.0,5,19
OFF-BI-10001191,17,567.0,17,75
OFF-BI-10001192,7,531.0,7,40
OFF-BI-10001196,4,240.0,4,17
OFF-BI-10001199,10,182.0,10,32
OFF-BI-10001200,8,364.0,8,33
OFF-BI-10001248,9,311.0,9,43
OFF-BI-10001249,22,411.0,22,80
OFF-BI-10001253,13,785.0,13,60
OFF-BI-10001254,11,1004.0,11,33
OFF-BI-10001266,6,610.0,6,23
OFF-BI-10001267,5,73.0,5,20
OFF-BI-10001275,9,167.0,9,42
OFF-BI-10001279,1,24.0,1,3
OFF-BI-10001284,1,3.0,1,2
OFF-BI-10001286,7,200.0,7,27
OFF-BI-10001293,6,480.0,6,19
OFF-BI-10001294,5,271.0,5,31
OFF-BI-10001304,6,466.0,6,24
OFF-BI-10001305,1,53.0,1,4
OFF-BI-10001308,8,110.0,8,30
OFF-BI-10001312,5,510.0,5,18
OFF-BI-10001324,17,1074.0,17,68
OFF-BI-10001326,8,356.0,8,29
OFF-BI-10001347,2,19.0,2,2
OFF-BI-10001359,11,2349.492,11,37
OFF-BI-10001362,9,239.0,9,30
OFF-BI-10001384,13,675.0,13,55
OFF-BI-10001397,2,68.0,2,6
OFF-BI-10001399,8,239.0,8,25
OFF-BI-10001400,10,858.0,10,32
OFF-BI-10001407,1,27.0,1,2
OFF-BI-10001422,4,256.0,4,16
OFF-BI-10001430,13,216.0,13,57
OFF-BI-10001456,1,31.0,1,4
OFF-BI-10001460,5,269.0,5,23
OFF-BI-10001504,12,1546.0,12,46
OFF-BI-10001507,19,511.0,19,55
OFF-BI-10001510,7,505.0,7,33
OFF-BI-10001524,14,780.0,14,67
OFF-BI-10001525,8,65.0,8,37
OFF-BI-10001533,10,1252.0,10,40
OFF-BI-10001543,8,843.0,8,30
OFF-BI-10001544,13,234.0,13,59
OFF-BI-10001546,1,5.0,1,2
OFF-BI-10001553,8,111.0,8,22
OFF-BI-10001568,10,587.0,10,43
OFF-BI-10001575,6,209.0,6,18
OFF-BI-10001597,12,1218.0,12,47
OFF-BI-10001598,8,119.0,8,39
OFF-BI-10001613,9,107.0,9,25
OFF-BI-10001617,7,184.0,7,26
OFF-BI-10001621,17,3217.0,17,71
OFF-BI-10001622,9,1352.0,9,48
OFF-BI-10001628,10,287.0,10,39
OFF-BI-10001634,6,115.0,6,21
OFF-BI-10001636,9,208.0,9,41
OFF-BI-10001639,12,711.0,12,47
OFF-BI-10001643,6,373.0,5,24
OFF-BI-10001645,8,1509.0,8,31
OFF-BI-10001650,4,512.0,4,20
OFF-BI-10001658,12,466.0,11,34
OFF-BI-10001659,12,404.0,12,60
OFF-BI-10001662,7,288.0,7,30
OFF-BI-10001670,11,900.0,11,40
OFF-BI-10001679,5,72.0,5,19
OFF-BI-10001685,11,226.0,11,36
OFF-BI-10001717,11,208.0,11,35
OFF-BI-10001718,10,2267.0,10,50
OFF-BI-10001721,4,346.0,4,21
OFF-BI-10001723,17,872.0,17,76
OFF-BI-10001744,6,882.0,6,19
OFF-BI-10001754,13,490.0,13,35
OFF-BI-10001757,10,114.0,10,48
OFF-BI-10001758,4,101.0,4,23
OFF-BI-10001759,5,59.0,5,24
OFF-BI-10001765,6,554.0,6,22
OFF-BI-10001787,4,62.0,4,17
OFF-BI-10001804,10,601.0,10,46
OFF-BI-10001808,24,4347.0,24,112
OFF-BI-10001815,1,12.0,1,2
OFF-BI-10001819,1,14.0,1,4
OFF-BI-10001820,11,1638.0,11,36
OFF-BI-10001833,11,381.0,11,52
OFF-BI-10001843,3,48.0,3,8
OFF-BI-10001858,4,806.0,4,16
OFF-BI-10001867,7,275.0,6,22
OFF-BI-10001885,2,44.0,2,4
OFF-BI-10001890,8,79.0,8,34
OFF-BI-10001892,6,153.0,6,31
OFF-BI-10001895,9,1279.0,9,42
OFF-BI-10001900,15,407.0,15,54
OFF-BI-10001904,8,309.0,8,24
OFF-BI-10001922,5,153.0,5,33
OFF-BI-10001927,1,85.0,1,6
OFF-BI-10001967,8,440.0,8,32
OFF-BI-10001973,1,110.0,1,4
OFF-BI-10001982,7,42.0,7,22
OFF-BI-10001984,10,1737.0,10,39
OFF-BI-10001987,8,660.0,8,23
OFF-BI-10001989,10,754.0,10,43
OFF-BI-10002003,7,72.0,7,27
OFF-BI-10002005,1,17.0,1,2
OFF-BI-10002012,12,50.0,12,49
OFF-BI-10002026,14,2067.0,14,64
OFF-BI-10002040,10,1316.0,10,46
OFF-BI-10002047,13,342.0,13,39
OFF-BI-10002049,5,29.0,5,13
OFF-BI-10002061,1,32.0,1,2
OFF-BI-10002062,7,106.0,7,27
OFF-BI-10002071,9,100.0,9,34
OFF-BI-10002072,5,119.0,5,17
OFF-BI-10002075,6,70.0,6,21
OFF-BI-10002080,10,240.0,10,25
OFF-BI-10002082,10,1042.0,10,47
OFF-BI-10002083,10,248.0,10,37
OFF-BI-10002103,10,180.0,10,37
OFF-BI-10002126,13,202.0,13,54
OFF-BI-10002128,9,401.0,9,34
OFF-BI-10002133,8,835.0,8,42
OFF-BI-10002160,7,41.0,7,17
OFF-BI-10002172,10,2032.0,10,48
OFF-BI-10002190,8,538.0,8,39
OFF-BI-10002193,11,117.0,11,25
OFF-BI-10002194,4,38.0,4,12
OFF-BI-10002215,7,143.0,7,23
OFF-BI-10002222,8,189.0,8,29
OFF-BI-10002225,18,2078.0,18,58
OFF-BI-10002243,9,749.0,9,27
OFF-BI-10002277,1,57.0,1,2
OFF-BI-10002278,6,250.0,6,21
OFF-BI-10002281,1,26.0,1,2
OFF-BI-10002287,4,67.0,4,9
OFF-BI-10002289,10,485.0,10,37
OFF-BI-10002296,6,238.0,6,28
OFF-BI-10002301,4,59.0,4,13
OFF-BI-10002309,6,110.0,6,28
OFF-BI-10002329,10,989.0,10,40
OFF-BI-10002335,8,268.0,8,25
OFF-BI-10002353,11,343.0,11,42
OFF-BI-10002354,13,594.0,13,41
OFF-BI-10002364,4,217.0,4,14
OFF-BI-10002386,6,191.0,6,24
OFF-BI-10002393,6,56.0,5,16
OFF-BI-10002412,8,136.0,8,30
OFF-BI-10002414,15,341.0,14,55
OFF-BI-10002424,10,518.0,10,43
OFF-BI-10002429,9,527.0,9,46
OFF-BI-10002432,11,281.0,11,38
OFF-BI-10002437,3,109.0,3,9
OFF-BI-10002446,6,315.0,6,25
OFF-BI-10002455,12,658.0,12,35
OFF-BI-10002459,9,1277.0,9,34
OFF-BI-10002465,9,709.0,9,26
OFF-BI-10002483,12,110.0,12,44
OFF-BI-10002498,7,379.0,7,29
OFF-BI-10002510,1,4.0,1,2
OFF-BI-10002511,7,888.0,7,34
OFF-BI-10002517,11,490.0,11,51
OFF-BI-10002520,2,61.0,2,14
OFF-BI-10002523,7,104.0,7,30
OFF-BI-10002524,1,15.0,1,2
OFF-BI-10002533,2,216.0,2,6
OFF-BI-10002557,8,92.0,8,30
OFF-BI-10002558,6,184.0,6,19
OFF-BI-10002562,10,1582.0,10,33
OFF-BI-10002570,27,1970.0,27,102
OFF-BI-10002571,6,100.0,6,19
OFF-BI-10002594,8,338.0,8,28
OFF-BI-10002607,1,17.0,1,5
OFF-BI-10002609,7,32.0,7,24
OFF-BI-10002627,3,140.0,3,13
OFF-BI-10002628,1,33.0,1,2
OFF-BI-10002632,8,1415.0,8,30
OFF-BI-10002674,8,377.0,8,35
OFF-BI-10002681,4,170.0,4,17
OFF-BI-10002682,5,567.0,5,14
OFF-BI-10002684,10,138.0,10,42
OFF-BI-10002706,7,191.0,7,21
OFF-BI-10002708,9,345.0,9,27
OFF-BI-10002711,1,61.0,1,2
OFF-BI-10002712,4,44.0,4,6
OFF-BI-10002715,5,84.0,5,20
OFF-BI-10002718,11,647.0,11,46
OFF-BI-10002727,6,698.0,6,22
OFF-BI-10002734,1,64.0,1,6
OFF-BI-10002735,10,1074.0,10,39
OFF-BI-10002738,13,307.0,13,42
OFF-BI-10002764,8,70.0,8,34
OFF-BI-10002775,2,32.0,2,5
OFF-BI-10002792,5,94.0,5,15
OFF-BI-10002794,7,545.0,7,22
OFF-BI-10002796,8,164.0,8,21
OFF-BI-10002799,30,980.0,29,130
OFF-BI-10002813,8,28.0,8,41
OFF-BI-10002824,9,309.0,9,35
OFF-BI-10002827,6,82.0,6,33
OFF-BI-10002841,5,507.0,5,17
OFF-BI-10002852,10,390.0,10,34
OFF-BI-10002853,11,292.0,11,29
OFF-BI-10002854,8,610.0,8,36
OFF-BI-10002859,1,19.0,1,5
OFF-BI-10002867,6,1292.0,6,26
OFF-BI-10002881,8,1323.0,8,30
OFF-BI-10002885,4,39.0,4,10
OFF-BI-10002894,16,2995.0,16,64
OFF-BI-10002897,4,45.0,4,16
OFF-BI-10002907,4,188.0,4,7
OFF-BI-10002919,8,644.0,8,49
OFF-BI-10002931,4,315.0,4,15
OFF-BI-10002935,7,323.0,7,27
OFF-BI-10002937,4,99.0,4,14
OFF-BI-10002949,8,87.0,8,21
OFF-BI-10002954,6,51.0,6,20
OFF-BI-10002975,1,7.0,1,2
OFF-BI-10002976,4,65.0,4,21
OFF-BI-10002977,5,95.0,5,13
OFF-BI-10002982,11,142.0,11,41
OFF-BI-10002986,18,598.0,17,58
OFF-BI-10002990,3,114.0,3,14
OFF-BI-10003007,7,698.0,7,29
OFF-BI-10003009,1,24.0,1,4
OFF-BI-10003012,11,149.0,11,37
OFF-BI-10003018,10,425.0,10,42
OFF-BI-10003022,9,522.0,9,29
OFF-BI-10003025,7,868.0,7,17
OFF-BI-10003031,3,87.0,3,10
OFF-BI-10003058,17,718.0,17,58
OFF-BI-10003064,1,45.0,1,6
OFF-BI-10003068,12,2303.0,12,45
OFF-BI-10003090,2,26.0,2,4
OFF-BI-10003091,6,4323.0,6,23
OFF-BI-10003094,4,22.0,4,11
OFF-BI-10003098,5,696.0,5,14
OFF-BI-10003112,6,178.0,6,21
OFF-BI-10003114,17,458.0,17,71
OFF-BI-10003124,9,220.0,9,33
OFF-BI-10003132,1,98.0,1,2
OFF-BI-10003142,11,539.0,11,45
OFF-BI-10003152,9,134.0,9,28
OFF-BI-10003159,5,1201.0,5,26
OFF-BI-10003162,4,403.0,4,13
OFF-BI-10003166,11,145.0,11,34
OFF-BI-10003181,2,34.0,2,4
OFF-BI-10003184,8,63.0,8,20
OFF-BI-10003188,1,45.0,1,4
OFF-BI-10003196,8,43.0,8,34
OFF-BI-10003240,1,62.0,1,2
OFF-BI-10003253,1,3.0,1,1
OFF-BI-10003265,7,333.0,7,33
OFF-BI-10003274,9,90.0,9,36
OFF-BI-10003277,9,459.0,9,36
OFF-BI-10003281,7,295.0,7,24
OFF-BI-10003291,12,237.0,12,46
OFF-BI-10003305,6,105.0,6,26
OFF-BI-10003309,7,216.0,6,22
OFF-BI-10003314,9,81.0,9,23
OFF-BI-10003320,12,249.0,12,46
OFF-BI-10003323,1,3.0,1,1
OFF-BI-10003324,4,98.0,4,21
OFF-BI-10003340,7,201.0,7,26
OFF-BI-10003342,2,72.0,2,6
OFF-BI-10003350,4,40.0,4,11
OFF-BI-10003355,8,88.0,8,25
OFF-BI-10003364,10,725.0,10,34
OFF-BI-10003367,8,347.0,8,29
OFF-BI-10003372,8,890.0,8,30
OFF-BI-10003373,9,1129.0,9,37
OFF-BI-10003392,5,133.0,5,14
OFF-BI-10003397,7,446.0,7,28
OFF-BI-10003400,7,147.0,7,20
OFF-BI-10003417,1,17.0,1,9
OFF-BI-10003429,9,135.0,9,41
OFF-BI-10003440,15,584.0,15,57
OFF-BI-10003452,2,307.0,2,10
OFF-BI-10003460,9,140.0,9,36
OFF-BI-10003468,9,325.0,9,28
OFF-BI-10003472,6,155.0,6,32
OFF-BI-10003475,10,316.0,10,49
OFF-BI-10003476,6,136.0,6,31
OFF-BI-10003503,12,255.0,12,45
OFF-BI-10003519,1,145.0,1,8
OFF-BI-10003527,10,789.691,10,31
OFF-BI-10003529,6,38.0,6,17
OFF-BI-10003579,4,316.0,4,17
OFF-BI-10003582,8,274.0,8,33
OFF-BI-10003585,9,524.0,9,31
OFF-BI-10003588,5,126.0,5,9
OFF-BI-10003616,12,2653.0,12,62
OFF-BI-10003633,1,98.0,1,2
OFF-BI-10003638,8,370.0,8,34
OFF-BI-10003642,11,404.0,11,34
OFF-BI-10003646,8,193.0,8,31
OFF-BI-10003650,24,4075.156,24,77
OFF-BI-10003653,12,677.0,11,38
OFF-BI-10003655,2,37.0,2,11
OFF-BI-10003656,9,3095.0879999999997,9,38
OFF-BI-10003669,7,83.0,7,26
OFF-BI-10003676,12,258.0,12,51
OFF-BI-10003684,9,532.0,9,44
OFF-BI-10003694,6,137.0,6,27
OFF-BI-10003702,8,398.0,8,32
OFF-BI-10003705,13,2392.0,13,52
OFF-BI-10003707,11,354.0,11,41
OFF-BI-10003708,30,1186.0,29,111
OFF-BI-10003709,8,1137.0,8,40
OFF-BI-10003712,11,131.0,11,45
OFF-BI-10003713,9,194.0,9,35
OFF-BI-10003718,4,1191.0,4,19
OFF-BI-10003719,5,277.0,5,22
OFF-BI-10003724,12,457.0,12,55
OFF-BI-10003725,2,116.0,2,4
OFF-BI-10003727,9,91.0,8,36
OFF-BI-10003763,10,337.0,10,36
OFF-BI-10003768,1,32.0,1,4
OFF-BI-10003774,14,1699.0,14,56
OFF-BI-10003779,9,1015.0,9,37
OFF-BI-10003784,10,268.0,10,45
OFF-BI-10003806,9,283.0,9,46
OFF-BI-10003856,7,146.0,7,26
OFF-BI-10003870,4,83.0,4,14
OFF-BI-10003874,4,59.0,4,11
OFF-BI-10003876,5,568.0,4,19
OFF-BI-10003879,1,82.0,1,6
OFF-BI-10003883,12,570.0,12,62
OFF-BI-10003899,14,1256.0,14,47
OFF-BI-10003903,9,251.0,9,29
OFF-BI-10003910,10,216.0,10,35
OFF-BI-10003917,18,1309.0,18,65
OFF-BI-10003919,2,74.0,2,4
OFF-BI-10003925,6,2565.51,6,27
OFF-BI-10003934,7,996.0,7,35
OFF-BI-10003951,6,563.0,6,20
OFF-BI-10003952,7,825.0,7,26
OFF-BI-10003963,3,100.0,3,16
OFF-BI-10003975,8,76.0,8,19
OFF-BI-10003981,7,117.0,7,34
OFF-BI-10003982,10,585.0,10,48
OFF-BI-10003984,7,705.0,7,44
OFF-BI-10003985,1,18.0,1,2
OFF-BI-10003999,9,141.0,9,40
OFF-BI-10004001,8,488.0,8,42
OFF-BI-10004002,7,175.0,7,18
OFF-BI-10004007,5,397.0,5,17
OFF-BI-10004022,8,40.0,8,29
OFF-BI-10004028,9,238.0,9,27
OFF-BI-10004040,9,134.0,9,42
OFF-BI-10004042,6,861.0,6,27
OFF-BI-10004053,4,153.0,4,17
OFF-BI-10004054,6,85.0,6,19
OFF-BI-10004078,6,588.0,6,25
OFF-BI-10004080,5,369.0,5,21
OFF-BI-10004094,5,57.0,5,13
OFF-BI-10004098,8,940.0,8,33
OFF-BI-10004099,4,53.0,4,20
OFF-BI-10004105,7,983.0,7,34
OFF-BI-10004120,8,661.0,8,23
OFF-BI-10004121,2,40.0,2,6
OFF-BI-10004139,2,133.0,2,14
OFF-BI-10004140,25,366.0,25,83
OFF-BI-10004141,5,18.0,5,13
OFF-BI-10004142,10,210.0,10,45
OFF-BI-10004145,12,119.0,12,46
OFF-BI-10004146,1,27.0,1,2
OFF-BI-10004148,3,68.0,3,7
OFF-BI-10004177,10,549.0,10,29
OFF-BI-10004179,2,153.0,2,8
OFF-BI-10004181,10,976.0,10,39
OFF-BI-10004182,4,29.0,4,19
OFF-BI-10004185,2,92.0,2,6
OFF-BI-10004187,6,44.0,6,26
OFF-BI-10004193,1,14.0,1,4
OFF-BI-10004195,24,2837.0,24,92
OFF-BI-10004200,7,604.0,7,23
OFF-BI-10004209,10,181.0,10,42
OFF-BI-10004220,13,1645.0,13,59
OFF-BI-10004224,12,1183.0,12,54
OFF-BI-10004227,8,1622.0,8,37
OFF-BI-10004230,5,467.0,5,20
OFF-BI-10004233,13,434.0,13,47
OFF-BI-10004236,10,386.0,10,39
OFF-BI-10004240,4,509.0,4,12
OFF-BI-10004250,2,248.0,2,9
OFF-BI-10004251,1,5.0,1,3
OFF-BI-10004275,5,82.0,5,18
OFF-BI-10004305,6,63.0,6,19
OFF-BI-10004308,4,258.0,4,16
OFF-BI-10004318,8,3236.0,8,23
OFF-BI-10004328,10,1714.0,9,42
OFF-BI-10004330,7,662.0,7,33
OFF-BI-10004334,6,71.0,6,13
OFF-BI-10004352,2,36.0,2,6
OFF-BI-10004361,2,316.0,2,12
OFF-BI-10004364,12,128.0,12,38
OFF-BI-10004369,10,228.0,9,33
OFF-BI-10004376,2,50.0,2,10
OFF-BI-10004388,6,96.0,6,25
OFF-BI-10004390,4,1855.357,4,15
OFF-BI-10004410,4,87.0,4,21
OFF-BI-10004428,7,193.0,7,24
OFF-BI-10004436,8,135.0,8,21
OFF-BI-10004440,6,153.0,6,12
OFF-BI-10004442,1,12.0,1,3
OFF-BI-10004446,10,1889.0,10,40
OFF-BI-10004448,10,510.0,10,38
OFF-BI-10004454,7,222.0,7,24
OFF-BI-10004465,5,52.0,5,19
OFF-BI-10004470,10,207.0,10,52
OFF-BI-10004483,8,197.0,8,25
OFF-BI-10004486,1,59.0,1,2
OFF-BI-10004491,9,415.0,9,53
OFF-BI-10004492,7,670.0,7,26
OFF-BI-10004506,5,66.0,5,12
OFF-BI-10004510,1,70.0,1,4
OFF-BI-10004519,8,2954.0,8,27
OFF-BI-10004528,4,41.0,4,15
OFF-BI-10004534,5,724.0,5,19
OFF-BI-10004541,10,597.0,9,43
OFF-BI-10004553,8,485.0,7,39
OFF-BI-10004554,11,223.0,11,37
OFF-BI-10004562,2,58.0,2,4
OFF-BI-10004581,1,66.0,1,5
OFF-BI-10004584,5,1203.022,5,22
OFF-BI-10004589,14,2403.0,14,56
OFF-BI-10004593,8,1103.0,8,34
OFF-BI-10004597,2,322.0,2,8
OFF-BI-10004600,8,3353.6369999999997,8,28
OFF-BI-10004624,6,280.0,6,31
OFF-BI-10004628,10,522.0,10,34
OFF-BI-10004632,24,4871.22,23,78
OFF-BI-10004644,12,282.0,12,37
OFF-BI-10004651,10,1383.0,10,31
OFF-BI-10004654,22,728.0,22,69
OFF-BI-10004656,7,39.0,7,30
OFF-BI-10004666,8,1003.0,8,21
OFF-BI-10004685,9,421.0,9,31
OFF-BI-10004700,7,406.0,7,29
OFF-BI-10004712,10,140.0,10,30
OFF-BI-10004716,2,33.0,2,4
OFF-BI-10004722,13,297.0,13,53
OFF-BI-10004728,13,213.0,13,59
OFF-BI-10004738,6,142.0,6,13
OFF-BI-10004741,2,100.0,2,6
OFF-BI-10004769,1,6.0,1,1
OFF-BI-10004781,5,213.0,5,14
OFF-BI-10004795,1,58.0,1,2
OFF-BI-10004801,12,2441.0,11,47
OFF-BI-10004809,2,43.0,2,4
OFF-BI-10004817,7,159.0,7,27
OFF-BI-10004826,6,206.0,6,18
OFF-BI-10004828,6,256.0,6,18
OFF-BI-10004830,6,101.0,6,23
OFF-BI-10004861,8,912.0,8,31
OFF-BI-10004868,12,260.0,12,47
OFF-BI-10004869,9,892.0,9,35
OFF-BI-10004876,3,17.0,3,8
OFF-BI-10004903,10,367.0,10,46
OFF-BI-10004908,7,169.0,7,26
OFF-BI-10004924,12,1463.0,12,52
OFF-BI-10004965,7,186.0,6,20
OFF-BI-10004967,6,29.0,6,28
OFF-BI-10004969,8,784.0,8,24
OFF-BI-10004970,13,145.0,13,44
OFF-BI-10004980,7,88.0,7,32
OFF-BI-10004986,9,1035.0,9,38
OFF-BI-10004995,6,17.965,6,27
OFF-BIC-10000041,5,222.0,5,9
OFF-BIC-10000582,10,701.0,10,16
OFF-BIC-10000718,7,467.0,7,16
OFF-BIC-10001211,9,375.0,9,26
OFF-BIC-10001458,4,76.0,4,5
OFF-BIC-10001510,9,668.0,9,24
OFF-BIC-10001632,13,322.0,13,27
OFF-BIC-10001682,6,122.0,6,9
OFF-BIC-10001739,1,100.0,1,2
OFF-BIC-10001823,7,1726.0,7,32
OFF-BIC-10002270,15,848.0,15,34
OFF-BIC-10002403,8,833.0,8,20
OFF-BIC-10002440,15,818.0,15,24
OFF-BIC-10002722,13,595.0,12,39
OFF-BIC-10002942,11,484.0,11,26
OFF-BIC-10003473,7,202.0,7,14
OFF-BIC-10003575,10,225.0,10,14
OFF-BIC-10003654,8,137.0,8,15
OFF-BIC-10003680,12,540.0,12,36
OFF-BIC-10003800,13,509.0,13,23
OFF-BIC-10003841,14,1641.0,14,30
OFF-BIC-10004557,9,731.0,9,17
OFF-BIC-10004826,10,541.0,10,13
OFF-BIC-10004976,10,388.0,9,15
OFF-BIN-10000170,6,321.0,6,12
OFF-BIN-10000308,7,753.0,7,18
OFF-BIN-10000327,16,1107.0,15,42
OFF-BIN-10000561,9,454.0,9,31
OFF-BIN-10000711,15,777.0,15,37
OFF-BIN-10000712,15,2101.0,15,46
OFF-BIN-10000772,6,529.0,6,19
OFF-BIN-10000837,14,558.0,14,29
OFF-BIN-10000901,9,343.0,9,24
OFF-BIN-10001257,7,448.0,7,13
OFF-BIN-10001274,12,179.0,12,19
OFF-BIN-10001385,14,273.0,14,23
OFF-BIN-10001621,9,906.0,9,21
OFF-BIN-10001715,10,1230.0,10,25
OFF-BIN-10002061,23,2001.0,23,56
OFF-BIN-10002236,8,781.0,8,36
OFF-BIN-10002407,10,311.0,10,19
OFF-BIN-10003023,15,1085.0,15,49
OFF-BIN-10003089,12,374.0,12,26
OFF-BIN-10003327,14,622.0,14,34
OFF-BIN-10004512,13,197.0,13,27
OFF-BIN-10004563,10,431.0,10,18
OFF-BIN-10004569,8,193.0,8,16
OFF-BIN-10004729,6,610.0,6,13
OFF-BOS-10000350,13,404.0,13,34
OFF-BOS-10000363,9,835.0,9,30
OFF-BOS-10000477,9,772.0,9,17
OFF-BOS-10000557,8,326.0,8,35
OFF-BOS-10000577,6,182.0,6,13
OFF-BOS-10001348,12,769.0,12,35
OFF-BOS-10001375,10,874.0,9,18
OFF-BOS-10001386,11,592.0,11,19
OFF-BOS-10001511,13,1400.0,12,36
OFF-BOS-10001576,5,268.0,5,11
OFF-BOS-10001711,12,652.0,11,16
OFF-BOS-10001753,1,4.0,1,1
OFF-BOS-10001772,5,427.0,5,16
OFF-BOS-10002041,3,62.0,3,4
OFF-BOS-10002073,13,950.0,13,22
OFF-BOS-10002340,13,722.0,13,38
OFF-BOS-10002472,14,1681.0,14,40
OFF-BOS-10002558,15,855.0,15,34
OFF-BOS-10002705,10,428.0,10,22
OFF-BOS-10003113,10,312.0,10,21
OFF-BOS-10003160,7,586.0,7,26
OFF-BOS-10003478,13,606.0,13,34
OFF-BOS-10003699,9,724.0,9,18
OFF-BOS-10004262,14,352.0,14,22
OFF-BOS-10004950,15,349.0,15,27
OFF-BRE-10000157,2,613.0,2,8
OFF-BRE-10000391,3,792.0,3,11
OFF-BRE-10000448,2,125.0,2,6
OFF-BRE-10000493,2,186.0,2,3
OFF-BRE-10001107,5,2251.369,5,10
OFF-BRE-10001197,2,157.038,2,3
OFF-BRE-10001343,4,1028.0,4,12
OFF-BRE-10001378,2,97.0,2,2
OFF-BRE-10002255,3,1344.0,3,5
OFF-BRE-10002706,4,1321.799,4,18
OFF-BRE-10002738,1,302.0,1,1
OFF-BRE-10003081,7,1289.0,7,21
OFF-BRE-10003295,4,1630.81,4,17
OFF-BRE-10003382,2,226.125,2,3
OFF-BRE-10003443,3,884.0,3,3
OFF-BRE-10003558,2,724.0,2,2
OFF-BRE-10004073,2,1038.0,2,2
OFF-BRE-10004211,2,118.0,2,2
OFF-BRE-10004310,2,123.0,2,2
OFF-BRE-10004359,2,120.0,2,2
OFF-BRE-10004436,2,563.244,2,5
OFF-BRE-10004872,1,54.0,1,2
OFF-BRE-10004933,3,231.0,3,3
OFF-CAM-10000192,1,20.0,1,1
OFF-CAM-10000497,7,605.0,7,23
OFF-CAM-10000726,5,175.0,5,6
OFF-CAM-10001141,1,59.0,1,2
OFF-CAM-10001177,4,114.0,4,5
OFF-CAM-10001191,4,140.0,4,7
OFF-CAM-10001249,5,367.0,5,13
OFF-CAM-10001341,3,48.0,3,3
OFF-CAM-10001690,4,36.0,4,5
OFF-CAM-10001761,6,66.0,6,8
OFF-CAM-10002159,5,180.0,5,8
OFF-CAM-10002611,5,203.0,5,7
OFF-CAM-10002625,2,172.0,2,7
OFF-CAM-10002734,1,78.0,1,6
OFF-CAM-10003488,5,266.0,5,7
OFF-CAM-10003511,3,31.0,3,6
OFF-CAM-10003605,3,93.0,3,4
OFF-CAM-10003933,8,309.0,8,16
OFF-CAM-10004002,5,105.0,4,8
OFF-CAM-10004269,6,269.0,6,17
OFF-CAM-10004271,3,196.0,3,6
OFF-CAM-10004338,4,255.0,4,9
OFF-CAM-10004790,3,273.0,3,13
OFF-CAR-10000150,10,180.0,10,24
OFF-CAR-10000202,13,1069.0,13,23
OFF-CAR-10000319,12,219.0,11,23
OFF-CAR-10000687,14,390.0,14,41
OFF-CAR-10001358,11,79.0,11,19
OFF-CAR-10001428,15,182.0,15,29
OFF-CAR-10001471,9,1006.0,9,37
OFF-CAR-10001577,20,1995.0,20,45
OFF-CAR-10001746,14,159.0,14,34
OFF-CAR-10001911,11,133.0,11,20
OFF-CAR-10002031,7,342.0,7,12
OFF-CAR-10002054,11,153.0,11,34
OFF-CAR-10002375,13,403.0,13,34
OFF-CAR-10002931,12,187.0,12,37
OFF-CAR-10002942,14,1183.0,14,55
OFF-CAR-10003030,12,177.0,12,34
OFF-CAR-10003259,16,390.0,16,37
OFF-CAR-10003373,14,175.0,13,29
OFF-CAR-10003703,10,151.0,10,13
OFF-CAR-10004229,16,277.0,16,43
OFF-CAR-10004293,10,872.0,10,17
OFF-CAR-10004408,13,605.0,13,28
OFF-CAR-10004661,15,1619.0,15,39
OFF-CAR-10004886,15,293.0,15,32
OFF-CUI-10000105,2,279.112,2,5
OFF-CUI-10000140,3,838.117,3,7
OFF-CUI-10000203,2,74.0,2,2
OFF-CUI-10000682,3,6.037,3,16
OFF-CUI-10001032,2,647.077,2,6
OFF-CUI-10001060,4,234.0,4,5
OFF-CUI-10001302,1,271.0,1,4
OFF-CUI-10001670,3,1019.0,3,4
OFF-CUI-10001965,4,1384.0,4,5
OFF-CUI-10001990,2,988.0,2,2
OFF-CUI-10002022,1,991.0,1,2
OFF-CUI-10002269,2,1488.0,2,3
OFF-CUI-10002314,3,125.0,3,6
OFF-CUI-10002413,4,334.0,4,10
OFF-CUI-10002506,1,65.0,1,1
OFF-CUI-10003409,3,1690.0,3,4
OFF-CUI-10003665,1,67.0,1,1
OFF-CUI-10003670,3,166.0,3,6
OFF-CUI-10003923,4,217.0,4,8
OFF-CUI-10003993,4,1503.0,4,6
OFF-CUI-10004428,4,122.0,4,7
OFF-CUI-10004536,7,1236.0,7,22
OFF-EAT-10000522,4,207.0,4,8
OFF-EAT-10000652,7,437.0,7,16
OFF-EAT-10000820,5,378.0,5,22
OFF-EAT-10000854,1,16.0,1,4
OFF-EAT-10001025,1,184.0,1,6
OFF-EAT-10001137,2,29.0,2,3
OFF-EAT-10001303,3,61.0,3,5
OFF-EAT-10001933,7,568.0,7,14
OFF-EAT-10002068,4,271.0,4,13
OFF-EAT-10002122,6,677.0,6,14
OFF-EAT-10002463,3,273.0,3,11
OFF-EAT-10002674,4,130.0,4,15
OFF-EAT-10002789,2,37.0,2,2
OFF-EAT-10003094,3,22.0,3,3
OFF-EAT-10003338,7,396.0,7,16
OFF-EAT-10003405,7,106.0,7,9
OFF-EAT-10003702,2,252.0,2,9
OFF-EAT-10004036,1,54.0,1,4
OFF-EAT-10004051,5,60.0,5,7
OFF-EAT-10004307,4,79.0,4,5
OFF-EAT-10004696,5,87.0,4,6
OFF-EAT-10004908,8,314.0,8,21
OFF-EAT-10004979,2,140.0,2,3
OFF-ELD-10000024,14,741.0,14,49
OFF-ELD-10000124,13,1084.0,13,33
OFF-ELD-10000151,14,2123.0,14,21
OFF-ELD-10000819,7,836.0,7,18
OFF-ELD-10000845,8,1735.182,8,19
OFF-ELD-10000967,10,369.0,10,22
OFF-ELD-10001037,10,687.0,10,24
OFF-ELD-10001293,9,118.0,9,14
OFF-ELD-10001318,5,1131.0,5,7
OFF-ELD-10001477,6,1386.0,6,7
OFF-ELD-10001694,13,4097.023,13,46
OFF-ELD-10001832,14,1249.0,13,32
OFF-ELD-10001882,10,94.0,10,13
OFF-ELD-10002199,14,3078.0,14,24
OFF-ELD-10002207,6,211.0,5,15
OFF-ELD-10002240,9,443.0,8,10
OFF-ELD-10002279,15,1434.0,15,36
OFF-ELD-10002297,7,1900.0,7,11
OFF-ELD-10002578,9,280.0,9,32
OFF-ELD-10003038,14,865.0,14,28
OFF-ELD-10003181,13,252.0,13,27
OFF-ELD-10003918,14,512.0,14,34
OFF-ELD-10004324,5,762.0,5,8
OFF-ELD-10004625,9,474.0,9,12
OFF-ELI-10000044,4,96.0,4,14
OFF-ELI-10000443,3,138.0,3,3
OFF-ELI-10000541,1,13.0,1,1
OFF-ELI-10000711,4,95.0,4,5
OFF-ELI-10000797,1,14.0,1,1
OFF-ELI-10001057,3,384.0,3,10
OFF-ELI-10001176,4,220.0,4,6
OFF-ELI-10001351,4,459.0,4,13
OFF-ELI-10001507,1,22.0,1,1
OFF-ELI-10001685,8,189.0,8,18
OFF-ELI-10001705,6,1101.0,6,31
OFF-ELI-10001812,4,136.0,4,4
OFF-ELI-10001904,3,168.0,3,7
OFF-ELI-10002160,2,72.0,2,3
OFF-ELI-10002337,3,164.0,3,6
OFF-ELI-10002935,3,188.0,3,4
OFF-ELI-10003004,3,83.0,3,9
OFF-ELI-10003179,4,127.0,4,7
OFF-ELI-10003277,5,155.0,5,10
OFF-ELI-10003732,1,55.0,1,2
OFF-ELI-10003911,2,140.0,2,8
OFF-ELI-10004427,2,82.0,2,4
OFF-ELI-10004597,2,68.0,2,2
OFF-EN-10000025,4,284.0,4,14
OFF-EN-10000031,4,222.0,4,17
OFF-EN-10000051,2,124.0,2,4
OFF-EN-10000053,4,188.0,4,19
OFF-EN-10000056,13,2041.0,13,46
OFF-EN-10000061,12,361.0,12,29
OFF-EN-10000069,2,345.0,2,9
OFF-EN-10000075,8,641.0,8,20
OFF-EN-10000084,10,675.0,10,37
OFF-EN-10000094,1,29.0,1,1
OFF-EN-10000096,1,14.0,1,2
OFF-EN-10000114,5,228.0,5,20
OFF-EN-10000122,2,49.0,2,3
OFF-EN-10000127,2,49.0,2,8
OFF-EN-10000128,3,478.0,3,14
OFF-EN-10000139,11,863.0,11,43
OFF-EN-10000142,5,274.0,5,19
OFF-EN-10000182,1,54.0,1,4
OFF-EN-10000215,4,326.0,4,12
OFF-EN-10000219,5,113.0,5,19
OFF-EN-10000224,10,267.0,10,38
OFF-EN-10000232,2,79.0,2,6
OFF-EN-10000251,2,57.0,2,8
OFF-EN-10000258,5,242.0,5,17
OFF-EN-10000271,3,312.0,3,13
OFF-EN-10000274,5,369.0,5,25
OFF-EN-10000296,6,325.0,6,20
OFF-EN-10000315,15,699.0,14,45
OFF-EN-10000328,7,531.0,7,33
OFF-EN-10000338,7,409.0,7,20
OFF-EN-10000352,5,364.0,5,18
OFF-EN-10000353,2,203.0,2,5
OFF-EN-10000358,3,85.0,3,8
OFF-EN-10000359,3,36.0,3,11
OFF-EN-10000378,1,149.0,1,4
OFF-EN-10000383,7,204.0,7,27
OFF-EN-10000387,3,54.0,3,10
OFF-EN-10000428,1,65.0,1,5
OFF-EN-10000454,6,202.0,6,17
OFF-EN-10000461,8,210.0,8,27
OFF-EN-10000476,3,51.0,3,8
OFF-EN-10000483,5,320.0,5,22
OFF-EN-10000507,1,86.0,1,4
OFF-EN-10000532,5,109.0,5,20
OFF-EN-10000539,4,80.0,4,13
OFF-EN-10000543,4,112.0,4,14
OFF-EN-10000556,8,972.0,8,20
OFF-EN-10000561,1,61.0,1,6
OFF-EN-10000606,3,144.0,3,14
OFF-EN-10000615,4,585.0,4,17
OFF-EN-10000623,3,263.0,3,14
OFF-EN-10000645,6,576.0,6,21
OFF-EN-10000648,5,283.0,5,12
OFF-EN-10000657,7,539.0,7,28
OFF-EN-10000673,5,363.0,5,23
OFF-EN-10000694,2,92.0,2,5
OFF-EN-10000699,4,737.0,4,17
OFF-EN-10000714,5,417.0,5,18
OFF-EN-10000726,4,42.0,4,9
OFF-EN-10000755,6,481.0,6,24
OFF-EN-10000761,7,223.0,7,20
OFF-EN-10000776,4,143.0,4,10
OFF-EN-10000781,2,75.0,2,10
OFF-EN-10000788,8,465.0,8,22
OFF-EN-10000812,5,144.0,5,24
OFF-EN-10000824,1,143.0,1,8
OFF-EN-10000826,1,383.0,1,14
OFF-EN-10000835,1,48.0,1,6
OFF-EN-10000857,11,1395.0,11,56
OFF-EN-10000863,2,44.0,2,4
OFF-EN-10000871,1,226.0,1,5
OFF-EN-10000872,1,68.0,1,14
OFF-EN-10000890,3,226.0,3,13
OFF-EN-10000897,3,452.0,3,12
OFF-EN-10000898,2,456.0,2,16
OFF-EN-10000904,5,816.0,5,23
OFF-EN-10000927,6,680.0,6,26
OFF-EN-10000938,2,64.0,2,4
OFF-EN-10000940,3,410.0,3,14
OFF-EN-10000947,2,212.0,2,8
OFF-EN-10000968,4,550.0,4,19
OFF-EN-10000975,1,148.0,1,6
OFF-EN-10001028,2,101.0,2,9
OFF-EN-10001029,5,329.0,5,23
OFF-EN-10001038,2,224.0,2,6
OFF-EN-10001044,1,32.0,1,2
OFF-EN-10001047,2,114.0,2,6
OFF-EN-10001099,5,159.0,4,18
OFF-EN-10001109,8,836.0,7,39
OFF-EN-10001136,3,276.0,3,7
OFF-EN-10001137,4,42.0,4,11
OFF-EN-10001141,4,126.0,4,13
OFF-EN-10001147,4,88.0,4,12
OFF-EN-10001154,6,96.0,6,17
OFF-EN-10001157,6,390.0,6,33
OFF-EN-10001162,6,378.0,6,15
OFF-EN-10001202,6,213.0,6,19
OFF-EN-10001219,8,146.0,8,21
OFF-EN-10001311,1,42.0,1,5
OFF-EN-10001315,3,392.0,3,14
OFF-EN-10001327,4,432.0,4,14
OFF-EN-10001335,6,338.0,6,34
OFF-EN-10001346,1,50.0,1,1
OFF-EN-10001375,8,616.0,8,24
OFF-EN-10001415,5,54.0,5,11
OFF-EN-10001434,4,632.0,4,12
OFF-EN-10001443,6,192.0,6,22
OFF-EN-10001449,2,210.0,2,7
OFF-EN-10001453,5,939.0,5,16
OFF-EN-10001454,1,147.0,1,8
OFF-EN-10001476,1,132.0,1,11
OFF-EN-10001480,1,266.0,1,6
OFF-EN-10001491,4,841.0,4,21
OFF-EN-10001509,11,67.0,11,35
OFF-EN-10001528,6,237.0,6,21
OFF-EN-10001532,5,245.0,5,15
OFF-EN-10001533,1,247.0,1,9
OFF-EN-10001535,1,7.0,1,2
OFF-EN-10001538,5,252.0,5,22
OFF-EN-10001539,7,196.0,7,26
OFF-EN-10001616,6,171.0,6,21
OFF-EN-10001621,1,39.0,1,2
OFF-EN-10001627,6,793.0,6,18
OFF-EN-10001647,1,27.0,1,2
OFF-EN-10001669,1,52.0,1,4
OFF-EN-10001680,3,97.0,3,13
OFF-EN-10001711,2,118.0,2,11
OFF-EN-10001712,1,56.0,1,2
OFF-EN-10001715,1,39.0,1,6
OFF-EN-10001727,1,18.0,1,2
OFF-EN-10001728,5,949.0,5,21
OFF-EN-10001733,1,51.0,1,1
OFF-EN-10001749,1,30.0,1,2
OFF-EN-10001751,8,693.0,8,27
OFF-EN-10001755,5,469.0,5,26
OFF-EN-10001768,1,17.0,1,5
OFF-EN-10001771,4,452.0,4,19
OFF-EN-10001789,7,338.0,7,20
OFF-EN-10001823,1,44.0,1,2
OFF-EN-10001832,9,419.0,8,40
OFF-EN-10001852,4,428.0,3,14
OFF-EN-10001854,3,211.0,3,14
OFF-EN-10001861,7,298.0,7,27
OFF-EN-10001870,2,92.0,2,7
OFF-EN-10001882,5,480.0,5,24
OFF-EN-10001939,7,554.0,7,42
OFF-EN-10001940,4,137.0,4,10
OFF-EN-10001946,4,556.0,4,14
OFF-EN-10001958,4,101.0,4,13
OFF-EN-10001975,9,463.0,9,29
OFF-EN-10001976,5,819.0,5,20
OFF-EN-10001977,4,190.0,4,12
OFF-EN-10001979,9,308.0,9,26
OFF-EN-10001990,6,129.0,6,23
OFF-EN-10001991,5,113.0,5,14
OFF-EN-10001993,9,684.0,9,28
OFF-EN-10001997,4,206.0,4,10
OFF-EN-10002002,1,28.0,1,2
OFF-EN-10002003,5,56.0,5,9
OFF-EN-10002007,10,436.0,10,44
OFF-EN-10002008,5,1073.0,5,29
OFF-EN-10002013,5,297.0,5,19
OFF-EN-10002015,6,507.0,6,23
OFF-EN-10002034,1,27.0,1,2
OFF-EN-10002035,5,788.0,5,25
OFF-EN-10002046,2,63.0,2,9
OFF-EN-10002048,3,292.0,3,13
OFF-EN-10002061,1,321.0,1,14
OFF-EN-10002065,7,190.0,7,29
OFF-EN-10002066,1,61.0,1,2
OFF-EN-10002081,1,37.0,1,2
OFF-EN-10002090,3,106.0,3,7
OFF-EN-10002096,1,80.0,1,8
OFF-EN-10002104,5,875.0,5,21
OFF-EN-10002119,4,402.0,4,19
OFF-EN-10002122,5,625.0,5,23
OFF-EN-10002140,5,448.0,5,33
OFF-EN-10002166,3,184.0,3,6
OFF-EN-10002186,4,371.0,4,21
OFF-EN-10002226,5,45.0,5,13
OFF-EN-10002230,6,1360.0,6,19
OFF-EN-10002240,3,46.0,3,5
OFF-EN-10002258,6,863.0,6,26
OFF-EN-10002263,1,62.0,1,2
OFF-EN-10002312,4,109.0,4,10
OFF-EN-10002313,5,447.0,5,13
OFF-EN-10002348,6,322.0,6,23
OFF-EN-10002372,5,318.0,5,17
OFF-EN-10002396,6,417.0,6,18
OFF-EN-10002406,3,198.0,3,12
OFF-EN-10002410,5,448.0,5,19
OFF-EN-10002425,11,422.0,11,31
OFF-EN-10002427,1,23.0,1,1
OFF-EN-10002434,5,274.0,5,16
OFF-EN-10002449,6,1284.0,6,27
OFF-EN-10002464,6,331.0,6,17
OFF-EN-10002465,6,450.0,6,22
OFF-EN-10002472,4,752.0,4,22
OFF-EN-10002490,7,416.0,7,26
OFF-EN-10002491,2,87.0,2,4
OFF-EN-10002500,7,376.0,7,30
OFF-EN-10002504,7,571.0,7,24
OFF-EN-10002522,1,153.0,1,4
OFF-EN-10002524,1,15.0,1,1
OFF-EN-10002540,6,234.0,6,21
OFF-EN-10002556,4,215.0,4,13
OFF-EN-10002559,7,120.0,7,23
OFF-EN-10002581,6,583.0,5,30
OFF-EN-10002592,5,269.0,5,19
OFF-EN-10002600,7,94.0,7,35
OFF-EN-10002613,3,68.0,3,10
OFF-EN-10002621,5,78.0,5,9
OFF-EN-10002624,5,90.0,5,17
OFF-EN-10002630,3,167.0,3,13
OFF-EN-10002634,2,34.0,2,4
OFF-EN-10002671,2,259.0,2,6
OFF-EN-10002674,10,1107.0,10,41
OFF-EN-10002679,5,634.0,5,18
OFF-EN-10002700,13,691.0,12,36
OFF-EN-10002710,4,232.0,4,7
OFF-EN-10002723,2,357.0,2,7
OFF-EN-10002725,4,197.0,4,12
OFF-EN-10002728,3,813.0,3,17
OFF-EN-10002736,6,247.0,6,20
OFF-EN-10002749,1,41.0,1,1
OFF-EN-10002752,1,200.0,1,10
OFF-EN-10002757,4,389.0,4,10
OFF-EN-10002778,4,51.0,4,11
OFF-EN-10002784,6,525.0,6,25
OFF-EN-10002789,4,483.0,4,25
OFF-EN-10002806,5,282.0,5,18
OFF-EN-10002808,1,98.0,1,8
OFF-EN-10002816,4,193.0,4,15
OFF-EN-10002831,3,612.0,3,17
OFF-EN-10002849,2,116.0,2,3
OFF-EN-10002850,4,234.0,4,12
OFF-EN-10002855,7,1157.0,7,36
OFF-EN-10002873,3,396.0,3,9
OFF-EN-10002891,2,379.0,2,10
OFF-EN-10002896,6,270.0,6,22
OFF-EN-10002911,1,68.0,1,4
OFF-EN-10002924,5,872.0,5,20
OFF-EN-10002926,1,61.0,1,6
OFF-EN-10002936,1,25.0,1,2
OFF-EN-10002955,3,375.0,3,9
OFF-EN-10002959,2,44.0,2,4
OFF-EN-10002961,1,23.0,1,2
OFF-EN-10002973,3,54.0,3,12
OFF-EN-10002985,7,723.0,7,43
OFF-EN-10002986,2,176.0,2,13
OFF-EN-10003000,6,881.0,6,24
OFF-EN-10003001,4,1361.0,4,18
OFF-EN-10003018,1,20.0,1,2
OFF-EN-10003040,4,241.0,4,11
OFF-EN-10003049,2,86.0,2,7
OFF-EN-10003055,7,784.0,7,22
OFF-EN-10003068,4,72.0,4,9
OFF-EN-10003069,5,592.0,5,18
OFF-EN-10003071,4,46.0,4,8
OFF-EN-10003072,4,63.0,4,18
OFF-EN-10003073,2,137.0,2,7
OFF-EN-10003080,8,666.0,8,29
OFF-EN-10003087,4,336.0,4,15
OFF-EN-10003094,4,151.0,4,13
OFF-EN-10003103,4,248.0,4,8
OFF-EN-10003111,3,102.0,3,22
OFF-EN-10003134,7,247.0,7,24
OFF-EN-10003160,3,65.0,3,9
OFF-EN-10003175,8,462.0,8,28
OFF-EN-10003176,2,130.0,2,8
OFF-EN-10003177,4,937.0,4,23
OFF-EN-10003231,5,389.0,5,21
OFF-EN-10003271,4,267.0,4,16
OFF-EN-10003272,1,6.0,1,3
OFF-EN-10003286,7,286.0,7,35
OFF-EN-10003296,5,1266.0,5,14
OFF-EN-10003299,1,284.0,1,7
OFF-EN-10003316,4,236.0,4,18
OFF-EN-10003332,6,874.0,6,29
OFF-EN-10003352,8,200.0,8,14
OFF-EN-10003360,3,601.0,3,15
OFF-EN-10003361,4,596.0,4,20
OFF-EN-10003373,3,420.0,3,10
OFF-EN-10003381,7,1060.0,7,36
OFF-EN-10003391,5,293.0,5,18
OFF-EN-10003392,5,272.0,5,17
OFF-EN-10003398,1,40.0,1,2
OFF-EN-10003413,7,1044.0,7,28
OFF-EN-10003416,2,19.0,2,3
OFF-EN-10003422,1,77.0,1,4
OFF-EN-10003425,3,197.0,3,8
OFF-EN-10003431,4,648.0,4,13
OFF-EN-10003435,6,260.0,6,15
OFF-EN-10003444,2,60.0,2,5
OFF-EN-10003448,5,260.0,5,27
OFF-EN-10003455,3,200.0,3,9
OFF-EN-10003463,3,261.0,3,18
OFF-EN-10003465,3,280.0,3,12
OFF-EN-10003472,6,220.0,6,30
OFF-EN-10003484,3,30.0,3,5
OFF-EN-10003498,8,1491.0,8,35
OFF-EN-10003507,7,352.0,7,31
OFF-EN-10003508,7,407.0,7,19
OFF-EN-10003511,1,49.0,1,1
OFF-EN-10003512,1,75.0,1,4
OFF-EN-10003520,3,181.0,3,15
OFF-EN-10003529,16,876.0,16,66
OFF-EN-10003533,1,30.0,1,3
OFF-EN-10003537,8,747.0,8,31
OFF-EN-10003540,2,139.0,2,4
OFF-EN-10003544,1,23.0,1,5
OFF-EN-10003547,4,882.0,3,19
OFF-EN-10003550,3,503.0,3,14
OFF-EN-10003559,9,240.0,9,34
OFF-EN-10003560,8,263.0,8,34
OFF-EN-10003567,3,198.0,3,10
OFF-EN-10003577,5,359.0,5,23
OFF-EN-10003601,6,164.0,6,17
OFF-EN-10003604,1,2.0,1,1
OFF-EN-10003607,3,235.0,3,23
OFF-EN-10003615,2,390.0,2,12
OFF-EN-10003619,3,230.0,3,11
OFF-EN-10003623,5,383.0,5,12
OFF-EN-10003628,4,307.0,4,20
OFF-EN-10003630,6,347.0,6,25
OFF-EN-10003632,5,343.0,5,14
OFF-EN-10003636,7,422.0,7,30
OFF-EN-10003661,5,57.0,5,13
OFF-EN-10003668,1,34.0,1,3
OFF-EN-10003669,4,792.0,4,20
OFF-EN-10003673,1,21.0,1,3
OFF-EN-10003675,5,689.0,5,23
OFF-EN-10003685,1,54.0,1,5
OFF-EN-10003689,3,110.0,3,11
OFF-EN-10003715,9,580.0,9,26
OFF-EN-10003721,4,92.0,4,10
OFF-EN-10003728,8,708.0,8,33
OFF-EN-10003729,3,121.0,3,8
OFF-EN-10003731,1,31.0,1,3
OFF-EN-10003733,1,100.0,1,2
OFF-EN-10003737,6,798.0,6,24
OFF-EN-10003748,2,177.0,2,6
OFF-EN-10003770,1,420.0,1,14
OFF-EN-10003780,5,432.0,5,23
OFF-EN-10003785,3,385.0,3,10
OFF-EN-10003798,2,68.0,2,5
OFF-EN-10003817,5,192.0,5,12
OFF-EN-10003832,4,260.0,4,27
OFF-EN-10003834,2,87.0,2,5
OFF-EN-10003838,3,108.0,3,5
OFF-EN-10003845,5,51.0,5,16
OFF-EN-10003850,10,384.0,10,48
OFF-EN-10003853,1,40.0,1,2
OFF-EN-10003854,2,33.0,2,5
OFF-EN-10003858,1,25.0,1,1
OFF-EN-10003859,3,320.0,3,16
OFF-EN-10003862,5,199.0,5,20
OFF-EN-10003885,1,23.0,1,1
OFF-EN-10003887,1,68.0,1,5
OFF-EN-10003898,9,382.0,9,34
OFF-EN-10003904,5,148.0,5,10
OFF-EN-10003920,1,31.0,1,4
OFF-EN-10003933,4,606.0,4,21
OFF-EN-10003936,7,565.0,7,23
OFF-EN-10003939,6,651.0,6,24
OFF-EN-10003962,7,248.0,7,25
OFF-EN-10003977,6,179.0,6,27
OFF-EN-10003979,1,25.0,1,2
OFF-EN-10003999,5,278.0,5,17
OFF-EN-10004007,1,62.0,1,4
OFF-EN-10004012,7,204.0,7,19
OFF-EN-10004030,7,91.0,7,21
OFF-EN-10004051,5,321.0,5,13
OFF-EN-10004053,4,390.0,4,14
OFF-EN-10004057,3,183.0,3,15
OFF-EN-10004074,3,74.0,3,11
OFF-EN-10004100,5,287.0,5,11
OFF-EN-10004120,5,250.0,5,13
OFF-EN-10004144,7,277.0,6,30
OFF-EN-10004147,3,50.0,3,9
OFF-EN-10004150,5,284.0,5,18
OFF-EN-10004173,6,405.0,6,27
OFF-EN-10004181,1,44.0,1,3
OFF-EN-10004183,9,357.0,9,30
OFF-EN-10004186,8,1002.0,8,29
OFF-EN-10004190,7,539.0,7,24
OFF-EN-10004206,1,326.0,1,2
OFF-EN-10004211,4,237.0,4,18
OFF-EN-10004212,1,76.0,1,3
OFF-EN-10004254,1,53.0,1,2
OFF-EN-10004296,5,779.0,5,21
OFF-EN-10004303,1,126.0,1,7
OFF-EN-10004305,1,34.0,1,2
OFF-EN-10004309,1,19.0,1,2
OFF-EN-10004386,5,260.0,5,12
OFF-EN-10004404,3,296.0,3,10
OFF-EN-10004410,11,1131.0,10,51
OFF-EN-10004418,3,131.0,3,15
OFF-EN-10004422,7,343.0,7,23
OFF-EN-10004424,4,622.0,4,13
OFF-EN-10004443,1,102.0,1,10
OFF-EN-10004453,1,99.0,1,2
OFF-EN-10004459,9,162.0,9,23
OFF-EN-10004462,3,271.0,3,16
OFF-EN-10004469,1,99.0,1,4
OFF-EN-10004470,10,159.0,10,29
OFF-EN-10004473,9,1320.0,9,29
OFF-EN-10004479,1,5.0,1,2
OFF-EN-10004483,7,489.0,7,32
OFF-EN-10004486,5,278.0,5,20
OFF-EN-10004491,3,309.0,3,12
OFF-EN-10004493,4,384.0,4,15
OFF-EN-10004495,5,428.0,5,24
OFF-EN-10004503,4,297.0,4,13
OFF-EN-10004507,1,154.0,1,4
OFF-EN-10004518,5,623.0,5,25
OFF-EN-10004521,1,54.0,1,2
OFF-EN-10004525,7,226.0,7,17
OFF-EN-10004526,7,999.0,7,28
OFF-EN-10004537,4,162.0,4,18
OFF-EN-10004547,4,117.0,4,17
OFF-EN-10004550,4,392.0,4,14
OFF-EN-10004560,14,708.0,13,47
OFF-EN-10004564,1,30.0,1,3
OFF-EN-10004568,5,211.0,5,19
OFF-EN-10004571,4,378.0,4,17
OFF-EN-10004580,7,836.0,7,27
OFF-EN-10004590,5,213.0,5,11
OFF-EN-10004597,4,299.0,4,14
OFF-EN-10004604,1,47.0,1,5
OFF-EN-10004649,9,964.0,9,32
OFF-EN-10004667,5,799.0,5,17
OFF-EN-10004677,2,208.0,2,8
OFF-EN-10004684,2,354.0,2,10
OFF-EN-10004742,2,195.0,2,8
OFF-EN-10004744,4,488.0,4,14
OFF-EN-10004755,2,225.0,2,11
OFF-EN-10004759,5,739.0,5,18
OFF-EN-10004773,4,434.0,4,15
OFF-EN-10004775,5,247.0,5,11
OFF-EN-10004784,3,164.0,3,11
OFF-EN-10004788,9,571.0,9,36
OFF-EN-10004793,4,602.0,4,20
OFF-EN-10004801,1,19.0,1,2
OFF-EN-10004820,3,196.0,3,12
OFF-EN-10004840,2,52.0,2,8
OFF-EN-10004846,4,37.0,4,16
OFF-EN-10004849,5,1145.0,5,37
OFF-EN-10004870,6,677.0,6,31
OFF-EN-10004885,5,918.0,5,24
OFF-EN-10004892,4,244.0,4,11
OFF-EN-10004895,5,540.0,5,16
OFF-EN-10004899,7,465.0,7,23
OFF-EN-10004903,5,440.0,5,24
OFF-EN-10004904,2,216.0,2,8
OFF-EN-10004909,5,185.0,5,17
OFF-EN-10004935,6,175.0,6,20
OFF-EN-10004938,3,123.0,3,11
OFF-EN-10004941,8,479.0,8,25
OFF-EN-10004955,3,78.0,3,15
OFF-EN-10004956,2,90.0,2,8
OFF-EN-10004958,5,295.0,5,12
OFF-EN-10004970,4,310.0,4,13
OFF-EN-10004977,3,265.0,3,20
OFF-EN-10004981,2,292.0,2,6
OFF-EN-10004988,4,342.0,4,15
OFF-EN-10004989,6,497.0,6,30
OFF-EN-10004995,4,422.0,4,13
OFF-ENE-10000012,3,65.0,3,6
OFF-ENE-10000199,2,39.0,2,2
OFF-ENE-10000516,3,59.0,3,3
OFF-ENE-10000935,2,110.0,2,7
OFF-ENE-10001117,1,43.0,1,4
OFF-ENE-10001291,3,94.0,3,4
OFF-ENE-10001356,5,253.0,5,7
OFF-ENE-10001906,7,177.0,7,8
OFF-ENE-10002038,1,9.0,1,1
OFF-ENE-10002093,5,91.0,5,7
OFF-ENE-10002104,4,353.0,4,13
OFF-ENE-10002470,1,102.0,1,2
OFF-ENE-10002784,6,129.0,6,9
OFF-ENE-10002833,7,636.0,7,16
OFF-ENE-10002922,8,543.0,8,19
OFF-ENE-10003066,1,17.0,1,1
OFF-ENE-10003274,4,120.0,4,6
OFF-ENE-10003314,5,78.0,5,12
OFF-ENE-10003409,3,94.0,3,6
OFF-ENE-10003549,3,66.0,3,4
OFF-ENE-10004132,2,326.0,2,10
OFF-ENE-10004377,1,170.0,1,6
OFF-ENE-10004401,3,108.0,3,7
OFF-ENE-10004866,1,6.0,1,1
OFF-FA-10000010,5,148.0,5,15
OFF-FA-10000027,7,336.0,7,26
OFF-FA-10000038,9,271.0,9,22
OFF-FA-10000046,3,82.0,3,10
OFF-FA-10000053,6,49.0,6,29
OFF-FA-10000059,2,83.0,2,6
OFF-FA-10000067,2,51.0,2,5
OFF-FA-10000074,1,17.0,1,2
OFF-FA-10000087,4,150.0,4,15
OFF-FA-10000089,2,49.0,2,7
OFF-FA-10000091,4,126.0,4,15
OFF-FA-10000099,3,122.0,3,15
OFF-FA-10000122,1,27.0,1,4
OFF-FA-10000131,3,176.0,3,16
OFF-FA-10000134,6,156.0,6,29
OFF-FA-10000136,2,66.0,2,7
OFF-FA-10000146,2,84.0,2,6
OFF-FA-10000154,5,183.0,5,15
OFF-FA-10000179,4,228.0,4,17
OFF-FA-10000189,6,216.0,6,16
OFF-FA-10000191,1,62.0,1,4
OFF-FA-10000194,6,194.0,6,22
OFF-FA-10000196,1,31.0,1,8
OFF-FA-10000197,8,304.0,8,31
OFF-FA-10000207,1,52.0,1,3
OFF-FA-10000227,3,179.0,3,9
OFF-FA-10000248,7,254.0,7,21
OFF-FA-10000254,2,20.0,2,5
OFF-FA-10000256,3,170.0,3,9
OFF-FA-10000260,3,184.0,3,15
OFF-FA-10000263,7,336.0,7,30
OFF-FA-10000294,7,399.0,7,24
OFF-FA-10000300,10,218.0,10,36
OFF-FA-10000304,7,55.0,7,27
OFF-FA-10000349,1,43.0,1,3
OFF-FA-10000353,12,484.0,12,45
OFF-FA-10000401,3,104.0,3,14
OFF-FA-10000406,6,111.0,6,13
OFF-FA-10000411,3,85.0,3,6
OFF-FA-10000429,2,86.0,2,6
OFF-FA-10000439,6,129.0,6,18
OFF-FA-10000447,4,121.0,4,13
OFF-FA-10000455,9,233.0,9,28
OFF-FA-10000459,1,28.0,1,2
OFF-FA-10000467,10,444.0,10,49
OFF-FA-10000470,4,81.0,4,11
OFF-FA-10000471,2,106.0,2,10
OFF-FA-10000474,1,22.0,1,2
OFF-FA-10000475,6,231.0,6,28
OFF-FA-10000487,1,42.0,1,3
OFF-FA-10000490,5,15.0,5,13
OFF-FA-10000509,5,304.0,4,24
OFF-FA-10000520,7,328.0,7,25
OFF-FA-10000522,7,242.0,7,35
OFF-FA-10000540,3,66.0,3,12
OFF-FA-10000549,4,168.0,4,19
OFF-FA-10000563,6,136.0,5,20
OFF-FA-10000571,3,127.0,3,9
OFF-FA-10000577,7,220.0,7,22
OFF-FA-10000581,7,253.0,7,25
OFF-FA-10000585,8,91.0,8,30
OFF-FA-10000611,7,36.0,7,27
OFF-FA-10000621,7,139.0,7,44
OFF-FA-10000624,7,128.0,7,38
OFF-FA-10000631,6,248.0,6,30
OFF-FA-10000644,5,154.0,5,17
OFF-FA-10000659,1,110.0,1,6
OFF-FA-10000670,8,702.0,8,47
OFF-FA-10000697,6,266.0,6,20
OFF-FA-10000700,5,133.0,5,19
OFF-FA-10000713,9,333.0,9,34
OFF-FA-10000720,2,86.0,2,8
OFF-FA-10000735,5,55.0,5,19
OFF-FA-10000740,1,11.0,1,2
OFF-FA-10000746,5,192.0,5,18
OFF-FA-10000757,6,249.0,6,28
OFF-FA-10000790,1,33.0,1,2
OFF-FA-10000799,3,75.0,3,5
OFF-FA-10000801,9,260.0,9,29
OFF-FA-10000805,1,12.0,1,2
OFF-FA-10000834,4,59.0,4,8
OFF-FA-10000838,5,201.0,5,19
OFF-FA-10000840,3,13.0,3,13
OFF-FA-10000856,3,196.0,3,17
OFF-FA-10000899,5,419.0,5,27
OFF-FA-10000907,1,68.0,1,4
OFF-FA-10000936,6,68.0,6,23
OFF-FA-10000974,6,188.0,6,16
OFF-FA-10000992,5,67.0,5,19
OFF-FA-10000999,2,55.0,2,5
OFF-FA-10001010,5,252.0,5,23
OFF-FA-10001026,13,714.0,13,67
OFF-FA-10001029,6,222.0,6,27
OFF-FA-10001030,2,84.0,2,6
OFF-FA-10001039,1,11.0,1,1
OFF-FA-10001045,7,210.0,7,25
OFF-FA-10001051,3,223.0,3,13
OFF-FA-10001052,3,114.0,3,15
OFF-FA-10001054,3,117.0,3,9
OFF-FA-10001057,3,212.0,3,13
OFF-FA-10001072,4,185.0,4,14
OFF-FA-10001082,10,307.0,10,42
OFF-FA-10001086,2,74.0,2,10
OFF-FA-10001097,10,440.0,10,39
OFF-FA-10001104,3,99.0,3,11
OFF-FA-10001111,1,13.0,1,2
OFF-FA-10001113,9,292.0,9,25
OFF-FA-10001115,2,120.0,2,14
OFF-FA-10001126,4,117.0,4,10
OFF-FA-10001128,2,61.0,2,6
OFF-FA-10001135,3,13.0,3,7
OFF-FA-10001152,1,152.0,1,8
OFF-FA-10001175,3,76.0,3,14
OFF-FA-10001184,2,58.0,2,7
OFF-FA-10001187,3,158.0,3,13
OFF-FA-10001199,5,165.0,5,24
OFF-FA-10001213,1,28.0,1,2
OFF-FA-10001228,6,179.0,6,14
OFF-FA-10001229,3,30.0,3,9
OFF-FA-10001237,4,139.0,4,18
OFF-FA-10001246,5,171.0,5,15
OFF-FA-10001272,2,24.0,2,2
OFF-FA-10001297,5,195.0,5,20
OFF-FA-10001304,7,273.0,7,28
OFF-FA-10001309,7,274.0,7,30
OFF-FA-10001330,5,202.0,5,18
OFF-FA-10001332,5,41.0,5,15
OFF-FA-10001337,7,133.0,7,27
OFF-FA-10001339,4,174.0,4,16
OFF-FA-10001348,2,62.0,2,6
OFF-FA-10001359,2,55.0,2,4
OFF-FA-10001375,8,424.0,8,33
OFF-FA-10001401,5,127.0,5,19
OFF-FA-10001419,1,19.0,1,2
OFF-FA-10001427,6,230.0,6,25
OFF-FA-10001435,5,264.0,5,27
OFF-FA-10001476,4,101.0,4,13
OFF-FA-10001520,3,182.0,3,14
OFF-FA-10001521,4,83.0,4,11
OFF-FA-10001526,3,114.0,3,8
OFF-FA-10001530,6,266.0,6,19
OFF-FA-10001551,5,197.0,5,16
OFF-FA-10001561,8,69.0,8,34
OFF-FA-10001563,3,58.0,3,6
OFF-FA-10001567,7,122.0,7,17
OFF-FA-10001574,3,349.0,3,18
OFF-FA-10001577,4,119.0,4,11
OFF-FA-10001596,6,479.0,6,33
OFF-FA-10001613,4,112.0,4,9
OFF-FA-10001621,9,408.0,9,38
OFF-FA-10001631,1,26.0,1,4
OFF-FA-10001650,5,169.0,5,18
OFF-FA-10001651,3,81.0,3,9
OFF-FA-10001670,2,26.0,2,7
OFF-FA-10001680,6,194.0,5,13
OFF-FA-10001684,5,97.0,5,14
OFF-FA-10001698,4,317.0,4,19
OFF-FA-10001700,6,148.0,6,15
OFF-FA-10001702,8,229.0,8,20
OFF-FA-10001710,1,33.0,1,2
OFF-FA-10001711,3,123.0,3,8
OFF-FA-10001718,6,158.0,6,27
OFF-FA-10001724,4,216.0,4,20
OFF-FA-10001727,6,232.0,6,32
OFF-FA-10001754,2,8.0,2,5
OFF-FA-10001761,9,266.0,9,35
OFF-FA-10001764,1,68.0,1,6
OFF-FA-10001776,5,123.0,5,12
OFF-FA-10001783,4,283.0,4,17
OFF-FA-10001800,2,182.0,2,18
OFF-FA-10001815,3,92.0,3,10
OFF-FA-10001832,1,13.0,1,3
OFF-FA-10001838,4,192.0,4,17
OFF-FA-10001843,4,50.0,4,22
OFF-FA-10001871,3,97.0,3,9
OFF-FA-10001877,8,248.0,8,30
OFF-FA-10001883,4,197.0,4,27
OFF-FA-10001892,5,145.0,5,9
OFF-FA-10001925,5,167.0,5,20
OFF-FA-10001953,1,77.0,1,4
OFF-FA-10001957,1,54.0,1,6
OFF-FA-10001963,1,10.0,1,1
OFF-FA-10002011,4,266.0,4,24
OFF-FA-10002015,7,215.0,7,21
OFF-FA-10002017,4,318.0,4,29
OFF-FA-10002025,1,23.0,1,2
OFF-FA-10002045,2,49.0,2,3
OFF-FA-10002047,4,119.0,4,11
OFF-FA-10002058,4,111.0,4,13
OFF-FA-10002061,1,28.0,1,2
OFF-FA-10002066,6,455.0,6,23
OFF-FA-10002071,4,200.0,4,18
OFF-FA-10002084,6,199.0,6,25
OFF-FA-10002085,5,259.0,5,25
OFF-FA-10002100,8,202.0,8,24
OFF-FA-10002101,2,70.0,2,6
OFF-FA-10002120,4,68.0,4,10
OFF-FA-10002156,4,302.0,4,23
OFF-FA-10002163,6,222.0,6,27
OFF-FA-10002175,2,67.0,2,10
OFF-FA-10002177,6,284.0,6,15
OFF-FA-10002226,3,93.0,3,7
OFF-FA-10002241,6,533.0,6,30
OFF-FA-10002247,9,460.0,9,38
OFF-FA-10002248,7,211.0,7,27
OFF-FA-10002264,3,182.0,3,13
OFF-FA-10002268,3,72.0,3,6
OFF-FA-10002280,10,225.0,10,47
OFF-FA-10002286,8,313.0,8,37
OFF-FA-10002308,3,114.0,3,11
OFF-FA-10002350,5,150.0,5,17
OFF-FA-10002353,3,189.0,3,21
OFF-FA-10002358,3,139.0,3,15
OFF-FA-10002360,5,180.0,5,21
OFF-FA-10002388,6,285.0,6,28
OFF-FA-10002393,2,59.0,2,5
OFF-FA-10002427,6,127.0,6,17
OFF-FA-10002444,1,11.0,1,1
OFF-FA-10002453,3,115.0,3,14
OFF-FA-10002459,5,318.0,5,19
OFF-FA-10002481,9,397.0,9,26
OFF-FA-10002491,8,266.0,8,29
OFF-FA-10002506,1,41.0,1,5
OFF-FA-10002526,6,182.0,6,27
OFF-FA-10002531,1,14.0,1,2
OFF-FA-10002539,4,149.0,4,11
OFF-FA-10002552,4,115.0,4,20
OFF-FA-10002569,4,123.0,4,14
OFF-FA-10002577,4,161.0,4,13
OFF-FA-10002597,3,295.0,3,24
OFF-FA-10002600,4,117.0,4,13
OFF-FA-10002617,5,289.0,5,23
OFF-FA-10002619,7,408.0,7,28
OFF-FA-10002632,2,28.0,2,5
OFF-FA-10002635,4,130.0,4,10
OFF-FA-10002636,3,93.0,3,9
OFF-FA-10002637,1,24.0,1,2
OFF-FA-10002639,1,66.0,1,6
OFF-FA-10002652,6,140.0,6,16
OFF-FA-10002676,5,25.0,5,15
OFF-FA-10002683,1,39.0,1,5
OFF-FA-10002701,2,13.0,2,8
OFF-FA-10002708,1,5.0,1,2
OFF-FA-10002715,7,318.0,7,20
OFF-FA-10002717,1,41.0,1,4
OFF-FA-10002719,14,522.0,14,52
OFF-FA-10002728,2,178.0,2,13
OFF-FA-10002752,4,129.0,4,12
OFF-FA-10002759,2,134.0,2,7
OFF-FA-10002763,6,88.0,6,25
OFF-FA-10002780,5,93.0,5,37
OFF-FA-10002782,3,76.0,3,11
OFF-FA-10002790,2,134.0,2,10
OFF-FA-10002791,2,56.0,2,5
OFF-FA-10002803,3,254.0,3,23
OFF-FA-10002815,4,76.0,4,15
OFF-FA-10002831,1,5.0,1,2
OFF-FA-10002835,4,67.0,4,13
OFF-FA-10002890,4,149.0,4,21
OFF-FA-10002895,14,485.0,14,49
OFF-FA-10002900,1,15.0,1,2
OFF-FA-10002964,2,103.0,2,8
OFF-FA-10002965,2,117.0,2,6
OFF-FA-10002975,4,76.0,4,24
OFF-FA-10002983,3,46.0,3,15
OFF-FA-10002988,8,59.0,8,33
OFF-FA-10002991,9,272.0,9,35
OFF-FA-10002992,1,9.0,1,2
OFF-FA-10003004,5,189.0,5,24
OFF-FA-10003007,3,157.0,3,17
OFF-FA-10003015,2,20.0,2,3
OFF-FA-10003020,4,130.0,4,16
OFF-FA-10003021,6,36.0,6,22
OFF-FA-10003022,8,222.0,8,22
OFF-FA-10003034,2,48.0,2,8
OFF-FA-10003050,3,140.0,3,12
OFF-FA-10003054,1,20.0,1,2
OFF-FA-10003058,7,178.0,7,21
OFF-FA-10003059,8,34.0,8,21
OFF-FA-10003112,7,148.0,7,22
OFF-FA-10003123,6,142.0,6,24
OFF-FA-10003139,7,228.0,7,19
OFF-FA-10003144,2,63.0,2,5
OFF-FA-10003161,5,235.0,5,21
OFF-FA-10003186,6,359.0,6,27
OFF-FA-10003213,1,54.0,1,4
OFF-FA-10003218,4,303.0,4,26
OFF-FA-10003257,3,136.0,3,14
OFF-FA-10003266,1,39.0,1,4
OFF-FA-10003318,3,181.0,3,13
OFF-FA-10003332,2,23.0,2,3
OFF-FA-10003378,3,154.0,3,12
OFF-FA-10003399,1,18.0,1,5
OFF-FA-10003411,2,102.0,2,9
OFF-FA-10003415,1,28.0,1,2
OFF-FA-10003429,1,13.0,1,1
OFF-FA-10003437,5,334.0,5,19
OFF-FA-10003450,1,27.0,1,2
OFF-FA-10003462,4,116.0,4,11
OFF-FA-10003463,7,340.0,7,35
OFF-FA-10003464,3,95.0,3,10
OFF-FA-10003467,4,30.0,4,15
OFF-FA-10003472,5,27.0,5,21
OFF-FA-10003485,2,27.0,2,12
OFF-FA-10003495,7,190.0,7,35
OFF-FA-10003496,8,184.0,8,24
OFF-FA-10003499,5,162.0,5,18
OFF-FA-10003505,3,142.0,3,10
OFF-FA-10003529,4,86.0,4,12
OFF-FA-10003530,9,605.0,9,35
OFF-FA-10003531,1,41.0,1,3
OFF-FA-10003542,1,14.0,1,5
OFF-FA-10003546,1,27.0,1,2
OFF-FA-10003587,3,72.0,3,10
OFF-FA-10003595,4,93.0,4,13
OFF-FA-10003596,5,224.0,5,20
OFF-FA-10003604,5,146.0,5,17
OFF-FA-10003605,5,231.0,5,24
OFF-FA-10003615,6,99.0,6,19
OFF-FA-10003626,5,233.0,5,19
OFF-FA-10003631,3,61.0,3,6
OFF-FA-10003638,8,332.0,8,31
OFF-FA-10003659,5,100.0,5,14
OFF-FA-10003668,1,58.0,1,6
OFF-FA-10003685,1,33.0,1,2
OFF-FA-10003703,1,34.0,1,2
OFF-FA-10003716,3,108.0,3,7
OFF-FA-10003717,1,97.0,1,5
OFF-FA-10003727,2,197.0,2,16
OFF-FA-10003730,7,408.0,7,31
OFF-FA-10003734,7,176.0,7,16
OFF-FA-10003744,4,121.0,4,14
OFF-FA-10003745,10,669.0,9,44
OFF-FA-10003749,1,17.0,1,4
OFF-FA-10003779,5,170.0,5,14
OFF-FA-10003782,6,256.0,6,20
OFF-FA-10003789,5,184.0,5,14
OFF-FA-10003797,3,87.0,3,10
OFF-FA-10003799,3,140.0,3,14
OFF-FA-10003815,2,116.0,2,11
OFF-FA-10003816,1,6.0,1,1
OFF-FA-10003817,5,328.0,5,20
OFF-FA-10003818,6,285.0,6,35
OFF-FA-10003819,6,185.0,6,16
OFF-FA-10003833,5,195.0,5,19
OFF-FA-10003836,6,160.0,6,10
OFF-FA-10003838,5,275.0,5,21
OFF-FA-10003850,1,11.0,1,3
OFF-FA-10003879,12,320.0,12,47
OFF-FA-10003885,7,208.0,7,25
OFF-FA-10003891,6,148.0,6,16
OFF-FA-10003892,7,233.0,6,26
OFF-FA-10003893,5,182.0,5,15
OFF-FA-10003897,1,113.0,1,8
OFF-FA-10003911,9,312.0,9,32
OFF-FA-10003929,6,228.0,6,23
OFF-FA-10003930,4,158.0,4,14
OFF-FA-10003931,5,150.0,5,19
OFF-FA-10003954,1,8.0,1,1
OFF-FA-10003961,5,138.0,5,20
OFF-FA-10003962,9,227.0,9,25
OFF-FA-10003977,3,132.0,3,13
OFF-FA-10003980,5,226.0,5,21
OFF-FA-10003985,8,185.0,8,35
OFF-FA-10003990,3,304.0,3,16
OFF-FA-10003991,1,17.0,1,3
OFF-FA-10003994,4,137.0,4,17
OFF-FA-10004027,8,330.0,8,35
OFF-FA-10004067,5,221.0,5,19
OFF-FA-10004076,3,25.0,3,15
OFF-FA-10004108,1,21.0,1,5
OFF-FA-10004112,1,8.0,1,3
OFF-FA-10004139,2,104.0,2,8
OFF-FA-10004140,3,112.0,3,9
OFF-FA-10004156,1,14.0,1,1
OFF-FA-10004171,3,64.0,3,7
OFF-FA-10004175,5,177.0,5,18
OFF-FA-10004186,8,249.0,8,33
OFF-FA-10004206,3,40.0,3,7
OFF-FA-10004233,3,71.0,3,7
OFF-FA-10004239,4,93.0,4,11
OFF-FA-10004243,1,32.0,1,6
OFF-FA-10004248,5,64.0,5,16
OFF-FA-10004257,5,375.0,5,21
OFF-FA-10004258,5,167.0,5,19
OFF-FA-10004265,6,200.0,6,28
OFF-FA-10004269,1,17.0,1,2
OFF-FA-10004298,6,157.0,6,15
OFF-FA-10004310,2,62.0,2,6
OFF-FA-10004339,5,295.0,5,30
OFF-FA-10004344,6,215.0,6,23
OFF-FA-10004359,2,48.0,2,5
OFF-FA-10004362,2,118.0,2,14
OFF-FA-10004374,1,28.0,1,3
OFF-FA-10004377,2,14.0,2,4
OFF-FA-10004395,5,77.0,5,18
OFF-FA-10004398,5,363.0,5,29
OFF-FA-10004401,2,52.0,2,9
OFF-FA-10004410,6,189.0,6,27
OFF-FA-10004424,5,395.0,5,23
OFF-FA-10004447,9,361.0,9,28
OFF-FA-10004449,2,103.0,2,9
OFF-FA-10004474,2,117.0,2,7
OFF-FA-10004494,2,44.0,2,6
OFF-FA-10004503,2,46.0,2,8
OFF-FA-10004516,3,55.0,3,7
OFF-FA-10004523,8,308.0,8,26
OFF-FA-10004527,7,227.0,7,20
OFF-FA-10004533,7,163.0,7,27
OFF-FA-10004545,6,136.0,6,14
OFF-FA-10004563,1,33.0,1,2
OFF-FA-10004586,3,30.0,3,6
OFF-FA-10004587,2,64.0,2,6
OFF-FA-10004605,3,138.0,3,12
OFF-FA-10004606,7,142.0,7,17
OFF-FA-10004626,7,82.0,7,16
OFF-FA-10004637,3,102.0,3,11
OFF-FA-10004649,4,97.0,4,9
OFF-FA-10004657,3,126.0,3,12
OFF-FA-10004659,7,218.0,7,22
OFF-FA-10004664,4,186.0,4,14
OFF-FA-10004665,2,84.0,2,9
OFF-FA-10004684,4,143.0,4,11
OFF-FA-10004687,1,27.0,1,2
OFF-FA-10004698,5,175.0,5,22
OFF-FA-10004705,6,211.0,6,22
OFF-FA-10004709,6,419.0,6,26
OFF-FA-10004734,7,352.0,7,24
OFF-FA-10004739,3,93.0,3,7
OFF-FA-10004754,4,176.0,4,11
OFF-FA-10004775,1,8.0,1,3
OFF-FA-10004781,6,131.0,6,18
OFF-FA-10004792,3,67.0,3,10
OFF-FA-10004795,10,302.0,10,32
OFF-FA-10004799,3,142.0,3,12
OFF-FA-10004813,6,307.0,6,23
OFF-FA-10004824,4,324.0,4,20
OFF-FA-10004838,4,33.0,4,20
OFF-FA-10004839,5,277.0,5,16
OFF-FA-10004854,8,296.0,8,29
OFF-FA-10004878,6,467.0,6,28
OFF-FA-10004880,3,197.0,3,12
OFF-FA-10004899,5,288.0,5,15
OFF-FA-10004910,7,203.0,7,25
OFF-FA-10004920,5,142.0,5,15
OFF-FA-10004924,5,112.0,5,15
OFF-FA-10004931,5,220.0,5,19
OFF-FA-10004942,3,162.0,3,13
OFF-FA-10004946,5,118.0,5,16
OFF-FA-10004968,4,58.0,4,16
OFF-FA-10004993,2,59.0,2,4
OFF-FA-10004997,6,354.0,6,25
OFF-FEL-10000070,8,310.0,8,28
OFF-FEL-10000998,8,202.0,8,14
OFF-FEL-10001261,7,1070.0,7,9
OFF-FEL-10001343,12,599.0,12,33
OFF-FEL-10001405,10,1999.0,10,22
OFF-FEL-10001541,15,3939.0,15,22
OFF-FEL-10001630,14,5675.0,14,28
OFF-FEL-10001776,11,2568.236,11,30
OFF-FEL-10001792,13,515.0,13,27
OFF-FEL-10001796,5,401.0,5,7
OFF-FEL-10001865,20,5402.182,20,61
OFF-FEL-10002158,11,623.0,11,27
OFF-FEL-10002399,8,504.0,8,29
OFF-FEL-10002658,5,411.0,5,14
OFF-FEL-10002837,18,910.0,18,41
OFF-FEL-10002867,15,2804.391,15,46
OFF-FEL-10002897,9,886.0,9,16
OFF-FEL-10003785,7,524.0,7,9
OFF-FEL-10003848,12,1671.0,12,32
OFF-FEL-10004016,5,723.0,5,15
OFF-FEL-10004117,11,1549.0,11,30
OFF-FEL-10004224,14,1234.0,14,24
OFF-FEL-10004665,16,6407.659,16,46
OFF-FEL-10004974,11,539.0,11,25
OFF-FIS-10000063,10,430.0,10,19
OFF-FIS-10000628,3,176.0,3,11
OFF-FIS-10000670,2,180.0,2,8
OFF-FIS-10001399,5,68.0,5,8
OFF-FIS-10001549,2,88.0,2,2
OFF-FIS-10001591,5,372.0,5,10
OFF-FIS-10001797,8,477.0,8,17
OFF-FIS-10002661,3,108.0,3,3
OFF-FIS-10002703,3,291.0,3,11
OFF-FIS-10002759,3,98.0,3,5
OFF-FIS-10002784,7,180.0,7,10
OFF-FIS-10002924,5,306.0,5,30
OFF-FIS-10002949,7,137.0,7,11
OFF-FIS-10003234,4,585.0,4,15
OFF-FIS-10003463,3,119.0,3,4
OFF-FIS-10004067,4,86.0,4,8
OFF-FIS-10004155,2,74.0,2,3
OFF-FIS-10004183,3,119.0,3,6
OFF-FIS-10004721,5,364.0,5,23
OFF-FIS-10004787,7,350.0,7,12
OFF-FIS-10004882,4,197.0,4,7
OFF-FIS-10004915,6,572.0,6,13
OFF-GLO-10000014,3,309.0,3,10
OFF-GLO-10000016,4,513.0,4,11
OFF-GLO-10000201,2,38.0,2,5
OFF-GLO-10000485,3,340.0,3,9
OFF-GLO-10000491,4,431.0,4,9
OFF-GLO-10000617,2,129.0,2,7
OFF-GLO-10000813,1,15.0,1,1
OFF-GLO-10001127,7,193.0,7,14
OFF-GLO-10001233,2,40.0,2,4
OFF-GLO-10001348,7,290.0,7,13
OFF-GLO-10001567,3,67.0,3,5
OFF-GLO-10001688,2,57.0,2,5
OFF-GLO-10002315,3,144.0,3,3
OFF-GLO-10002982,4,282.0,4,8
OFF-GLO-10003429,3,192.0,3,9
OFF-GLO-10003463,5,258.0,5,15
OFF-GLO-10003496,3,81.0,3,3
OFF-GLO-10003639,8,435.0,8,14
OFF-GLO-10003650,5,114.0,5,6
OFF-GLO-10004123,2,99.0,2,5
OFF-GLO-10004160,2,29.0,2,2
OFF-GLO-10004223,4,59.0,4,6
OFF-GLO-10004430,5,146.0,5,17
OFF-GLO-10004610,3,249.0,3,10
OFF-GRE-10000216,7,398.0,7,17
OFF-GRE-10000320,4,135.0,4,8
OFF-GRE-10000328,4,83.0,4,12
OFF-GRE-10000492,2,101.0,2,6
OFF-GRE-10001059,5,534.0,5,18
OFF-GRE-10001084,3,419.0,3,9
OFF-GRE-10001521,4,114.0,4,6
OFF-GRE-10001774,5,280.0,5,13
OFF-GRE-10001814,3,62.0,3,3
OFF-GRE-10002109,5,230.0,5,15
OFF-GRE-10002510,3,90.0,3,3
OFF-GRE-10002555,3,88.0,3,7
OFF-GRE-10002561,6,500.0,6,21
OFF-GRE-10002738,7,1180.0,7,25
OFF-GRE-10003213,1,17.0,1,1
OFF-GRE-10003316,2,133.0,2,8
OFF-GRE-10003334,3,187.0,3,9
OFF-GRE-10003899,1,14.0,1,1
OFF-GRE-10003943,5,274.0,5,14
OFF-GRE-10004054,4,260.0,4,17
OFF-GRE-10004359,1,279.0,1,10
OFF-GRE-10004604,6,547.0,6,11
OFF-GRE-10004796,5,305.0,5,11
OFF-HAM-10000312,4,1801.0,4,8
OFF-HAM-10000430,1,70.0,1,1
OFF-HAM-10000822,1,114.0,1,2
OFF-HAM-10000983,1,997.0,1,2
OFF-HAM-10001107,2,502.002,2,3
OFF-HAM-10001302,2,562.123,2,6
OFF-HAM-10001387,1,17.0,1,1
OFF-HAM-10001621,4,1900.0,4,5
OFF-HAM-10001712,2,170.0,2,3
OFF-HAM-10002455,3,311.0,3,6
OFF-HAM-10002778,2,283.128,2,5
OFF-HAM-10003040,1,649.0,1,4
OFF-HAM-10003368,2,622.0,2,9
OFF-HAM-10003628,3,257.0,3,6
OFF-HAM-10003663,4,1410.0839999999998,4,6
OFF-HAM-10003872,2,259.0,2,6
OFF-HAM-10003992,3,385.0,3,8
OFF-HAM-10004122,4,1162.0,4,6
OFF-HAM-10004471,1,174.0,1,4
OFF-HAM-10004674,3,1196.086,3,7
OFF-HAM-10004805,2,106.0,2,4
OFF-HAM-10004896,3,399.955,3,16
OFF-HAM-10004917,4,1519.085,4,6
OFF-HAR-10000187,4,119.0,4,10
OFF-HAR-10000242,3,21.0,3,3
OFF-HAR-10000414,2,7.0,2,2
OFF-HAR-10000495,4,90.0,4,11
OFF-HAR-10000501,6,107.0,6,15
OFF-HAR-10000681,2,34.0,2,3
OFF-HAR-10001262,8,191.0,8,21
OFF-HAR-10001310,5,46.0,5,7
OFF-HAR-10001531,3,60.0,3,8
OFF-HAR-10001714,5,112.0,5,14
OFF-HAR-10001855,2,20.0,2,3
OFF-HAR-10001913,6,141.0,6,18
OFF-HAR-10001948,4,37.0,4,8
OFF-HAR-10002083,7,122.0,7,17
OFF-HAR-10002479,5,93.0,5,7
OFF-HAR-10002914,3,34.0,3,6
OFF-HAR-10003043,2,61.0,2,8
OFF-HAR-10003514,5,87.0,5,10
OFF-HAR-10003580,3,130.0,3,12
OFF-HAR-10003659,6,254.0,6,27
OFF-HAR-10004011,5,90.0,5,14
OFF-HAR-10004099,6,90.0,6,12
OFF-HAR-10004816,3,67.0,3,6
OFF-HAR-10004896,5,234.0,5,18
OFF-HON-10000137,4,67.0,4,10
OFF-HON-10000172,6,129.0,6,16
OFF-HON-10000278,2,59.0,2,10
OFF-HON-10000934,9,407.0,9,41
OFF-HON-10000966,5,103.0,5,16
OFF-HON-10001102,4,71.0,4,8
OFF-HON-10001132,6,60.0,6,13
OFF-HON-10001204,5,79.0,4,13
OFF-HON-10001508,5,102.0,5,10
OFF-HON-10001706,2,128.0,2,12
OFF-HON-10001723,2,26.0,2,2
OFF-HON-10001783,5,84.0,5,7
OFF-HON-10002389,3,178.0,3,17
OFF-HON-10002456,5,192.0,5,15
OFF-HON-10002610,6,138.0,6,17
OFF-HON-10003010,4,38.0,4,9
OFF-HON-10003230,2,23.0,2,4
OFF-HON-10003538,3,34.0,3,5
OFF-HON-10003921,4,83.0,4,9
OFF-HON-10004014,8,146.0,8,17
OFF-HON-10004621,4,81.0,4,9
OFF-HON-10004698,4,82.0,4,10
OFF-HON-10004800,3,40.0,3,5
OFF-HON-10004825,3,75.0,3,15
OFF-HOO-10000318,4,496.238,4,7
OFF-HOO-10000335,4,1106.841,4,11
OFF-HOO-10000445,3,1578.0,3,3
OFF-HOO-10000638,1,83.0,1,1
OFF-HOO-10001105,2,528.054,2,3
OFF-HOO-10001248,3,348.0,3,5
OFF-HOO-10001448,3,686.0,3,7
OFF-HOO-10001783,4,1236.2350000000001,4,8
OFF-HOO-10001881,4,1137.626,4,12
OFF-HOO-10001987,1,138.0,1,2
OFF-HOO-10002386,3,210.0,3,6
OFF-HOO-10002715,3,174.0,3,4
OFF-HOO-10002752,1,526.0,1,1
OFF-HOO-10002920,2,795.0,2,2
OFF-HOO-10002946,3,1704.0,3,3
OFF-HOO-10003246,2,68.0,2,2
OFF-HOO-10003269,3,452.0,3,9
OFF-HOO-10003338,6,1651.0,6,17
OFF-HOO-10003653,3,2163.0,3,9
OFF-HOO-10003820,5,680.0,5,9
OFF-HOO-10004188,3,496.0,3,8
OFF-HOO-10004243,3,925.232,3,7
OFF-HOO-10004910,5,1053.195,5,12
OFF-IBI-10000080,16,357.0,16,30
OFF-IBI-10000099,13,445.0,13,31
OFF-IBI-10000440,15,360.0,15,29
OFF-IBI-10000684,7,714.0,7,14
OFF-IBI-10000779,10,118.0,10,14
OFF-IBI-10000951,12,490.0,12,39
OFF-IBI-10000959,8,949.0,8,19
OFF-IBI-10001123,9,838.0,9,29
OFF-IBI-10001494,9,150.0,9,21
OFF-IBI-10001640,10,125.0,10,21
OFF-IBI-10001772,16,227.0,16,35
OFF-IBI-10001951,12,121.0,12,25
OFF-IBI-10002486,13,123.0,13,15
OFF-IBI-10002637,14,752.0,14,18
OFF-IBI-10002805,12,338.0,12,17
OFF-IBI-10003191,19,1025.0,18,36
OFF-IBI-10003422,7,260.0,7,16
OFF-IBI-10003541,9,1697.0,9,33
OFF-IBI-10003732,9,123.0,9,16
OFF-IBI-10004074,12,336.0,12,14
OFF-IBI-10004323,5,136.0,5,9
OFF-IBI-10004855,11,228.0,10,35
OFF-IBI-10004916,10,218.0,10,17
OFF-IBI-10004959,9,172.0,9,15
OFF-JIF-10000165,5,142.0,5,11
OFF-JIF-10000375,3,245.0,3,9
OFF-JIF-10000556,2,78.0,2,4
OFF-JIF-10000704,2,12.0,2,2
OFF-JIF-10000843,2,34.0,2,2
OFF-JIF-10000890,3,85.0,3,5
OFF-JIF-10000981,4,106.0,4,8
OFF-JIF-10002184,7,183.0,7,10
OFF-JIF-10002228,3,300.0,3,6
OFF-JIF-10002275,7,131.0,7,13
OFF-JIF-10002454,3,110.0,3,5
OFF-JIF-10002621,5,187.0,5,13
OFF-JIF-10002836,1,186.0,1,4
OFF-JIF-10003115,1,14.0,1,1
OFF-JIF-10003677,2,56.0,2,7
OFF-JIF-10003842,6,75.0,6,8
OFF-JIF-10003890,3,44.0,3,3
OFF-JIF-10003976,2,260.0,2,7
OFF-JIF-10004213,2,40.0,2,2
OFF-JIF-10004450,4,137.0,4,8
OFF-JIF-10004616,3,226.0,3,8
OFF-JIF-10004747,4,367.0,4,16
OFF-JIF-10004777,3,13.0,3,5
OFF-JIF-10004822,3,328.0,3,9
OFF-KIT-10000099,4,1272.172,4,9
OFF-KIT-10000624,2,138.0,2,4
OFF-KIT-10000717,4,500.0,4,6
OFF-KIT-10000964,3,480.0,3,7
OFF-KIT-10001040,1,140.0,1,2
OFF-KIT-10001213,1,1.055,1,2
OFF-KIT-10001245,2,155.0,2,3
OFF-KIT-10001380,3,621.239,3,6
OFF-KIT-10001609,2,169.0,2,3
OFF-KIT-10001791,3,843.052,3,5
OFF-KIT-10001899,5,628.0,4,8
OFF-KIT-10002357,3,339.0,3,4
OFF-KIT-10002678,4,491.0,4,10
OFF-KIT-10002828,3,1235.234,3,8
OFF-KIT-10003337,2,746.0,2,3
OFF-KIT-10003611,4,1711.1399999999999,4,5
OFF-KIT-10003683,3,802.425,3,8
OFF-KIT-10003757,1,317.0,1,2
OFF-KIT-10003938,3,145.0,3,3
OFF-KIT-10003990,2,258.0,2,3
OFF-KIT-10004058,3,741.41,3,8
OFF-KIT-10004515,5,2172.0,5,7
OFF-KIT-10004732,2,158.0,2,3
OFF-KLE-10000050,5,247.0,5,6
OFF-KLE-10000228,6,253.0,6,11
OFF-KLE-10000296,6,291.0,6,15
OFF-KLE-10000466,3,130.0,3,9
OFF-KLE-10000527,5,147.0,5,8
OFF-KLE-10000552,4,244.0,4,6
OFF-KLE-10001317,7,116.0,7,9
OFF-KLE-10001381,1,10.0,1,1
OFF-KLE-10001644,7,507.0,7,13
OFF-KLE-10001699,4,258.0,4,9
OFF-KLE-10001794,7,300.0,7,16
OFF-KLE-10002118,5,112.0,5,11
OFF-KLE-10002292,2,109.0,2,5
OFF-KLE-10002340,4,319.0,4,9
OFF-KLE-10002550,3,114.0,3,6
OFF-KLE-10002869,7,555.0,7,21
OFF-KLE-10003227,3,64.0,3,7
OFF-KLE-10003497,5,642.0,5,21
OFF-KLE-10004112,3,167.0,3,5
OFF-KLE-10004543,5,136.0,5,10
OFF-KLE-10004581,5,774.0,5,18
OFF-KLE-10004673,4,247.0,4,10
OFF-KLE-10004771,6,372.0,6,10
OFF-KRA-10000113,5,102.0,5,6
OFF-KRA-10000117,4,312.0,4,12
OFF-KRA-10000492,2,35.0,2,2
OFF-KRA-10000534,4,212.0,4,5
OFF-KRA-10000695,3,98.0,3,6
OFF-KRA-10000916,8,486.0,8,12
OFF-KRA-10001807,6,521.0,6,18
OFF-KRA-10001967,6,260.0,6,13
OFF-KRA-10002085,2,43.0,2,7
OFF-KRA-10002094,3,45.0,3,4
OFF-KRA-10002126,1,122.0,1,8
OFF-KRA-10002170,5,147.0,5,9
OFF-KRA-10002406,5,236.0,5,6
OFF-KRA-10002441,1,19.0,1,1
OFF-KRA-10002752,4,40.0,4,5
OFF-KRA-10002789,7,280.0,7,16
OFF-KRA-10002828,3,87.0,3,5
OFF-KRA-10003337,4,599.0,4,17
OFF-KRA-10003816,3,222.0,3,6
OFF-KRA-10004192,1,26.0,1,1
OFF-KRA-10004624,2,40.0,2,2
OFF-KRA-10004876,3,273.0,3,7
OFF-KRA-10004892,5,111.0,5,13
OFF-LA-10000039,6,171.0,6,19
OFF-LA-10000073,6,131.0,6,25
OFF-LA-10000081,4,51.0,4,14
OFF-LA-10000095,8,146.0,8,31
OFF-LA-10000108,4,144.0,4,12
OFF-LA-10000114,1,36.0,1,6
OFF-LA-10000116,4,45.0,4,12
OFF-LA-10000121,3,91.0,3,15
OFF-LA-10000134,11,243.0,11,38
OFF-LA-10000151,3,37.0,3,9
OFF-LA-10000155,1,9.0,1,3
OFF-LA-10000157,2,66.0,2,6
OFF-LA-10000190,5,98.0,5,23
OFF-LA-10000195,5,202.0,5,25
OFF-LA-10000203,10,150.0,10,40
OFF-LA-10000216,5,59.0,5,11
OFF-LA-10000219,8,212.0,8,35
OFF-LA-10000220,1,12.0,1,2
OFF-LA-10000236,6,143.0,6,19
OFF-LA-10000240,7,154.0,7,23
OFF-LA-10000244,6,266.0,6,28
OFF-LA-10000248,6,68.0,6,19
OFF-LA-10000262,6,56.0,6,23
OFF-LA-10000271,5,165.0,5,15
OFF-LA-10000276,6,118.0,6,21
OFF-LA-10000296,4,136.0,4,13
OFF-LA-10000305,4,97.0,4,16
OFF-LA-10000321,2,25.0,2,4
OFF-LA-10000322,5,132.0,5,23
OFF-LA-10000334,6,211.0,6,29
OFF-LA-10000341,2,96.0,2,8
OFF-LA-10000345,2,48.0,2,10
OFF-LA-10000356,5,100.0,5,16
OFF-LA-10000370,7,273.0,7,29
OFF-LA-10000379,7,255.0,7,25
OFF-LA-10000404,5,196.0,5,17
OFF-LA-10000407,4,96.0,4,20
OFF-LA-10000413,8,206.0,8,29
OFF-LA-10000414,4,155.0,4,15
OFF-LA-10000425,13,544.0,13,56
OFF-LA-10000436,3,95.0,3,14
OFF-LA-10000438,2,87.0,2,8
OFF-LA-10000443,8,67.0,8,22
OFF-LA-10000448,10,166.0,10,32
OFF-LA-10000452,6,51.0,6,17
OFF-LA-10000471,4,172.0,4,17
OFF-LA-10000473,1,17.0,1,2
OFF-LA-10000476,2,20.0,2,5
OFF-LA-10000477,3,46.0,3,10
OFF-LA-10000483,1,14.0,1,2
OFF-LA-10000495,2,18.0,2,10
OFF-LA-10000506,10,373.0,10,43
OFF-LA-10000508,5,139.0,5,21
OFF-LA-10000519,6,186.0,6,26
OFF-LA-10000536,3,143.0,3,13
OFF-LA-10000540,5,85.0,5,20
OFF-LA-10000553,2,30.0,2,5
OFF-LA-10000560,1,23.0,1,4
OFF-LA-10000590,3,197.0,3,15
OFF-LA-10000598,6,142.0,6,31
OFF-LA-10000604,4,242.0,4,19
OFF-LA-10000615,7,267.0,7,39
OFF-LA-10000624,7,246.0,7,31
OFF-LA-10000633,6,115.0,6,24
OFF-LA-10000634,4,33.0,4,13
OFF-LA-10000635,4,109.0,4,11
OFF-LA-10000648,7,177.0,7,28
OFF-LA-10000658,6,264.0,6,27
OFF-LA-10000668,10,352.0,10,40
OFF-LA-10000685,1,12.0,1,1
OFF-LA-10000688,5,148.0,5,16
OFF-LA-10000692,6,200.0,6,33
OFF-LA-10000700,3,68.0,3,6
OFF-LA-10000707,11,464.0,11,53
OFF-LA-10000709,3,118.0,3,9
OFF-LA-10000713,1,21.0,1,4
OFF-LA-10000714,5,43.0,5,14
OFF-LA-10000732,8,179.0,8,34
OFF-LA-10000738,7,113.0,7,25
OFF-LA-10000757,1,62.0,1,6
OFF-LA-10000760,6,157.0,6,23
OFF-LA-10000765,6,186.0,6,26
OFF-LA-10000767,2,44.0,2,4
OFF-LA-10000779,2,40.0,2,6
OFF-LA-10000784,5,71.0,5,10
OFF-LA-10000793,2,90.0,2,12
OFF-LA-10000818,1,26.0,1,4
OFF-LA-10000845,7,53.0,7,21
OFF-LA-10000861,3,180.0,3,14
OFF-LA-10000869,4,171.0,4,18
OFF-LA-10000879,9,331.0,9,44
OFF-LA-10000880,3,89.0,3,9
OFF-LA-10000897,4,49.0,4,11
OFF-LA-10000901,1,37.0,1,4
OFF-LA-10000927,1,7.0,1,3
OFF-LA-10000934,5,70.0,5,10
OFF-LA-10000950,5,196.0,5,19
OFF-LA-10000959,2,15.0,2,3
OFF-LA-10000970,3,45.0,3,8
OFF-LA-10000973,3,18.0,3,7
OFF-LA-10000984,4,81.0,4,13
OFF-LA-10000989,5,42.0,5,16
OFF-LA-10000990,7,168.0,7,24
OFF-LA-10001019,6,181.0,6,21
OFF-LA-10001026,2,54.0,2,9
OFF-LA-10001028,4,77.0,4,12
OFF-LA-10001038,6,197.0,6,28
OFF-LA-10001045,6,44.0,6,18
OFF-LA-10001063,3,51.0,3,9
OFF-LA-10001065,5,74.0,5,16
OFF-LA-10001067,1,21.0,1,7
OFF-LA-10001074,6,421.0,6,39
OFF-LA-10001075,2,60.0,2,6
OFF-LA-10001092,1,17.0,1,2
OFF-LA-10001154,4,149.0,4,19
OFF-LA-10001158,7,278.0,7,28
OFF-LA-10001169,4,186.0,4,30
OFF-LA-10001170,2,47.0,2,5
OFF-LA-10001175,4,47.0,4,17
OFF-LA-10001184,6,229.0,6,21
OFF-LA-10001185,4,60.0,4,10
OFF-LA-10001187,2,102.0,2,8
OFF-LA-10001188,2,112.0,2,14
OFF-LA-10001191,5,112.0,5,16
OFF-LA-10001194,1,39.0,1,5
OFF-LA-10001202,1,9.0,1,3
OFF-LA-10001215,1,9.0,1,1
OFF-LA-10001228,1,5.0,1,2
OFF-LA-10001229,2,26.0,2,4
OFF-LA-10001230,3,75.0,3,16
OFF-LA-10001246,2,26.0,1,4
OFF-LA-10001256,1,6.0,1,4
OFF-LA-10001265,5,151.0,5,18
OFF-LA-10001284,5,162.0,5,22
OFF-LA-10001287,1,4.0,1,2
OFF-LA-10001292,7,178.0,7,31
OFF-LA-10001294,3,52.0,3,9
OFF-LA-10001297,6,249.0,6,24
OFF-LA-10001299,4,77.0,4,11
OFF-LA-10001312,6,136.0,6,22
OFF-LA-10001317,5,47.0,5,15
OFF-LA-10001375,4,80.0,4,10
OFF-LA-10001383,1,38.0,1,8
OFF-LA-10001402,5,215.0,5,16
OFF-LA-10001404,4,44.0,4,13
OFF-LA-10001413,7,267.0,7,25
OFF-LA-10001417,1,10.0,1,2
OFF-LA-10001444,4,42.0,4,11
OFF-LA-10001469,3,62.0,3,14
OFF-LA-10001471,2,92.0,2,16
OFF-LA-10001474,4,575.0,4,20
OFF-LA-10001484,5,108.0,5,18
OFF-LA-10001497,5,45.0,5,12
OFF-LA-10001538,1,11.0,1,2
OFF-LA-10001541,3,189.0,3,17
OFF-LA-10001546,5,176.0,5,20
OFF-LA-10001548,7,191.0,7,26
OFF-LA-10001549,2,97.0,2,9
OFF-LA-10001569,11,177.0,10,40
OFF-LA-10001582,2,27.0,2,13
OFF-LA-10001607,6,195.0,5,18
OFF-LA-10001613,13,117.0,13,44
OFF-LA-10001618,5,245.0,5,28
OFF-LA-10001633,3,44.0,3,5
OFF-LA-10001634,7,189.0,7,22
OFF-LA-10001641,8,106.0,8,35
OFF-LA-10001658,6,142.0,6,24
OFF-LA-10001669,2,56.0,2,6
OFF-LA-10001672,8,385.0,8,40
OFF-LA-10001676,5,113.0,5,16
OFF-LA-10001677,3,125.0,3,17
OFF-LA-10001701,7,109.0,7,29
OFF-LA-10001719,1,27.0,1,2
OFF-LA-10001731,8,177.0,8,20
OFF-LA-10001738,4,116.0,4,11
OFF-LA-10001764,7,103.0,7,30
OFF-LA-10001771,5,94.0,5,22
OFF-LA-10001778,3,70.0,3,9
OFF-LA-10001793,2,49.0,2,7
OFF-LA-10001800,6,178.0,6,24
OFF-LA-10001803,3,91.0,3,14
OFF-LA-10001830,8,242.0,7,47
OFF-LA-10001831,5,140.0,5,15
OFF-LA-10001833,5,201.0,5,18
OFF-LA-10001839,3,66.0,3,8
OFF-LA-10001865,1,15.0,1,2
OFF-LA-10001867,4,86.0,4,11
OFF-LA-10001873,1,17.0,1,3
OFF-LA-10001915,3,211.0,3,18
OFF-LA-10001924,1,27.0,1,9
OFF-LA-10001930,2,48.0,2,6
OFF-LA-10001934,4,110.0,4,15
OFF-LA-10001942,7,236.0,7,34
OFF-LA-10001982,5,72.0,5,20
OFF-LA-10002015,5,53.0,5,15
OFF-LA-10002020,6,277.0,6,29
OFF-LA-10002029,6,168.0,6,31
OFF-LA-10002034,4,89.0,4,18
OFF-LA-10002037,2,83.0,2,10
OFF-LA-10002043,5,159.0,5,16
OFF-LA-10002063,7,145.0,7,31
OFF-LA-10002068,10,334.0,10,51
OFF-LA-10002086,3,109.0,3,10
OFF-LA-10002088,7,77.0,7,16
OFF-LA-10002107,9,224.0,9,24
OFF-LA-10002123,3,97.0,3,9
OFF-LA-10002139,9,341.0,9,34
OFF-LA-10002159,4,85.0,4,8
OFF-LA-10002180,7,280.0,7,23
OFF-LA-10002183,7,108.0,7,20
OFF-LA-10002195,5,92.0,5,30
OFF-LA-10002199,7,104.0,7,20
OFF-LA-10002225,3,165.0,3,14
OFF-LA-10002258,5,68.0,5,16
OFF-LA-10002271,5,48.0,5,16
OFF-LA-10002272,7,201.0,7,27
OFF-LA-10002289,7,206.0,6,30
OFF-LA-10002295,7,200.0,6,29
OFF-LA-10002312,5,177.0,5,13
OFF-LA-10002319,5,88.0,5,13
OFF-LA-10002323,3,105.0,3,15
OFF-LA-10002324,3,117.0,3,14
OFF-LA-10002325,1,65.0,1,6
OFF-LA-10002334,13,430.0,13,51
OFF-LA-10002337,1,24.0,1,2
OFF-LA-10002353,3,110.0,3,12
OFF-LA-10002354,5,168.0,5,20
OFF-LA-10002364,6,349.0,6,33
OFF-LA-10002368,3,17.0,3,7
OFF-LA-10002381,2,24.0,2,8
OFF-LA-10002389,2,54.0,2,11
OFF-LA-10002401,6,138.0,6,23
OFF-LA-10002465,5,168.0,5,18
OFF-LA-10002469,5,143.0,5,23
OFF-LA-10002473,1,9.0,1,4
OFF-LA-10002475,6,122.0,6,18
OFF-LA-10002486,5,155.0,5,20
OFF-LA-10002490,2,45.0,2,7
OFF-LA-10002493,7,158.0,7,17
OFF-LA-10002523,1,43.0,1,7
OFF-LA-10002544,5,121.0,5,16
OFF-LA-10002559,2,35.0,2,4
OFF-LA-10002575,6,246.0,6,35
OFF-LA-10002596,5,118.0,5,18
OFF-LA-10002598,6,83.0,6,13
OFF-LA-10002609,5,206.0,5,24
OFF-LA-10002625,5,61.0,5,13
OFF-LA-10002630,6,258.0,6,31
OFF-LA-10002633,7,221.0,7,28
OFF-LA-10002635,4,65.0,4,13
OFF-LA-10002650,7,150.0,7,25
OFF-LA-10002651,5,61.0,5,19
OFF-LA-10002673,4,55.0,4,12
OFF-LA-10002674,6,359.0,6,34
OFF-LA-10002681,4,57.0,4,13
OFF-LA-10002688,1,5.0,1,3
OFF-LA-10002703,5,202.0,5,22
OFF-LA-10002731,3,72.0,3,14
OFF-LA-10002733,7,216.0,7,28
OFF-LA-10002741,6,162.0,6,17
OFF-LA-10002744,2,15.0,2,3
OFF-LA-10002752,6,194.0,6,17
OFF-LA-10002762,8,639.0,8,51
OFF-LA-10002765,7,186.0,7,24
OFF-LA-10002770,1,12.0,1,2
OFF-LA-10002782,5,65.0,5,16
OFF-LA-10002787,6,90.0,6,24
OFF-LA-10002805,2,63.0,2,5
OFF-LA-10002806,11,460.0,9,46
OFF-LA-10002821,3,68.0,3,10
OFF-LA-10002827,3,37.0,3,12
OFF-LA-10002848,5,112.0,5,18
OFF-LA-10002851,2,46.0,2,4
OFF-LA-10002868,5,100.0,5,16
OFF-LA-10002875,4,196.0,4,22
OFF-LA-10002876,3,51.0,3,7
OFF-LA-10002883,3,56.0,3,10
OFF-LA-10002895,7,173.0,7,26
OFF-LA-10002900,1,9.0,1,2
OFF-LA-10002927,7,118.0,7,19
OFF-LA-10002939,8,247.0,8,25
OFF-LA-10002943,2,48.0,2,5
OFF-LA-10002945,6,153.0,6,29
OFF-LA-10002964,5,256.0,5,26
OFF-LA-10002972,6,100.0,6,19
OFF-LA-10002974,5,123.0,5,16
OFF-LA-10002980,3,66.0,3,12
OFF-LA-10002992,7,205.0,7,25
OFF-LA-10002995,4,103.0,4,12
OFF-LA-10002996,3,107.0,3,10
OFF-LA-10003057,1,18.0,1,2
OFF-LA-10003058,2,42.0,2,5
OFF-LA-10003077,2,59.0,2,8
OFF-LA-10003084,5,242.0,5,27
OFF-LA-10003090,2,50.0,2,11
OFF-LA-10003119,1,32.0,1,4
OFF-LA-10003121,3,67.0,3,17
OFF-LA-10003132,8,180.0,8,29
OFF-LA-10003140,7,105.0,7,24
OFF-LA-10003141,12,413.0,12,47
OFF-LA-10003148,5,96.0,5,16
OFF-LA-10003155,1,8.0,1,2
OFF-LA-10003190,9,80.0,8,30
OFF-LA-10003210,10,423.0,10,45
OFF-LA-10003215,3,49.0,3,9
OFF-LA-10003217,5,191.0,5,25
OFF-LA-10003223,6,88.0,6,19
OFF-LA-10003231,2,15.0,2,4
OFF-LA-10003233,6,238.0,6,24
OFF-LA-10003236,7,94.0,7,30
OFF-LA-10003271,8,203.0,8,34
OFF-LA-10003273,5,140.0,5,17
OFF-LA-10003278,2,114.0,2,10
OFF-LA-10003283,12,452.0,12,58
OFF-LA-10003285,7,116.0,7,25
OFF-LA-10003290,6,73.0,6,16
OFF-LA-10003295,6,247.0,6,23
OFF-LA-10003297,1,22.0,1,2
OFF-LA-10003327,4,90.0,4,16
OFF-LA-10003337,10,253.0,10,39
OFF-LA-10003338,9,364.0,9,41
OFF-LA-10003372,5,53.0,5,15
OFF-LA-10003376,1,33.0,1,6
OFF-LA-10003379,6,147.0,6,15
OFF-LA-10003381,15,424.0,15,48
OFF-LA-10003388,1,6.0,1,2
OFF-LA-10003390,4,108.0,4,12
OFF-LA-10003396,12,528.0,12,46
OFF-LA-10003422,6,173.0,6,25
OFF-LA-10003435,10,246.0,10,34
OFF-LA-10003437,8,221.0,8,27
OFF-LA-10003444,2,88.0,2,8
OFF-LA-10003459,3,64.0,3,9
OFF-LA-10003487,6,62.0,6,12
OFF-LA-10003498,4,265.0,4,18
OFF-LA-10003503,6,93.0,6,17
OFF-LA-10003505,7,263.0,7,26
OFF-LA-10003510,11,1233.0,11,43
OFF-LA-10003511,5,75.0,5,15
OFF-LA-10003515,4,100.0,4,12
OFF-LA-10003537,2,63.0,2,5
OFF-LA-10003551,2,102.0,2,16
OFF-LA-10003583,4,84.0,4,14
OFF-LA-10003591,6,202.0,6,21
OFF-LA-10003594,4,74.0,4,15
OFF-LA-10003610,7,264.0,7,29
OFF-LA-10003617,4,94.0,4,15
OFF-LA-10003627,5,63.0,5,17
OFF-LA-10003644,9,267.0,9,36
OFF-LA-10003663,3,35.0,3,13
OFF-LA-10003674,1,64.0,1,6
OFF-LA-10003678,3,91.0,3,15
OFF-LA-10003699,5,152.0,5,27
OFF-LA-10003714,3,22.0,3,7
OFF-LA-10003717,5,58.0,5,10
OFF-LA-10003720,7,85.0,7,25
OFF-LA-10003766,7,110.0,7,35
OFF-LA-10003778,2,40.0,2,5
OFF-LA-10003795,2,69.0,2,11
OFF-LA-10003807,5,89.0,5,14
OFF-LA-10003809,7,183.0,7,30
OFF-LA-10003820,3,103.0,3,15
OFF-LA-10003821,2,12.0,2,4
OFF-LA-10003827,4,192.0,4,14
OFF-LA-10003848,2,34.0,2,7
OFF-LA-10003851,2,49.0,2,7
OFF-LA-10003898,1,8.0,1,3
OFF-LA-10003923,9,520.0,9,37
OFF-LA-10003929,1,10.0,1,2
OFF-LA-10003930,8,3324.0,8,36
OFF-LA-10003955,8,299.0,8,40
OFF-LA-10003967,1,55.0,1,5
OFF-LA-10003969,3,94.0,3,9
OFF-LA-10003971,5,167.0,5,15
OFF-LA-10003973,6,273.0,6,34
OFF-LA-10003982,2,37.0,2,11
OFF-LA-10004007,5,248.0,5,23
OFF-LA-10004008,2,24.0,2,10
OFF-LA-10004020,3,93.0,3,8
OFF-LA-10004034,5,159.0,5,22
OFF-LA-10004050,3,96.0,3,10
OFF-LA-10004055,2,15.0,2,3
OFF-LA-10004058,8,349.0,8,37
OFF-LA-10004062,4,102.0,4,12
OFF-LA-10004093,9,169.0,9,24
OFF-LA-10004094,2,44.0,2,6
OFF-LA-10004108,2,30.0,2,4
OFF-LA-10004112,1,67.0,1,10
OFF-LA-10004114,7,189.0,7,27
OFF-LA-10004122,4,212.0,4,17
OFF-LA-10004132,4,129.0,4,10
OFF-LA-10004137,1,39.0,1,6
OFF-LA-10004148,4,120.0,4,13
OFF-LA-10004164,5,116.0,5,14
OFF-LA-10004166,1,19.0,1,4
OFF-LA-10004178,3,45.0,3,12
OFF-LA-10004181,1,12.0,1,2
OFF-LA-10004182,3,61.0,3,7
OFF-LA-10004234,2,32.0,2,5
OFF-LA-10004239,4,86.0,4,16
OFF-LA-10004272,2,12.0,2,4
OFF-LA-10004280,2,173.0,2,17
OFF-LA-10004285,5,204.0,5,19
OFF-LA-10004312,3,66.0,3,15
OFF-LA-10004318,5,104.0,5,17
OFF-LA-10004320,2,30.0,2,4
OFF-LA-10004332,6,133.0,6,22
OFF-LA-10004345,4,57.0,4,13
OFF-LA-10004370,5,190.0,5,33
OFF-LA-10004398,5,236.0,5,20
OFF-LA-10004400,2,139.0,2,14
OFF-LA-10004409,5,54.0,5,20
OFF-LA-10004411,1,57.0,1,6
OFF-LA-10004425,5,55.0,5,21
OFF-LA-10004430,9,286.0,9,27
OFF-LA-10004462,1,6.0,1,1
OFF-LA-10004484,10,138.0,10,37
OFF-LA-10004487,1,45.0,1,4
OFF-LA-10004488,5,234.0,5,25
OFF-LA-10004495,9,152.0,9,40
OFF-LA-10004519,8,329.0,8,46
OFF-LA-10004538,7,187.0,7,28
OFF-LA-10004543,1,7.0,1,3
OFF-LA-10004544,7,373.0,7,28
OFF-LA-10004545,5,236.0,5,20
OFF-LA-10004559,6,67.0,6,24
OFF-LA-10004576,5,47.0,5,10
OFF-LA-10004594,4,124.0,4,11
OFF-LA-10004614,3,75.0,3,14
OFF-LA-10004623,7,171.0,7,27
OFF-LA-10004648,5,210.0,5,23
OFF-LA-10004677,2,27.0,2,9
OFF-LA-10004689,5,84.0,5,32
OFF-LA-10004700,1,3.0,1,1
OFF-LA-10004709,4,98.0,4,14
OFF-LA-10004714,1,5.0,1,1
OFF-LA-10004727,5,146.0,5,19
OFF-LA-10004737,8,437.0,8,41
OFF-LA-10004738,4,122.0,4,12
OFF-LA-10004744,5,205.0,5,18
OFF-LA-10004745,8,157.0,8,24
OFF-LA-10004747,6,228.0,6,27
OFF-LA-10004749,9,239.0,9,40
OFF-LA-10004753,6,162.0,5,26
OFF-LA-10004756,7,242.0,7,28
OFF-LA-10004761,3,54.0,3,8
OFF-LA-10004774,1,12.0,1,1
OFF-LA-10004777,10,261.0,10,33
OFF-LA-10004795,3,72.0,3,10
OFF-LA-10004799,6,181.0,6,22
OFF-LA-10004832,4,134.0,4,13
OFF-LA-10004848,6,331.0,6,38
OFF-LA-10004853,6,84.0,6,19
OFF-LA-10004859,2,75.0,2,7
OFF-LA-10004877,3,57.0,3,9
OFF-LA-10004894,6,172.0,6,19
OFF-LA-10004916,1,69.0,1,6
OFF-LA-10004918,5,81.0,5,19
OFF-LA-10004919,7,320.0,7,34
OFF-LA-10004929,7,332.0,7,27
OFF-LA-10004933,3,50.0,3,10
OFF-LA-10004947,3,30.0,3,5
OFF-LA-10004964,1,10.0,1,2
OFF-LA-10004969,4,116.0,4,22
OFF-LA-10004972,2,48.0,2,5
OFF-NOV-10000092,5,54.0,5,6
OFF-NOV-10000141,3,120.0,3,18
OFF-NOV-10000512,5,112.0,5,11
OFF-NOV-10000721,1,8.0,1,1
OFF-NOV-10000787,4,69.0,4,7
OFF-NOV-10000808,5,34.0,5,10
OFF-NOV-10000986,2,12.0,2,5
OFF-NOV-10001238,2,26.0,2,3
OFF-NOV-10001568,8,134.0,8,12
OFF-NOV-10001753,3,22.0,3,5
OFF-NOV-10002258,1,41.0,1,4
OFF-NOV-10002610,1,48.0,1,6
OFF-NOV-10002952,5,74.0,5,14
OFF-NOV-10003180,3,19.0,3,3
OFF-NOV-10003401,3,48.0,3,4
OFF-NOV-10003499,3,52.0,3,5
OFF-NOV-10003578,3,49.0,3,4
OFF-NOV-10003964,3,15.0,3,3
OFF-NOV-10004048,5,67.0,5,8
OFF-NOV-10004223,3,30.0,3,4
OFF-NOV-10004585,3,55.0,3,6
OFF-NOV-10004671,4,69.0,4,7
OFF-NOV-10004680,5,130.0,5,16
OFF-NOV-10004968,3,40.0,3,5
OFF-OIC-10000121,3,56.0,3,4
OFF-OIC-10000189,2,100.0,2,5
OFF-OIC-10000492,5,95.0,5,8
OFF-OIC-10000855,4,84.0,4,6
OFF-OIC-10000988,3,51.0,3,3
OFF-OIC-10001056,5,234.0,5,16
OFF-OIC-10001155,9,184.0,9,14
OFF-OIC-10001477,3,68.0,3,6
OFF-OIC-10001921,3,62.0,3,7
OFF-OIC-10002160,3,55.0,3,4
OFF-OIC-10002161,4,123.0,4,10
OFF-OIC-10002266,3,28.0,3,4
OFF-OIC-10002625,5,83.0,5,6
OFF-OIC-10003028,2,34.0,2,3
OFF-OIC-10003366,4,144.0,4,14
OFF-OIC-10003518,5,111.0,5,9
OFF-OIC-10003879,4,131.0,4,8
OFF-OIC-10003978,4,26.0,4,4
OFF-OIC-10004253,4,39.0,4,5
OFF-OIC-10004255,2,24.0,2,2
OFF-OIC-10004536,4,178.0,4,16
OFF-OIC-10004622,1,6.0,1,1
OFF-OIC-10004810,2,44.0,2,3
OFF-OIC-10004999,2,36.0,2,3
OFF-PA-10000007,3,52.0,3,15
OFF-PA-10000019,8,209.0,8,36
OFF-PA-10000026,4,512.0,4,12
OFF-PA-10000029,6,94.0,6,17
OFF-PA-10000030,4,147.0,4,13
OFF-PA-10000032,9,721.0,8,38
OFF-PA-10000034,4,1067.0,4,23
OFF-PA-10000036,1,95.0,1,7
OFF-PA-10000048,3,61.0,3,6
OFF-PA-10000061,4,151.0,4,24
OFF-PA-10000062,5,858.0,5,17
OFF-PA-10000069,3,103.0,3,13
OFF-PA-10000070,4,277.0,4,13
OFF-PA-10000081,3,219.0,3,11
OFF-PA-10000091,3,136.0,3,10
OFF-PA-10000098,2,157.0,2,9
OFF-PA-10000100,8,1698.0,8,45
OFF-PA-10000108,4,170.0,4,13
OFF-PA-10000116,5,158.0,5,15
OFF-PA-10000127,11,766.0,11,46
OFF-PA-10000130,4,57.0,4,16
OFF-PA-10000141,4,27.0,4,14
OFF-PA-10000143,6,144.0,6,29
OFF-PA-10000157,10,768.0,10,39
OFF-PA-10000167,6,489.0,6,18
OFF-PA-10000174,6,152.0,6,18
OFF-PA-10000176,8,513.0,8,30
OFF-PA-10000194,3,161.0,3,7
OFF-PA-10000206,1,28.0,1,2
OFF-PA-10000210,1,100.0,1,5
OFF-PA-10000213,3,76.0,3,16
OFF-PA-10000215,7,368.0,7,29
OFF-PA-10000223,5,84.0,5,14
OFF-PA-10000232,5,71.0,5,12
OFF-PA-10000241,6,459.0,6,16
OFF-PA-10000246,5,136.0,5,15
OFF-PA-10000249,6,197.0,6,17
OFF-PA-10000273,6,743.0,6,24
OFF-PA-10000277,2,90.0,2,4
OFF-PA-10000289,6,110.0,6,18
OFF-PA-10000295,3,86.0,3,15
OFF-PA-10000300,4,301.0,4,12
OFF-PA-10000301,3,139.0,3,11
OFF-PA-10000302,9,509.0,9,21
OFF-PA-10000304,6,121.0,6,22
OFF-PA-10000308,1,17.0,1,4
OFF-PA-10000312,2,182.0,2,10
OFF-PA-10000317,2,255.0,2,10
OFF-PA-10000318,6,457.0,6,31
OFF-PA-10000320,3,87.0,3,9
OFF-PA-10000327,6,114.0,6,28
OFF-PA-10000344,10,700.0,10,40
OFF-PA-10000349,9,119.0,9,25
OFF-PA-10000350,2,51.0,2,6
OFF-PA-10000354,1,15.0,1,2
OFF-PA-10000357,16,2269.0,16,59
OFF-PA-10000362,8,211.0,8,25
OFF-PA-10000373,1,295.0,1,6
OFF-PA-10000380,8,282.0,8,37
OFF-PA-10000382,4,468.0,4,16
OFF-PA-10000383,6,459.0,6,20
OFF-PA-10000393,4,211.0,4,12
OFF-PA-10000418,6,1782.0,6,19
OFF-PA-10000420,1,42.0,1,3
OFF-PA-10000423,3,227.0,3,8
OFF-PA-10000450,8,1030.0,8,32
OFF-PA-10000453,9,1406.0,9,30
OFF-PA-10000466,3,76.0,3,12
OFF-PA-10000474,12,1104.0,12,34
OFF-PA-10000476,1,32.0,1,2
OFF-PA-10000477,7,172.0,7,33
OFF-PA-10000482,6,1017.0,6,28
OFF-PA-10000483,4,415.0,4,15
OFF-PA-10000501,3,232.0,3,10
OFF-PA-10000520,5,109.0,5,19
OFF-PA-10000522,4,332.0,4,17
OFF-PA-10000527,1,36.0,1,2
OFF-PA-10000528,4,71.0,4,14
OFF-PA-10000533,6,84.0,5,15
OFF-PA-10000540,6,479.0,6,24
OFF-PA-10000551,3,55.0,3,11
OFF-PA-10000552,5,84.0,5,15
OFF-PA-10000556,2,55.0,2,9
OFF-PA-10000562,5,748.0,5,30
OFF-PA-10000565,2,280.0,2,5
OFF-PA-10000575,7,217.0,7,34
OFF-PA-10000579,7,1040.0,7,40
OFF-PA-10000587,4,107.0,4,15
OFF-PA-10000588,1,63.0,1,2
OFF-PA-10000591,11,1229.0,11,42
OFF-PA-10000595,4,352.0,4,16
OFF-PA-10000601,1,7.0,1,2
OFF-PA-10000605,3,50.0,3,9
OFF-PA-10000644,1,39.0,1,3
OFF-PA-10000655,1,34.0,1,2
OFF-PA-10000659,7,502.0,7,39
OFF-PA-10000673,2,63.0,2,9
OFF-PA-10000675,9,1567.0,9,40
OFF-PA-10000677,7,236.0,7,22
OFF-PA-10000682,4,61.0,4,12
OFF-PA-10000694,4,232.0,4,14
OFF-PA-10000697,3,49.0,3,12
OFF-PA-10000705,4,319.0,4,22
OFF-PA-10000721,1,28.0,1,1
OFF-PA-10000726,4,160.0,4,19
OFF-PA-10000731,5,234.0,5,15
OFF-PA-10000740,3,238.0,3,12
OFF-PA-10000743,6,130.0,6,20
OFF-PA-10000745,6,181.0,6,20
OFF-PA-10000752,4,333.0,4,19
OFF-PA-10000756,3,256.0,3,9
OFF-PA-10000758,1,68.0,1,2
OFF-PA-10000776,5,503.0,5,13
OFF-PA-10000781,5,260.0,5,18
OFF-PA-10000788,6,96.0,6,18
OFF-PA-10000791,6,117.0,6,26
OFF-PA-10000806,5,1098.0,5,20
OFF-PA-10000807,3,70.0,3,17
OFF-PA-10000809,5,60.0,4,11
OFF-PA-10000816,4,133.0,4,10
OFF-PA-10000824,1,36.0,1,2
OFF-PA-10000827,3,133.0,3,8
OFF-PA-10000850,6,389.0,6,28
OFF-PA-10000859,2,18.0,2,5
OFF-PA-10000863,8,206.0,8,22
OFF-PA-10000867,6,300.0,6,19
OFF-PA-10000871,1,235.0,1,5
OFF-PA-10000872,7,217.0,7,26
OFF-PA-10000876,5,266.0,5,10
OFF-PA-10000878,4,442.0,4,13
OFF-PA-10000908,9,1172.0,9,45
OFF-PA-10000915,3,172.0,3,12
OFF-PA-10000919,1,155.0,1,4
OFF-PA-10000924,4,322.0,4,14
OFF-PA-10000935,5,246.0,5,12
OFF-PA-10000944,3,135.0,3,5
OFF-PA-10000947,3,148.0,3,17
OFF-PA-10000951,7,589.0,7,22
OFF-PA-10000955,3,39.0,3,7
OFF-PA-10000960,4,125.0,4,14
OFF-PA-10000961,5,250.0,5,15
OFF-PA-10000976,1,103.0,1,4
OFF-PA-10000994,17,3292.0,17,59
OFF-PA-10001001,1,93.0,1,4
OFF-PA-10001004,7,426.0,6,42
OFF-PA-10001006,8,699.0,8,38
OFF-PA-10001019,8,544.0,8,32
OFF-PA-10001033,11,1435.0,11,39
OFF-PA-10001085,1,42.0,1,6
OFF-PA-10001086,5,872.0,5,21
OFF-PA-10001091,8,550.0,8,32
OFF-PA-10001115,1,43.0,1,9
OFF-PA-10001125,9,1102.0,8,41
OFF-PA-10001142,1,204.0,1,6
OFF-PA-10001144,5,865.0,5,17
OFF-PA-10001164,2,158.0,2,10
OFF-PA-10001166,10,223.0,9,28
OFF-PA-10001170,7,527.0,7,17
OFF-PA-10001178,6,664.0,6,35
OFF-PA-10001184,6,139.0,6,24
OFF-PA-10001204,5,46.0,5,10
OFF-PA-10001212,6,426.0,6,21
OFF-PA-10001215,3,76.0,3,17
OFF-PA-10001223,3,882.0,3,19
OFF-PA-10001236,4,270.0,4,14
OFF-PA-10001243,2,30.0,2,5
OFF-PA-10001246,2,45.0,2,7
OFF-PA-10001258,6,1962.0,6,43
OFF-PA-10001259,1,36.0,1,2
OFF-PA-10001260,2,88.0,2,11
OFF-PA-10001274,2,18.0,2,5
OFF-PA-10001275,2,100.0,2,4
OFF-PA-10001281,1,192.0,1,4
OFF-PA-10001283,9,276.0,9,29
OFF-PA-10001289,8,1279.0,8,37
OFF-PA-10001293,3,79.0,3,13
OFF-PA-10001294,2,243.0,2,5
OFF-PA-10001295,7,407.0,7,24
OFF-PA-10001301,6,311.0,6,11
OFF-PA-10001302,1,33.0,1,4
OFF-PA-10001307,4,55.0,4,15
OFF-PA-10001323,4,555.0,4,21
OFF-PA-10001327,4,551.0,4,16
OFF-PA-10001348,1,61.0,1,2
OFF-PA-10001351,1,29.0,1,2
OFF-PA-10001357,5,653.0,5,14
OFF-PA-10001363,5,295.0,5,24
OFF-PA-10001370,3,179.0,3,10
OFF-PA-10001371,3,273.0,3,10
OFF-PA-10001385,9,353.0,9,32
OFF-PA-10001409,1,15.0,1,3
OFF-PA-10001421,1,25.0,1,2
OFF-PA-10001445,2,419.0,2,9
OFF-PA-10001448,1,7.0,1,1
OFF-PA-10001450,1,20.0,1,4
OFF-PA-10001456,5,192.0,5,16
OFF-PA-10001457,2,186.0,2,14
OFF-PA-10001461,2,87.0,2,14
OFF-PA-10001466,4,553.0,4,18
OFF-PA-10001470,7,465.0,7,26
OFF-PA-10001471,4,118.0,4,16
OFF-PA-10001492,5,404.0,5,17
OFF-PA-10001495,3,96.0,3,11
OFF-PA-10001497,9,1263.0,9,29
OFF-PA-10001509,5,270.0,5,30
OFF-PA-10001516,8,324.0,8,25
OFF-PA-10001523,4,353.0,4,8
OFF-PA-10001526,8,115.0,8,28
OFF-PA-10001531,1,26.0,1,3
OFF-PA-10001534,5,127.0,5,21
OFF-PA-10001536,10,868.0,10,32
OFF-PA-10001537,2,118.0,2,6
OFF-PA-10001560,5,81.0,5,15
OFF-PA-10001569,4,119.0,4,19
OFF-PA-10001576,5,178.0,5,26
OFF-PA-10001578,1,112.0,1,4
OFF-PA-10001583,2,50.0,2,7
OFF-PA-10001593,5,136.0,5,25
OFF-PA-10001595,1,59.0,1,3
OFF-PA-10001609,6,75.0,6,25
OFF-PA-10001620,3,153.0,3,9
OFF-PA-10001622,4,39.0,4,9
OFF-PA-10001639,7,155.0,7,25
OFF-PA-10001650,4,361.0,4,18
OFF-PA-10001653,4,171.0,4,15
OFF-PA-10001656,1,56.0,1,4
OFF-PA-10001661,8,896.0,8,29
OFF-PA-10001662,6,697.0,6,24
OFF-PA-10001667,8,170.0,8,32
OFF-PA-10001685,11,478.0,11,56
OFF-PA-10001686,5,476.0,5,28
OFF-PA-10001691,1,36.0,1,2
OFF-PA-10001708,7,432.0,7,24
OFF-PA-10001712,3,150.0,3,15
OFF-PA-10001720,5,429.0,5,31
OFF-PA-10001722,6,452.0,5,19
OFF-PA-10001725,2,178.0,2,5
OFF-PA-10001733,1,27.0,1,2
OFF-PA-10001735,2,393.0,2,8
OFF-PA-10001736,7,772.0,6,23
OFF-PA-10001745,3,108.0,3,17
OFF-PA-10001752,3,33.0,3,7
OFF-PA-10001758,6,677.0,6,24
OFF-PA-10001761,7,237.0,7,17
OFF-PA-10001763,2,50.0,2,5
OFF-PA-10001776,9,248.0,9,28
OFF-PA-10001790,5,585.0,5,14
OFF-PA-10001795,3,253.0,3,13
OFF-PA-10001800,8,144.0,8,25
OFF-PA-10001801,8,251.0,8,36
OFF-PA-10001804,8,164.0,8,27
OFF-PA-10001815,5,960.0,5,20
OFF-PA-10001818,6,801.0,6,26
OFF-PA-10001826,2,40.0,2,7
OFF-PA-10001835,7,671.0,7,24
OFF-PA-10001837,2,37.0,2,7
OFF-PA-10001838,10,135.0,10,24
OFF-PA-10001844,4,253.0,4,12
OFF-PA-10001846,5,69.0,5,14
OFF-PA-10001849,1,58.0,1,2
OFF-PA-10001850,3,198.0,3,8
OFF-PA-10001858,2,252.0,2,10
OFF-PA-10001869,3,475.0,3,14
OFF-PA-10001870,8,170.0,8,28
OFF-PA-10001878,12,1793.0,12,45
OFF-PA-10001892,5,110.0,5,17
OFF-PA-10001905,2,204.0,2,10
OFF-PA-10001934,8,147.0,8,24
OFF-PA-10001937,7,125.0,7,24
OFF-PA-10001944,4,345.0,4,13
OFF-PA-10001947,4,58.0,4,10
OFF-PA-10001950,5,200.0,5,26
OFF-PA-10001952,2,83.0,2,4
OFF-PA-10001954,5,723.0,4,33
OFF-PA-10001968,8,619.0,8,27
OFF-PA-10001970,19,2168.0,18,70
OFF-PA-10001971,10,1005.0,9,36
OFF-PA-10001972,15,432.0,15,57
OFF-PA-10001977,4,443.0,4,9
OFF-PA-10001979,2,339.0,2,16
OFF-PA-10001994,3,121.0,3,6
OFF-PA-10002001,1,13.0,1,2
OFF-PA-10002005,9,196.0,9,33
OFF-PA-10002011,6,253.0,6,28
OFF-PA-10002022,7,337.0,7,19
OFF-PA-10002033,6,819.0,6,25
OFF-PA-10002036,5,138.0,5,24
OFF-PA-10002040,5,698.0,5,16
OFF-PA-10002043,4,552.0,4,12
OFF-PA-10002047,7,1598.0,7,34
OFF-PA-10002073,6,475.0,6,24
OFF-PA-10002101,1,73.0,1,5
OFF-PA-10002105,3,57.0,3,9
OFF-PA-10002109,8,511.0,8,30
OFF-PA-10002120,3,517.0,3,10
OFF-PA-10002137,7,263.0,7,35
OFF-PA-10002160,8,173.0,8,34
OFF-PA-10002193,1,24.0,1,5
OFF-PA-10002195,12,167.0,12,33
OFF-PA-10002196,6,570.0,6,26
OFF-PA-10002218,1,131.0,1,4
OFF-PA-10002219,7,435.0,6,42
OFF-PA-10002222,6,593.0,6,27
OFF-PA-10002230,4,68.0,4,16
OFF-PA-10002231,1,48.0,1,6
OFF-PA-10002237,7,344.0,7,28
OFF-PA-10002245,7,192.0,7,33
OFF-PA-10002246,6,119.0,6,22
OFF-PA-10002248,7,759.0,7,36
OFF-PA-10002250,7,138.0,6,26
OFF-PA-10002254,7,881.0,7,37
OFF-PA-10002258,1,7.0,1,1
OFF-PA-10002259,3,76.0,3,8
OFF-PA-10002262,6,141.0,6,22
OFF-PA-10002292,2,208.0,2,7
OFF-PA-10002295,5,346.0,5,11
OFF-PA-10002303,3,120.0,3,12
OFF-PA-10002319,6,574.0,6,16
OFF-PA-10002328,4,129.0,4,17
OFF-PA-10002333,1,16.0,1,3
OFF-PA-10002338,8,683.0,8,49
OFF-PA-10002352,2,40.0,2,3
OFF-PA-10002356,1,40.0,1,3
OFF-PA-10002360,5,404.0,5,21
OFF-PA-10002363,6,322.0,6,24
OFF-PA-10002365,5,90.0,5,15
OFF-PA-10002369,1,89.0,1,6
OFF-PA-10002370,3,81.0,3,8
OFF-PA-10002371,2,196.0,2,7
OFF-PA-10002372,10,605.0,10,35
OFF-PA-10002373,6,514.0,6,35
OFF-PA-10002377,14,1004.0,13,52
OFF-PA-10002382,8,669.0,8,43
OFF-PA-10002394,2,175.0,2,7
OFF-PA-10002396,6,252.0,6,14
OFF-PA-10002416,7,301.0,7,25
OFF-PA-10002418,4,238.0,4,15
OFF-PA-10002421,4,284.0,4,15
OFF-PA-10002461,3,130.0,3,13
OFF-PA-10002464,8,364.0,8,32
OFF-PA-10002473,3,385.0,3,17
OFF-PA-10002477,6,529.0,6,23
OFF-PA-10002479,17,1214.0,17,57
OFF-PA-10002488,4,134.0,4,12
OFF-PA-10002499,2,245.0,2,5
OFF-PA-10002514,5,318.0,5,28
OFF-PA-10002516,3,281.0,3,7
OFF-PA-10002520,4,507.0,4,11
OFF-PA-10002522,2,135.0,2,8
OFF-PA-10002524,6,673.0,6,24
OFF-PA-10002534,2,193.0,2,12
OFF-PA-10002539,4,511.0,4,18
OFF-PA-10002552,2,32.0,2,5
OFF-PA-10002558,1,268.0,1,7
OFF-PA-10002563,9,351.0,9,36
OFF-PA-10002581,6,755.0,6,30
OFF-PA-10002585,1,36.0,1,4
OFF-PA-10002586,6,102.0,6,22
OFF-PA-10002606,4,124.0,4,26
OFF-PA-10002611,1,43.0,1,4
OFF-PA-10002615,8,108.0,8,25
OFF-PA-10002616,4,271.0,4,15
OFF-PA-10002618,6,376.0,6,28
OFF-PA-10002645,4,290.0,4,10
OFF-PA-10002652,3,505.0,3,19
OFF-PA-10002659,5,69.0,5,21
OFF-PA-10002666,4,167.0,4,20
OFF-PA-10002671,1,48.0,1,9
OFF-PA-10002689,5,154.0,5,25
OFF-PA-10002709,2,90.0,2,16
OFF-PA-10002713,8,227.0,8,33
OFF-PA-10002725,2,241.0,2,8
OFF-PA-10002741,2,35.0,2,8
OFF-PA-10002749,3,72.0,3,12
OFF-PA-10002751,4,90.0,4,15
OFF-PA-10002755,4,416.0,4,15
OFF-PA-10002764,3,170.0,3,15
OFF-PA-10002767,3,300.0,3,22
OFF-PA-10002771,6,388.0,6,27
OFF-PA-10002787,8,120.0,8,22
OFF-PA-10002811,7,687.0,7,32
OFF-PA-10002818,6,258.0,6,26
OFF-PA-10002842,1,27.0,1,2
OFF-PA-10002862,3,379.0,3,16
OFF-PA-10002870,5,123.0,5,20
OFF-PA-10002893,5,125.0,5,13
OFF-PA-10002918,1,40.0,1,3
OFF-PA-10002921,2,132.0,2,6
OFF-PA-10002923,6,597.0,6,13
OFF-PA-10002925,2,388.0,2,12
OFF-PA-10002927,6,499.0,6,23
OFF-PA-10002930,3,227.0,3,6
OFF-PA-10002941,3,75.0,3,4
OFF-PA-10002944,5,164.0,5,18
OFF-PA-10002947,5,95.0,5,16
OFF-PA-10002960,1,35.0,1,7
OFF-PA-10002966,4,547.0,4,17
OFF-PA-10002968,2,169.0,2,8
OFF-PA-10002971,2,137.0,2,10
OFF-PA-10002974,9,771.0,9,35
OFF-PA-10002976,1,122.0,1,4
OFF-PA-10002986,11,279.0,11,46
OFF-PA-10003001,4,85.0,4,13
OFF-PA-10003002,1,45.0,1,7
OFF-PA-10003016,5,73.0,5,24
OFF-PA-10003020,3,173.0,3,10
OFF-PA-10003022,6,297.0,6,26
OFF-PA-10003027,3,191.0,3,9
OFF-PA-10003033,1,18.0,1,2
OFF-PA-10003034,8,330.0,8,30
OFF-PA-10003036,4,63.0,4,11
OFF-PA-10003037,5,295.0,5,22
OFF-PA-10003039,8,945.0,8,36
OFF-PA-10003052,1,19.0,1,3
OFF-PA-10003063,3,53.0,3,15
OFF-PA-10003072,6,110.0,6,19
OFF-PA-10003105,6,318.0,5,20
OFF-PA-10003115,4,475.0,4,18
OFF-PA-10003127,6,327.0,6,13
OFF-PA-10003129,4,686.0,4,14
OFF-PA-10003133,5,422.0,5,15
OFF-PA-10003134,4,500.0,4,12
OFF-PA-10003139,6,469.0,6,29
OFF-PA-10003156,1,98.0,1,4
OFF-PA-10003172,8,176.0,7,28
OFF-PA-10003177,7,100.0,7,17
OFF-PA-10003205,2,36.0,2,5
OFF-PA-10003224,5,383.0,5,24
OFF-PA-10003228,5,1224.0,5,25
OFF-PA-10003232,2,164.0,2,8
OFF-PA-10003252,8,861.0,8,36
OFF-PA-10003256,3,105.0,3,11
OFF-PA-10003270,4,85.0,4,18
OFF-PA-10003273,1,290.0,1,6
OFF-PA-10003296,2,51.0,2,5
OFF-PA-10003301,6,308.0,6,28
OFF-PA-10003302,7,1099.0,7,32
OFF-PA-10003303,4,487.0,4,18
OFF-PA-10003309,4,104.0,4,19
OFF-PA-10003320,1,40.0,1,4
OFF-PA-10003332,6,1217.0,6,31
OFF-PA-10003333,1,159.0,1,6
OFF-PA-10003338,2,120.0,2,10
OFF-PA-10003349,6,97.0,6,17
OFF-PA-10003350,5,354.0,5,15
OFF-PA-10003359,1,148.0,1,3
OFF-PA-10003363,4,109.0,4,17
OFF-PA-10003365,2,217.0,2,8
OFF-PA-10003380,7,263.0,7,22
OFF-PA-10003381,8,1049.0,8,25
OFF-PA-10003389,1,12.0,1,2
OFF-PA-10003390,6,739.0,6,26
OFF-PA-10003395,6,1791.0,6,26
OFF-PA-10003405,4,157.0,4,16
OFF-PA-10003407,6,320.0,6,21
OFF-PA-10003416,11,970.0,11,39
OFF-PA-10003418,6,267.0,6,22
OFF-PA-10003424,7,367.0,7,21
OFF-PA-10003441,11,334.0,11,53
OFF-PA-10003449,4,298.0,4,13
OFF-PA-10003455,11,1522.0,11,52
OFF-PA-10003465,4,201.0,4,11
OFF-PA-10003475,3,236.0,3,15
OFF-PA-10003492,4,127.0,4,7
OFF-PA-10003499,5,334.0,5,23
OFF-PA-10003510,3,404.0,3,18
OFF-PA-10003511,7,579.0,7,31
OFF-PA-10003513,7,419.0,7,28
OFF-PA-10003517,5,486.0,5,30
OFF-PA-10003518,3,299.0,3,10
OFF-PA-10003527,1,21.0,1,2
OFF-PA-10003543,2,26.0,2,5
OFF-PA-10003550,6,1405.0,6,37
OFF-PA-10003556,1,41.0,1,5
OFF-PA-10003571,5,470.0,5,17
OFF-PA-10003573,4,130.0,4,13
OFF-PA-10003586,1,106.0,1,4
OFF-PA-10003591,3,151.0,3,15
OFF-PA-10003625,3,329.0,3,11
OFF-PA-10003640,2,228.0,2,10
OFF-PA-10003641,9,971.0,9,40
OFF-PA-10003651,5,166.0,5,26
OFF-PA-10003654,6,336.0,6,23
OFF-PA-10003656,4,539.0,4,21
OFF-PA-10003657,5,66.0,5,18
OFF-PA-10003664,5,323.0,5,17
OFF-PA-10003673,9,246.0,9,38
OFF-PA-10003681,2,48.0,2,4
OFF-PA-10003686,9,751.0,9,33
OFF-PA-10003699,1,40.0,1,4
OFF-PA-10003708,7,375.0,7,20
OFF-PA-10003715,2,63.0,2,5
OFF-PA-10003718,6,178.0,6,21
OFF-PA-10003724,7,185.0,7,35
OFF-PA-10003729,2,46.0,2,9
OFF-PA-10003731,6,688.0,6,27
OFF-PA-10003739,1,12.0,1,2
OFF-PA-10003744,9,656.0,9,39
OFF-PA-10003774,3,246.0,3,13
OFF-PA-10003784,4,220.0,4,10
OFF-PA-10003790,6,577.0,6,26
OFF-PA-10003796,2,194.0,2,11
OFF-PA-10003797,5,187.0,5,29
OFF-PA-10003805,6,789.0,6,33
OFF-PA-10003808,2,112.0,2,6
OFF-PA-10003823,3,502.0,3,18
OFF-PA-10003832,7,445.0,7,28
OFF-PA-10003835,1,34.0,1,2
OFF-PA-10003838,6,337.0,6,20
OFF-PA-10003845,4,93.0,4,16
OFF-PA-10003848,8,178.0,8,30
OFF-PA-10003868,8,1595.0,8,33
OFF-PA-10003875,2,136.0,2,8
OFF-PA-10003878,5,740.0,5,18
OFF-PA-10003883,5,120.0,5,19
OFF-PA-10003884,5,616.0,5,28
OFF-PA-10003892,4,744.0,4,16
OFF-PA-10003893,7,110.0,7,28
OFF-PA-10003899,15,742.0,15,52
OFF-PA-10003906,8,303.0,8,28
OFF-PA-10003907,3,330.0,3,16
OFF-PA-10003911,8,1039.0,8,33
OFF-PA-10003919,1,8.0,1,2
OFF-PA-10003920,5,187.0,5,14
OFF-PA-10003936,4,77.0,4,13
OFF-PA-10003937,3,102.0,3,9
OFF-PA-10003938,8,1758.0,8,44
OFF-PA-10003939,1,52.0,1,6
OFF-PA-10003943,5,232.0,5,9
OFF-PA-10003953,5,49.0,5,8
OFF-PA-10003956,4,166.0,4,11
OFF-PA-10003969,5,429.0,5,18
OFF-PA-10003971,4,56.0,4,10
OFF-PA-10003981,2,96.0,1,6
OFF-PA-10003982,5,235.0,5,16
OFF-PA-10003994,3,182.0,3,9
OFF-PA-10004000,4,50.0,4,13
OFF-PA-10004016,3,124.0,3,11
OFF-PA-10004020,4,195.0,4,11
OFF-PA-10004022,2,30.0,2,3
OFF-PA-10004024,1,8.0,1,1
OFF-PA-10004027,9,1019.0,9,34
OFF-PA-10004034,5,499.0,5,24
OFF-PA-10004039,5,617.0,5,12
OFF-PA-10004040,5,129.0,5,24
OFF-PA-10004041,6,163.0,6,25
OFF-PA-10004054,1,178.0,1,6
OFF-PA-10004069,4,418.0,4,20
OFF-PA-10004071,10,1097.0,10,21
OFF-PA-10004082,7,224.0,7,28
OFF-PA-10004092,3,343.0,3,7
OFF-PA-10004100,8,238.0,8,42
OFF-PA-10004101,5,168.0,5,27
OFF-PA-10004111,6,337.0,6,21
OFF-PA-10004115,8,1144.0,8,43
OFF-PA-10004124,4,240.0,4,12
OFF-PA-10004145,3,399.0,3,17
OFF-PA-10004151,1,68.0,1,2
OFF-PA-10004155,8,691.0,8,38
OFF-PA-10004156,8,212.0,8,20
OFF-PA-10004160,3,268.0,3,9
OFF-PA-10004174,2,117.0,2,6
OFF-PA-10004185,4,216.0,4,10
OFF-PA-10004187,6,346.0,6,19
OFF-PA-10004190,7,350.0,7,20
OFF-PA-10004200,2,139.0,2,5
OFF-PA-10004239,4,47.0,4,12
OFF-PA-10004241,6,223.0,6,20
OFF-PA-10004243,5,418.0,5,22
OFF-PA-10004248,2,37.0,2,8
OFF-PA-10004255,4,96.0,4,15
OFF-PA-10004260,8,227.0,8,24
OFF-PA-10004261,3,98.0,3,7
OFF-PA-10004267,5,527.0,5,29
OFF-PA-10004268,6,789.0,6,33
OFF-PA-10004285,6,133.0,6,21
OFF-PA-10004286,2,329.0,2,7
OFF-PA-10004287,1,90.0,1,4
OFF-PA-10004294,6,671.0,6,36
OFF-PA-10004296,1,48.0,1,6
OFF-PA-10004313,4,294.0,4,13
OFF-PA-10004326,6,212.0,6,18
OFF-PA-10004327,5,605.0,5,13
OFF-PA-10004335,4,257.0,4,12
OFF-PA-10004337,3,226.0,3,11
OFF-PA-10004343,6,235.0,6,15
OFF-PA-10004353,5,528.0,5,28
OFF-PA-10004355,5,79.0,5,14
OFF-PA-10004359,11,2208.0,11,38
OFF-PA-10004379,3,288.0,3,11
OFF-PA-10004380,8,339.0,8,22
OFF-PA-10004381,4,422.0,4,10
OFF-PA-10004385,5,137.0,5,18
OFF-PA-10004386,5,219.0,5,11
OFF-PA-10004405,2,29.0,2,11
OFF-PA-10004411,1,20.0,1,2
OFF-PA-10004421,5,260.0,5,24
OFF-PA-10004429,3,81.0,3,6
OFF-PA-10004433,1,33.0,1,2
OFF-PA-10004438,3,123.0,3,10
OFF-PA-10004444,3,295.0,3,12
OFF-PA-10004450,2,359.0,2,8
OFF-PA-10004451,7,132.0,7,22
OFF-PA-10004468,3,266.0,3,9
OFF-PA-10004470,7,668.0,7,21
OFF-PA-10004475,10,1012.0,10,27
OFF-PA-10004480,5,351.0,5,11
OFF-PA-10004495,8,425.0,8,18
OFF-PA-10004498,1,68.0,1,4
OFF-PA-10004501,5,245.0,5,22
OFF-PA-10004519,4,60.0,4,15
OFF-PA-10004530,4,322.0,4,28
OFF-PA-10004531,4,198.0,4,10
OFF-PA-10004569,6,110.0,6,15
OFF-PA-10004573,4,235.0,4,16
OFF-PA-10004589,8,639.0,7,25
OFF-PA-10004600,8,732.0,8,26
OFF-PA-10004609,4,80.0,4,14
OFF-PA-10004610,7,106.0,7,26
OFF-PA-10004613,6,1073.0,6,39
OFF-PA-10004621,7,140.0,7,25
OFF-PA-10004627,1,11.0,1,1
OFF-PA-10004640,1,53.0,1,4
OFF-PA-10004641,2,349.0,2,7
OFF-PA-10004648,5,238.0,5,18
OFF-PA-10004665,5,228.0,5,20
OFF-PA-10004673,9,379.0,9,22
OFF-PA-10004675,6,99.0,6,17
OFF-PA-10004694,6,894.0,6,17
OFF-PA-10004727,8,835.0,8,36
OFF-PA-10004733,3,82.0,3,13
OFF-PA-10004734,2,73.0,2,10
OFF-PA-10004735,5,146.0,5,23
OFF-PA-10004741,5,862.0,5,17
OFF-PA-10004746,3,162.0,3,8
OFF-PA-10004756,2,399.0,2,8
OFF-PA-10004761,2,161.0,2,13
OFF-PA-10004766,1,45.0,1,2
OFF-PA-10004782,4,97.0,4,15
OFF-PA-10004815,6,458.0,6,20
OFF-PA-10004835,2,120.0,2,6
OFF-PA-10004842,5,328.0,5,15
OFF-PA-10004849,6,330.0,6,21
OFF-PA-10004854,7,546.0,6,20
OFF-PA-10004856,5,269.0,5,20
OFF-PA-10004881,1,32.0,1,2
OFF-PA-10004888,8,150.0,8,25
OFF-PA-10004910,5,223.0,5,14
OFF-PA-10004911,5,198.0,5,21
OFF-PA-10004918,1,28.0,1,2
OFF-PA-10004923,5,180.0,5,12
OFF-PA-10004930,4,399.0,4,18
OFF-PA-10004943,4,250.0,4,13
OFF-PA-10004946,8,942.0,8,30
OFF-PA-10004947,3,48.0,3,12
OFF-PA-10004948,2,30.0,2,6
OFF-PA-10004965,3,56.0,3,7
OFF-PA-10004968,4,259.0,4,12
OFF-PA-10004971,8,93.0,8,18
OFF-PA-10004983,6,140.0,6,23
OFF-PA-10004990,5,308.0,5,14
OFF-PA-10004994,4,195.0,4,15
OFF-PA-10004996,5,182.0,5,19
OFF-PA-10004998,4,175.0,4,15
OFF-ROG-10000191,8,2465.0,8,20
OFF-ROG-10000332,13,347.0,13,18
OFF-ROG-10000566,8,803.0,8,22
OFF-ROG-10001101,10,1332.0,10,23
OFF-ROG-10001340,14,3172.0,14,27
OFF-ROG-10001372,8,839.0,8,17
OFF-ROG-10001399,10,1088.0,10,25
OFF-ROG-10001418,10,1825.0,10,30
OFF-ROG-10001549,10,696.0,10,14
OFF-ROG-10001735,9,1572.233,9,35
OFF-ROG-10001818,8,415.0,8,16
OFF-ROG-10002132,11,4834.0,10,27
OFF-ROG-10002279,15,921.0,14,43
OFF-ROG-10002294,12,1948.842,11,35
OFF-ROG-10002682,10,338.0,10,19
OFF-ROG-10002818,10,2236.0,10,36
OFF-ROG-10002866,8,246.0,8,10
OFF-ROG-10003300,8,386.0,8,20
OFF-ROG-10003733,10,856.0,10,30
OFF-ROG-10003898,13,4152.27,13,27
OFF-ROG-10003993,15,1378.7,14,29
OFF-ROG-10004393,16,1278.0,16,44
OFF-ROG-10004646,10,1646.0,10,14
OFF-ROG-10004949,13,1531.0,13,25
OFF-SAN-10000335,4,58.0,4,4
OFF-SAN-10000722,3,150.0,3,5
OFF-SAN-10000844,5,349.0,5,21
OFF-SAN-10000874,12,701.0,12,43
OFF-SAN-10000931,4,223.0,4,14
OFF-SAN-10001074,6,343.0,6,18
OFF-SAN-10001094,3,211.0,3,10
OFF-SAN-10001114,4,349.0,4,7
OFF-SAN-10001128,17,474.0,16,52
OFF-SAN-10001237,5,998.0,5,22
OFF-SAN-10001295,13,650.0,13,26
OFF-SAN-10001326,3,69.0,3,3
OFF-SAN-10001345,13,959.0,13,24
OFF-SAN-10001542,5,588.0,5,18
OFF-SAN-10001546,4,506.0,4,17
OFF-SAN-10001634,14,1499.0,14,32
OFF-SAN-10001681,2,373.0,2,11
OFF-SAN-10001862,9,266.0,9,20
OFF-SAN-10002015,12,317.0,11,25
OFF-SAN-10002020,4,79.0,4,5
OFF-SAN-10002323,12,1415.0,12,39
OFF-SAN-10002441,12,291.0,12,24
OFF-SAN-10002484,18,1214.0,17,30
OFF-SAN-10002639,11,334.0,11,19
OFF-SAN-10002839,13,1391.0,13,28
OFF-SAN-10002873,2,525.0,2,10
OFF-SAN-10003041,9,456.0,9,19
OFF-SAN-10003152,4,164.0,4,9
OFF-SAN-10003226,4,209.0,4,10
OFF-SAN-10003285,16,453.0,15,40
OFF-SAN-10003318,3,153.0,3,9
OFF-SAN-10003368,13,280.0,13,34
OFF-SAN-10003393,6,367.0,6,13
OFF-SAN-10003644,14,692.0,14,34
OFF-SAN-10003660,2,405.0,2,13
OFF-SAN-10003687,10,1022.0,10,23
OFF-SAN-10004232,14,385.0,14,23
OFF-SAN-10004288,12,950.0,12,27
OFF-SAN-10004339,10,491.0,10,29
OFF-SAN-10004420,10,1213.0,10,27
OFF-SAN-10004426,2,74.0,2,3
OFF-SAN-10004602,2,50.0,2,3
OFF-SAN-10004618,2,24.0,2,2
OFF-SAN-10004633,4,90.0,4,5
OFF-SAN-10004706,3,209.0,3,7
OFF-SAN-10004746,9,189.0,9,13
OFF-SAN-10004824,15,577.0,15,36
OFF-SAN-10004881,19,1183.0,19,53
OFF-SME-10000018,10,183.0,10,29
OFF-SME-10000258,1,3.0,1,1
OFF-SME-10000335,10,212.0,10,22
OFF-SME-10000520,11,571.0,11,14
OFF-SME-10000538,13,2273.351,13,49
OFF-SME-10000675,2,14.0,2,2
OFF-SME-10000746,13,4181.978,13,46
OFF-SME-10000880,7,91.0,7,9
OFF-SME-10000950,1,4.0,1,1
OFF-SME-10000973,6,316.0,6,26
OFF-SME-10001149,12,310.0,12,21
OFF-SME-10001278,3,33.0,3,3
OFF-SME-10001652,9,1065.0,9,26
OFF-SME-10001667,4,182.0,4,18
OFF-SME-10001718,15,229.0,14,26
OFF-SME-10001745,11,862.0,11,23
OFF-SME-10001754,4,165.0,4,19
OFF-SME-10001761,3,118.0,3,3
OFF-SME-10001800,2,12.0,2,3
OFF-SME-10001852,1,10.0,1,1
OFF-SME-10001853,17,569.0,17,36
OFF-SME-10002250,3,96.0,3,11
OFF-SME-10002417,6,520.0,6,12
OFF-SME-10002467,3,43.0,3,7
OFF-SME-10002740,18,4167.0,18,31
OFF-SME-10002823,11,705.0,11,16
OFF-SME-10002870,4,66.0,4,6
OFF-SME-10003033,5,333.0,5,8
OFF-SME-10003047,5,59.0,5,8
OFF-SME-10003134,8,70.0,8,12
OFF-SME-10003305,5,42.0,5,6
OFF-SME-10003530,9,1855.58,9,18
OFF-SME-10003746,2,13.0,2,2
OFF-SME-10003752,17,3144.0,17,28
OFF-SME-10003805,4,68.0,4,8
OFF-SME-10004110,3,62.0,3,6
OFF-SME-10004160,8,287.0,8,18
OFF-SME-10004247,9,510.0,9,13
OFF-SME-10004256,5,92.0,5,9
OFF-SME-10004323,2,34.0,2,3
OFF-SME-10004370,18,4434.0,18,47
OFF-SME-10004518,6,129.0,6,16
OFF-SME-10004519,5,49.0,5,6
OFF-SME-10004553,13,3631.0,13,23
OFF-SME-10004702,9,2902.0,9,27
OFF-SME-10004740,7,211.0,7,22
OFF-SME-10004754,3,34.0,3,7
OFF-SME-10004926,1,36.0,1,4
OFF-ST-10000003,1,331.0,1,6
OFF-ST-10000007,8,3312.0,8,29
OFF-ST-10000016,6,231.0,6,15
OFF-ST-10000020,15,1277.0,15,52
OFF-ST-10000022,2,105.0,2,10
OFF-ST-10000025,8,3398.0,8,37
OFF-ST-10000028,10,894.0,10,23
OFF-ST-10000035,6,414.0,6,28
OFF-ST-10000036,6,1857.0,6,20
OFF-ST-10000046,9,4006.0,9,27
OFF-ST-10000060,8,2613.0,8,43
OFF-ST-10000078,19,4909.425,19,74
OFF-ST-10000085,8,3750.0,8,30
OFF-ST-10000095,13,6049.0,13,50
OFF-ST-10000103,8,4935.981,8,45
OFF-ST-10000107,7,2690.0,7,36
OFF-ST-10000123,1,31.0,1,2
OFF-ST-10000127,10,2055.0,10,44
OFF-ST-10000129,3,1288.0,3,12
OFF-ST-10000130,14,2351.0,13,62
OFF-ST-10000136,2,341.0,2,10
OFF-ST-10000142,5,1002.575,5,14
OFF-ST-10000154,10,409.0,10,45
OFF-ST-10000210,2,569.0,2,4
OFF-ST-10000220,5,761.0,5,13
OFF-ST-10000242,1,119.0,1,7
OFF-ST-10000268,5,178.0,5,17
OFF-ST-10000287,9,594.0,9,27
OFF-ST-10000288,14,6151.309,14,44
OFF-ST-10000290,6,225.0,6,12
OFF-ST-10000299,2,216.0,2,4
OFF-ST-10000300,12,509.0,12,35
OFF-ST-10000306,3,639.0,3,11
OFF-ST-10000321,6,93.0,6,13
OFF-ST-10000327,8,387.0,8,26
OFF-ST-10000344,16,881.0,16,58
OFF-ST-10000351,6,737.0,6,17
OFF-ST-10000352,4,208.0,4,8
OFF-ST-10000355,10,254.0,10,36
OFF-ST-10000362,8,3950.0,7,32
OFF-ST-10000378,1,62.0,1,4
OFF-ST-10000419,7,319.0,7,24
OFF-ST-10000423,7,780.0,7,21
OFF-ST-10000430,10,3997.0,10,37
OFF-ST-10000439,3,2258.0,3,16
OFF-ST-10000442,10,461.0,10,32
OFF-ST-10000464,5,370.0,5,11
OFF-ST-10000485,2,167.0,2,7
OFF-ST-10000486,10,2506.0,10,48
OFF-ST-10000496,7,509.0,7,35
OFF-ST-10000505,6,2124.0,6,26
OFF-ST-10000520,5,292.0,5,20
OFF-ST-10000532,6,1116.0,6,31
OFF-ST-10000542,6,635.0,6,28
OFF-ST-10000546,4,1672.077,4,19
OFF-ST-10000557,8,239.0,8,27
OFF-ST-10000560,7,950.0,7,25
OFF-ST-10000563,12,1426.0,12,50
OFF-ST-10000580,9,1348.0,8,27
OFF-ST-10000585,7,3137.0,6,20
OFF-ST-10000604,7,981.0,7,30
OFF-ST-10000615,8,346.0,8,32
OFF-ST-10000617,6,70.0,6,24
OFF-ST-10000619,6,2049.0,6,22
OFF-ST-10000622,6,2296.0,5,19
OFF-ST-10000624,19,7511.027,19,79
OFF-ST-10000632,9,1767.0,9,35
OFF-ST-10000636,7,519.0,7,32
OFF-ST-10000642,6,403.0,6,22
OFF-ST-10000643,8,1360.0,8,37
OFF-ST-10000645,7,1574.0,7,20
OFF-ST-10000648,12,3442.059,12,48
OFF-ST-10000649,5,251.0,5,17
OFF-ST-10000650,5,238.0,5,17
OFF-ST-10000661,2,78.0,2,7
OFF-ST-10000675,7,1124.0,7,34
OFF-ST-10000676,2,582.0,2,7
OFF-ST-10000689,7,3211.268,7,33
OFF-ST-10000695,13,5899.327,13,48
OFF-ST-10000701,1,75.0,1,2
OFF-ST-10000704,10,3573.0,10,27
OFF-ST-10000710,15,2750.0,15,63
OFF-ST-10000711,2,74.0,2,14
OFF-ST-10000718,4,263.0,4,15
OFF-ST-10000736,12,3030.0,12,39
OFF-ST-10000752,7,1812.0,7,18
OFF-ST-10000760,5,302.0,5,24
OFF-ST-10000777,5,612.0,5,17
OFF-ST-10000794,1,107.0,1,2
OFF-ST-10000798,4,345.0,4,16
OFF-ST-10000806,2,152.0,2,3
OFF-ST-10000836,8,737.0,8,23
OFF-ST-10000872,15,5809.0,15,60
OFF-ST-10000875,6,715.0,6,18
OFF-ST-10000876,8,346.0,8,30
OFF-ST-10000877,4,1073.0,4,20
OFF-ST-10000880,6,253.0,6,17
OFF-ST-10000884,1,84.0,1,8
OFF-ST-10000885,4,201.0,4,15
OFF-ST-10000886,8,2713.0,8,21
OFF-ST-10000892,7,1244.0,7,28
OFF-ST-10000917,1,145.0,1,4
OFF-ST-10000918,7,177.0,7,18
OFF-ST-10000922,12,4571.0,11,42
OFF-ST-10000934,5,598.0,5,16
OFF-ST-10000943,7,614.0,7,35
OFF-ST-10000948,5,253.0,5,16
OFF-ST-10000952,12,3645.147,12,44
OFF-ST-10000988,17,1214.0,16,57
OFF-ST-10000990,8,2272.188,8,33
OFF-ST-10000991,8,3036.0,8,27
OFF-ST-10001010,12,5015.0,12,40
OFF-ST-10001025,13,1622.0,13,38
OFF-ST-10001026,8,1478.0,8,34
OFF-ST-10001031,5,270.0,5,18
OFF-ST-10001034,1,79.0,1,5
OFF-ST-10001050,11,1917.0,11,45
OFF-ST-10001051,8,1160.0,8,38
OFF-ST-10001057,1,32.0,1,2
OFF-ST-10001066,6,227.0,6,22
OFF-ST-10001073,1,103.0,1,3
OFF-ST-10001091,10,338.0,10,33
OFF-ST-10001097,5,2176.004,5,20
OFF-ST-10001124,7,1014.0,7,20
OFF-ST-10001128,6,2731.0,6,26
OFF-ST-10001142,14,875.0,14,58
OFF-ST-10001172,11,882.0,11,36
OFF-ST-10001173,11,709.0,11,40
OFF-ST-10001186,7,1628.0,7,35
OFF-ST-10001195,10,216.0,10,25
OFF-ST-10001213,10,1417.0,10,36
OFF-ST-10001214,7,240.0,7,23
OFF-ST-10001222,12,2577.0,12,57
OFF-ST-10001227,10,372.0,10,37
OFF-ST-10001228,9,463.0,9,36
OFF-ST-10001229,6,366.0,6,22
OFF-ST-10001255,13,2325.0,13,51
OFF-ST-10001272,5,1466.0,5,12
OFF-ST-10001290,4,830.0,4,18
OFF-ST-10001291,5,231.0,5,15
OFF-ST-10001321,9,520.0,9,35
OFF-ST-10001325,11,343.0,10,35
OFF-ST-10001326,6,998.0,6,28
OFF-ST-10001328,8,461.0,8,31
OFF-ST-10001335,7,954.0,7,13
OFF-ST-10001342,6,624.0,6,15
OFF-ST-10001346,7,1764.0,7,25
OFF-ST-10001357,6,2477.791,6,29
OFF-ST-10001358,7,367.0,7,15
OFF-ST-10001366,7,515.0,7,20
OFF-ST-10001370,8,2485.0,8,38
OFF-ST-10001372,4,61.0,4,12
OFF-ST-10001374,9,1015.0,9,31
OFF-ST-10001393,5,636.0,5,21
OFF-ST-10001413,8,577.0,8,26
OFF-ST-10001414,2,552.0,2,7
OFF-ST-10001418,5,1073.0,5,20
OFF-ST-10001426,9,369.0,9,31
OFF-ST-10001440,7,664.0,7,30
OFF-ST-10001458,1,74.0,1,4
OFF-ST-10001460,16,2183.0,16,55
OFF-ST-10001469,7,1189.0,7,24
OFF-ST-10001476,5,938.0,5,29
OFF-ST-10001478,11,4131.0,11,36
OFF-ST-10001490,13,6532.606,12,49
OFF-ST-10001496,10,4038.558,10,40
OFF-ST-10001505,8,180.0,8,33
OFF-ST-10001511,7,1952.0,7,33
OFF-ST-10001513,1,49.0,1,7
OFF-ST-10001522,10,2299.0,10,28
OFF-ST-10001526,8,2746.008,7,49
OFF-ST-10001534,5,361.0,5,22
OFF-ST-10001547,14,5667.1990000000005,14,54
OFF-ST-10001554,18,4774.0,18,86
OFF-ST-10001558,11,457.0,11,31
OFF-ST-10001562,19,1364.0,19,79
OFF-ST-10001567,7,2910.0,7,29
OFF-ST-10001576,8,453.0,8,23
OFF-ST-10001580,5,180.0,5,13
OFF-ST-10001590,15,687.0,15,55
OFF-ST-10001597,2,156.0,2,11
OFF-ST-10001598,10,446.0,10,46
OFF-ST-10001627,1,37.0,1,3
OFF-ST-10001631,6,1305.0,6,27
OFF-ST-10001638,9,3893.0,9,32
OFF-ST-10001646,16,975.0,16,64
OFF-ST-10001648,11,1468.0,11,33
OFF-ST-10001694,5,234.0,5,14
OFF-ST-10001707,10,1245.0,10,30
OFF-ST-10001713,6,954.0,6,20
OFF-ST-10001719,7,1627.0,7,34
OFF-ST-10001729,6,2150.0,6,17
OFF-ST-10001743,3,178.0,3,12
OFF-ST-10001752,7,1316.0,7,27
OFF-ST-10001753,4,1042.0,4,22
OFF-ST-10001755,7,3926.0,7,26
OFF-ST-10001758,15,5274.434,15,63
OFF-ST-10001776,1,56.0,1,2
OFF-ST-10001780,5,7.517,5,13
OFF-ST-10001799,1,24.0,1,2
OFF-ST-10001809,11,4509.0,11,55
OFF-ST-10001818,17,2860.0,17,70
OFF-ST-10001824,10,746.0,10,34
OFF-ST-10001832,1,49.0,1,8
OFF-ST-10001837,8,1241.0,8,31
OFF-ST-10001858,6,716.0,6,15
OFF-ST-10001869,2,82.0,2,12
OFF-ST-10001890,7,511.0,7,19
OFF-ST-10001932,7,4831.0,7,26
OFF-ST-10001941,6,2275.0,6,18
OFF-ST-10001954,7,896.0,7,32
OFF-ST-10001963,4,1764.0,4,18
OFF-ST-10001974,13,3767.422,13,52
OFF-ST-10001991,4,425.0,4,15
OFF-ST-10001999,7,868.0,7,46
OFF-ST-10002011,3,841.94,3,12
OFF-ST-10002028,2,550.0,2,4
OFF-ST-10002042,11,862.0,11,38
OFF-ST-10002066,6,1469.0,6,14
OFF-ST-10002070,4,675.0,4,19
OFF-ST-10002074,2,83.0,2,5
OFF-ST-10002085,4,1425.0,4,11
OFF-ST-10002105,6,622.0,6,22
OFF-ST-10002119,1,50.0,1,2
OFF-ST-10002122,7,210.0,7,32
OFF-ST-10002151,11,320.0,11,36
OFF-ST-10002159,8,4665.0,8,30
OFF-ST-10002161,8,1608.0,8,34
OFF-ST-10002164,5,1979.0,5,14
OFF-ST-10002172,13,1974.0,13,47
OFF-ST-10002175,8,2552.244,8,21
OFF-ST-10002176,4,1199.0,4,14
OFF-ST-10002182,3,284.0,3,16
OFF-ST-10002205,3,262.0,3,13
OFF-ST-10002214,9,319.0,9,30
OFF-ST-10002220,1,82.0,1,1
OFF-ST-10002221,1,1.273,1,6
OFF-ST-10002233,15,1231.0,15,48
OFF-ST-10002240,7,1273.0,7,25
OFF-ST-10002250,1,43.0,1,4
OFF-ST-10002251,10,1428.0,10,39
OFF-ST-10002263,9,1956.0,9,43
OFF-ST-10002271,18,3177.0,18,64
OFF-ST-10002276,5,684.0,5,9
OFF-ST-10002289,4,407.0,4,13
OFF-ST-10002292,9,2465.51,9,37
OFF-ST-10002301,9,375.0,9,21
OFF-ST-10002318,1,23.0,1,2
OFF-ST-10002340,11,1625.0,11,31
OFF-ST-10002343,8,932.0,8,38
OFF-ST-10002344,8,1636.0,8,22
OFF-ST-10002352,6,226.0,6,30
OFF-ST-10002354,9,3901.241,9,31
OFF-ST-10002362,4,304.0,4,11
OFF-ST-10002370,6,482.0,6,24
OFF-ST-10002371,10,3078.0,10,35
OFF-ST-10002386,2,466.0,2,12
OFF-ST-10002395,10,3676.214,10,44
OFF-ST-10002399,9,680.0,9,36
OFF-ST-10002406,6,354.0,6,24
OFF-ST-10002423,9,1018.0,9,36
OFF-ST-10002424,1,59.0,1,2
OFF-ST-10002437,10,1258.0,10,28
OFF-ST-10002444,6,237.0,6,20
OFF-ST-10002459,1,63.0,1,5
OFF-ST-10002460,4,413.0,4,12
OFF-ST-10002463,5,461.0,5,20
OFF-ST-10002466,9,232.0,9,34
OFF-ST-10002471,4,1191.0,4,11
OFF-ST-10002485,8,444.0,8,22
OFF-ST-10002486,8,301.0,8,45
OFF-ST-10002499,12,2631.0,12,38
OFF-ST-10002505,7,311.0,7,25
OFF-ST-10002506,12,3837.393,12,72
OFF-ST-10002510,8,3440.0,8,29
OFF-ST-10002515,1,236.0,1,2
OFF-ST-10002522,7,316.0,7,24
OFF-ST-10002530,1,1.27,1,6
OFF-ST-10002538,12,2994.0,12,34
OFF-ST-10002539,12,2752.0,12,55
OFF-ST-10002546,6,189.0,6,22
OFF-ST-10002554,9,1283.0,9,29
OFF-ST-10002555,16,7581.389,16,53
OFF-ST-10002561,8,3226.0,8,37
OFF-ST-10002562,7,221.0,7,28
OFF-ST-10002566,12,4618.125,12,53
OFF-ST-10002574,14,4501.0,14,46
OFF-ST-10002583,7,481.0,7,16
OFF-ST-10002598,9,1066.0,8,36
OFF-ST-10002605,5,99.0,5,15
OFF-ST-10002608,11,252.0,11,32
OFF-ST-10002615,9,1926.651,9,43
OFF-ST-10002618,2,42.0,2,3
OFF-ST-10002619,1,762.0,1,6
OFF-ST-10002622,7,2745.0,7,29
OFF-ST-10002632,9,937.0,9,30
OFF-ST-10002642,1,396.0,1,2
OFF-ST-10002650,8,4206.0,8,27
OFF-ST-10002659,13,1642.0,13,41
OFF-ST-10002670,5,204.0,5,17
OFF-ST-10002685,6,2322.0,6,20
OFF-ST-10002706,13,4049.0,13,36
OFF-ST-10002714,18,1236.0,18,69
OFF-ST-10002720,11,2071.0,11,39
OFF-ST-10002743,10,4705.0,10,46
OFF-ST-10002756,7,3303.082,7,33
OFF-ST-10002759,9,1340.0,9,34
OFF-ST-10002763,1,413.0,1,2
OFF-ST-10002774,1,350.0,1,3
OFF-ST-10002781,10,2527.0,10,31
OFF-ST-10002790,5,827.0,5,13
OFF-ST-10002791,6,798.0,6,16
OFF-ST-10002800,8,726.0,8,34
OFF-ST-10002822,2,977.0,2,11
OFF-ST-10002834,6,1753.0,6,17
OFF-ST-10002873,2,269.0,2,15
OFF-ST-10002900,14,5748.554,14,54
OFF-ST-10002902,13,4397.0,13,50
OFF-ST-10002905,9,427.0,9,24
OFF-ST-10002930,3,1428.0,3,14
OFF-ST-10002957,5,79.0,5,16
OFF-ST-10002967,3,240.0,3,11
OFF-ST-10002974,7,1195.0,7,30
OFF-ST-10003012,3,208.0,3,12
OFF-ST-10003017,10,556.0,10,36
OFF-ST-10003018,9,2903.156,9,36
OFF-ST-10003020,6,2210.0,6,14
OFF-ST-10003056,11,544.0,11,39
OFF-ST-10003058,6,710.0,6,30
OFF-ST-10003088,7,368.0,7,22
OFF-ST-10003089,4,1173.0,4,12
OFF-ST-10003102,7,3661.0,7,21
OFF-ST-10003111,9,1200.0,9,29
OFF-ST-10003121,6,391.0,6,19
OFF-ST-10003123,10,859.0,10,26
OFF-ST-10003132,8,520.0,8,31
OFF-ST-10003141,9,1948.0,9,38
OFF-ST-10003147,6,402.0,6,29
OFF-ST-10003150,3,211.988,3,19
OFF-ST-10003153,12,3958.333,12,48
OFF-ST-10003154,6,1151.0,6,26
OFF-ST-10003159,8,1566.0,8,37
OFF-ST-10003164,11,426.0,11,41
OFF-ST-10003172,8,149.0,8,24
OFF-ST-10003184,7,784.0,7,26
OFF-ST-10003203,8,4611.0,8,30
OFF-ST-10003204,10,1996.0,10,41
OFF-ST-10003206,5,1199.0,5,27
OFF-ST-10003208,12,5011.722,11,45
OFF-ST-10003221,3,53.0,3,5
OFF-ST-10003231,3,94.0,3,7
OFF-ST-10003243,4,313.0,4,13
OFF-ST-10003256,4,607.0,4,16
OFF-ST-10003266,10,4096.842,10,35
OFF-ST-10003274,4,112.0,4,14
OFF-ST-10003282,5,1105.0,5,20
OFF-ST-10003286,4,2454.0,4,13
OFF-ST-10003293,1,154.0,1,2
OFF-ST-10003295,7,1804.715,7,27
OFF-ST-10003305,16,1214.0,15,58
OFF-ST-10003306,18,6609.0,17,70
OFF-ST-10003319,3,112.0,3,6
OFF-ST-10003322,7,934.0,7,23
OFF-ST-10003324,2,248.0,2,7
OFF-ST-10003327,4,114.0,4,13
OFF-ST-10003331,2,82.0,2,4
OFF-ST-10003334,7,1445.0,7,34
OFF-ST-10003335,11,342.0,11,37
OFF-ST-10003344,5,429.0,5,23
OFF-ST-10003393,1,24.0,1,4
OFF-ST-10003409,3,700.0,3,9
OFF-ST-10003411,7,1144.0,7,29
OFF-ST-10003414,15,1665.0,15,45
OFF-ST-10003426,6,152.0,6,17
OFF-ST-10003442,9,899.0,9,34
OFF-ST-10003445,12,1093.0,12,42
OFF-ST-10003446,12,1069.0,12,29
OFF-ST-10003455,15,3328.24,15,54
OFF-ST-10003459,5,1195.0230000000001,5,26
OFF-ST-10003470,8,748.149,8,30
OFF-ST-10003479,7,873.0,7,25
OFF-ST-10003489,2,64.0,2,5
OFF-ST-10003528,4,309.0,4,14
OFF-ST-10003547,10,2098.0,10,50
OFF-ST-10003572,2,99.0,2,7
OFF-ST-10003578,2,65.0,2,6
OFF-ST-10003606,11,196.0,11,22
OFF-ST-10003638,5,450.0,5,21
OFF-ST-10003641,19,3704.0,18,73
OFF-ST-10003648,6,178.0,6,19
OFF-ST-10003656,5,1363.0,5,16
OFF-ST-10003692,6,1052.0,6,21
OFF-ST-10003716,12,5629.005,12,47
OFF-ST-10003718,9,694.0,9,21
OFF-ST-10003722,4,193.0,4,15
OFF-ST-10003729,6,169.0,6,17
OFF-ST-10003741,7,1484.778,7,35
OFF-ST-10003750,5,516.0,5,19
OFF-ST-10003760,7,569.0,7,19
OFF-ST-10003764,13,846.0,13,58
OFF-ST-10003785,16,6868.672,16,62
OFF-ST-10003800,7,413.0,7,25
OFF-ST-10003805,4,928.611,4,19
OFF-ST-10003807,1,112.0,1,7
OFF-ST-10003808,1,11.0,1,2
OFF-ST-10003810,8,535.0,8,34
OFF-ST-10003811,1,106.0,1,2
OFF-ST-10003816,8,3947.0,8,26
OFF-ST-10003835,8,584.0,8,22
OFF-ST-10003837,9,4749.429,9,36
OFF-ST-10003858,6,1337.0,6,15
OFF-ST-10003907,5,1332.0,5,25
OFF-ST-10003929,6,2967.0,6,23
OFF-ST-10003931,15,2957.389,15,49
OFF-ST-10003952,5,683.0,5,20
OFF-ST-10003953,9,3917.027,9,40
OFF-ST-10003956,7,1871.0,7,36
OFF-ST-10003964,5,1835.157,5,26
OFF-ST-10003990,9,540.0,9,37
OFF-ST-10003994,4,850.0,4,16
OFF-ST-10003995,11,3671.0,11,36
OFF-ST-10003996,4,218.0,4,14
OFF-ST-10003997,5,1176.0,5,14
OFF-ST-10004015,6,558.0,6,16
OFF-ST-10004017,9,1268.0,9,38
OFF-ST-10004019,5,487.0,5,17
OFF-ST-10004020,6,2555.859,6,28
OFF-ST-10004035,14,1042.0,14,51
OFF-ST-10004046,9,543.0,9,30
OFF-ST-10004050,1,158.0,1,6
OFF-ST-10004060,12,3369.11,12,36
OFF-ST-10004097,12,478.0,12,40
OFF-ST-10004116,5,694.0,5,19
OFF-ST-10004123,8,2511.0,8,30
OFF-ST-10004141,1,60.0,1,2
OFF-ST-10004159,1,475.0,1,4
OFF-ST-10004160,1,57.0,1,4
OFF-ST-10004180,6,725.0,6,13
OFF-ST-10004183,6,1464.0,6,23
OFF-ST-10004185,3,460.0,3,14
OFF-ST-10004186,5,2553.0,5,23
OFF-ST-10004190,6,173.0,6,24
OFF-ST-10004191,12,5082.0,11,32
OFF-ST-10004226,4,2952.0,4,23
OFF-ST-10004228,12,2132.0,12,45
OFF-ST-10004236,1,102.0,1,6
OFF-ST-10004258,6,226.0,6,19
OFF-ST-10004267,11,3558.271,11,47
OFF-ST-10004280,3,353.0,3,8
OFF-ST-10004293,4,542.0,4,13
OFF-ST-10004296,15,845.0,15,61
OFF-ST-10004315,10,4440.054,10,31
OFF-ST-10004317,12,648.0,12,46
OFF-ST-10004325,9,249.0,9,26
OFF-ST-10004326,1,32.0,1,5
OFF-ST-10004330,5,231.0,5,23
OFF-ST-10004331,1,34.0,1,2
OFF-ST-10004337,5,1445.0,5,24
OFF-ST-10004340,10,2300.0,10,40
OFF-ST-10004341,1,537.0,1,4
OFF-ST-10004342,10,236.0,10,39
OFF-ST-10004346,10,1616.0,10,32
OFF-ST-10004350,2,684.0,2,11
OFF-ST-10004365,10,1780.0,10,34
OFF-ST-10004367,10,2217.0,10,40
OFF-ST-10004368,9,1253.0,9,36
OFF-ST-10004374,1,516.0,1,4
OFF-ST-10004377,19,8130.28,19,89
OFF-ST-10004381,10,5043.3150000000005,10,63
OFF-ST-10004382,8,457.0,8,31
OFF-ST-10004409,10,583.0,10,31
OFF-ST-10004412,13,1146.0,13,44
OFF-ST-10004428,1,273.0,1,5
OFF-ST-10004431,1,230.0,1,4
OFF-ST-10004432,5,422.0,5,24
OFF-ST-10004459,8,1508.658,8,28
OFF-ST-10004464,4,470.0,4,10
OFF-ST-10004473,9,1999.0,9,42
OFF-ST-10004479,1,59.0,1,2
OFF-ST-10004482,12,2186.0,12,46
OFF-ST-10004489,13,4646.679,13,46
OFF-ST-10004496,4,372.0,4,23
OFF-ST-10004507,10,427.0,10,27
OFF-ST-10004532,9,2736.0,9,34
OFF-ST-10004549,6,2142.0,6,32
OFF-ST-10004550,9,632.0,9,29
OFF-ST-10004576,6,1211.0,6,14
OFF-ST-10004577,12,2488.0,12,53
OFF-ST-10004583,8,1224.0,8,36
OFF-ST-10004597,15,5897.393,15,76
OFF-ST-10004608,6,1227.0,6,29
OFF-ST-10004631,3,331.0,3,8
OFF-ST-10004634,6,146.0,6,14
OFF-ST-10004638,2,338.0,2,4
OFF-ST-10004646,4,666.35,4,23
OFF-ST-10004660,6,298.0,6,27
OFF-ST-10004668,6,801.0,6,19
OFF-ST-10004687,1,1.587,1,8
OFF-ST-10004695,14,5122.0,14,45
OFF-ST-10004702,9,295.0,9,32
OFF-ST-10004703,7,511.0,7,25
OFF-ST-10004739,8,846.0,8,30
OFF-ST-10004748,2,398.191,2,8
OFF-ST-10004754,10,3844.0,9,33
OFF-ST-10004768,5,995.72,5,27
OFF-ST-10004793,1,72.0,1,2
OFF-ST-10004794,1,249.0,1,4
OFF-ST-10004800,9,477.0,9,44
OFF-ST-10004802,4,1516.0,4,12
OFF-ST-10004804,10,1399.0,9,31
OFF-ST-10004830,6,1460.562,6,26
OFF-ST-10004835,12,2001.0,12,34
OFF-ST-10004837,10,5913.0,9,48
OFF-ST-10004841,6,279.0,6,28
OFF-ST-10004847,4,1816.0,4,15
OFF-ST-10004855,10,4497.0740000000005,10,33
OFF-ST-10004857,6,380.0,5,29
OFF-ST-10004871,6,820.0,6,16
OFF-ST-10004897,4,236.0,4,15
OFF-ST-10004930,10,1082.0,10,32
OFF-ST-10004946,2,259.0,2,5
OFF-ST-10004947,5,1398.0,5,20
OFF-ST-10004950,11,655.0,11,43
OFF-ST-10004963,6,347.0,6,24
OFF-ST-10004972,1,58.0,1,2
OFF-ST-10004976,7,4457.0,7,32
OFF-ST-10004983,1,192.0,1,4
OFF-ST-10004996,14,2158.0,14,49
OFF-STA-10000054,12,296.0,12,29
OFF-STA-10000155,10,700.0,10,25
OFF-STA-10000244,14,1456.0,14,33
OFF-STA-10000247,13,1013.0,13,24
OFF-STA-10000298,15,1897.0,15,45
OFF-STA-10001112,13,989.0,13,44
OFF-STA-10001636,17,692.0,16,36
OFF-STA-10001747,21,1192.0,20,49
OFF-STA-10001791,22,787.0,22,48
OFF-STA-10001895,16,395.0,16,46
OFF-STA-10001968,4,738.0,4,14
OFF-STA-10002654,16,834.0,16,43
OFF-STA-10002719,12,440.0,12,24
OFF-STA-10002791,8,539.0,8,12
OFF-STA-10003027,7,261.0,7,21
OFF-STA-10003756,13,1065.0,12,26
OFF-STA-10003803,10,426.0,10,29
OFF-STA-10003908,14,261.0,14,27
OFF-STA-10003956,12,217.0,12,23
OFF-STA-10004108,18,1378.0,17,32
OFF-STA-10004163,17,924.0,17,47
OFF-STA-10004327,10,473.0,10,27
OFF-STA-10004484,14,402.0,14,38
OFF-STA-10004885,19,954.0,19,27
OFF-STI-10000114,4,195.0,4,14
OFF-STI-10000144,8,691.0,8,21
OFF-STI-10000286,4,129.0,4,9
OFF-STI-10000305,6,519.0,6,15
OFF-STI-10000388,6,382.0,6,23
OFF-STI-10000697,3,45.0,3,3
OFF-STI-10000856,3,398.0,3,8
OFF-STI-10000937,1,24.0,1,1
OFF-STI-10001136,3,114.0,3,5
OFF-STI-10001162,5,183.0,5,8
OFF-STI-10001171,2,114.0,2,4
OFF-STI-10001651,5,569.0,5,12
OFF-STI-10001743,5,169.0,5,8
OFF-STI-10001955,6,678.0,6,18
OFF-STI-10001957,2,92.0,2,8
OFF-STI-10002040,6,492.0,6,34
OFF-STI-10002245,1,45.0,1,1
OFF-STI-10002262,2,252.0,2,7
OFF-STI-10002519,3,146.0,3,4
OFF-STI-10002716,4,393.0,4,12
OFF-STI-10003148,3,260.0,3,9
OFF-STI-10003234,6,522.0,6,16
OFF-STI-10003510,1,44.0,1,1
OFF-STI-10004202,6,308.0,6,14
OFF-STO-10000007,3,39.0,3,5
OFF-STO-10000041,1,33.0,1,8
OFF-STO-10000128,2,37.0,2,5
OFF-STO-10000347,8,361.0,8,26
OFF-STO-10000631,3,45.0,3,4
OFF-STO-10000683,3,59.0,3,8
OFF-STO-10000753,7,94.0,7,11
OFF-STO-10000876,1,13.0,1,1
OFF-STO-10000923,7,238.0,7,22
OFF-STO-10000924,5,167.0,5,10
OFF-STO-10001142,6,138.0,6,11
OFF-STO-10001150,3,78.0,3,5
OFF-STO-10001173,5,132.0,5,15
OFF-STO-10001239,6,139.0,5,8
OFF-STO-10001310,6,106.0,6,11
OFF-STO-10001671,9,222.0,9,29
OFF-STO-10001693,1,56.0,1,4
OFF-STO-10001791,3,211.0,3,11
OFF-STO-10001839,3,51.0,3,3
OFF-STO-10001916,2,100.0,2,15
OFF-STO-10002026,4,339.0,4,18
OFF-STO-10002042,5,43.0,5,6
OFF-STO-10002449,3,96.0,3,6
OFF-STO-10002661,6,92.0,6,19
OFF-STO-10002708,4,157.0,4,12
OFF-STO-10002803,1,18.0,1,1
OFF-STO-10002857,4,47.0,4,6
OFF-STO-10003021,6,96.0,6,10
OFF-STO-10003082,5,148.0,5,19
OFF-STO-10003098,6,87.0,6,15
OFF-STO-10003329,4,182.0,4,14
OFF-STO-10003342,5,169.0,5,13
OFF-STO-10003395,3,48.0,3,3
OFF-STO-10003604,3,66.0,3,6
OFF-STO-10003605,6,143.0,6,11
OFF-STO-10003728,3,55.0,3,4
OFF-STO-10003802,6,136.0,6,11
OFF-STO-10003878,4,87.0,4,8
OFF-STO-10004302,4,64.0,4,6
OFF-STO-10004363,3,81.0,3,6
OFF-STO-10004495,5,75.0,5,11
OFF-STO-10004496,2,18.0,2,2
OFF-STO-10004503,6,243.0,6,19
OFF-STO-10004779,8,529.0,8,37
OFF-STO-10004841,6,109.0,6,12
OFF-STO-10004910,8,252.0,8,14
OFF-STO-10004940,3,36.0,3,3
OFF-STO-10004971,2,23.0,2,5
OFF-SU-10000047,1,36.0,1,4
OFF-SU-10000062,7,717.0,7,33
OFF-SU-10000066,6,497.0,6,26
OFF-SU-10000076,4,1433.0,4,31
OFF-SU-10000079,1,156.0,1,4
OFF-SU-10000085,6,587.0,6,30
OFF-SU-10000087,4,343.0,4,23
OFF-SU-10000102,3,602.0,3,16
OFF-SU-10000105,3,738.0,3,15
OFF-SU-10000113,2,96.0,2,7
OFF-SU-10000130,4,157.0,4,18
OFF-SU-10000148,2,92.0,2,12
OFF-SU-10000150,3,115.0,3,8
OFF-SU-10000151,3,17.031,3,11
OFF-SU-10000153,2,433.0,2,13
OFF-SU-10000157,8,2983.0,8,26
OFF-SU-10000164,9,697.0,9,37
OFF-SU-10000171,6,902.0,6,22
OFF-SU-10000175,3,191.0,3,12
OFF-SU-10000178,8,315.0,8,21
OFF-SU-10000180,2,205.0,2,6
OFF-SU-10000192,4,355.0,4,14
OFF-SU-10000198,2,123.0,2,11
OFF-SU-10000207,7,736.0,7,32
OFF-SU-10000213,4,316.0,4,13
OFF-SU-10000216,5,130.0,5,15
OFF-SU-10000255,3,367.0,3,14
OFF-SU-10000256,1,50.0,1,2
OFF-SU-10000272,1,72.0,1,4
OFF-SU-10000283,3,341.0,3,17
OFF-SU-10000289,1,91.0,1,6
OFF-SU-10000294,9,889.0,9,37
OFF-SU-10000304,3,164.0,3,16
OFF-SU-10000320,4,254.0,4,10
OFF-SU-10000343,3,986.0,3,25
OFF-SU-10000375,4,543.0,4,19
OFF-SU-10000378,6,324.0,6,24
OFF-SU-10000381,8,279.0,8,32
OFF-SU-10000388,5,185.0,5,25
OFF-SU-10000411,4,406.0,4,16
OFF-SU-10000427,2,267.0,2,8
OFF-SU-10000429,3,92.0,3,6
OFF-SU-10000432,4,43.0,4,15
OFF-SU-10000452,1,148.0,1,10
OFF-SU-10000480,2,105.0,2,7
OFF-SU-10000484,5,246.0,5,24
OFF-SU-10000496,5,545.0,5,32
OFF-SU-10000514,2,210.0,2,5
OFF-SU-10000556,7,1120.0,7,37
OFF-SU-10000573,6,291.0,6,30
OFF-SU-10000596,1,152.0,1,6
OFF-SU-10000618,6,824.0,6,20
OFF-SU-10000646,5,2836.0,5,14
OFF-SU-10000649,9,1072.0,9,37
OFF-SU-10000650,2,395.0,2,8
OFF-SU-10000695,3,286.0,3,9
OFF-SU-10000697,1,12.0,1,2
OFF-SU-10000705,4,198.0,4,9
OFF-SU-10000706,1,18.0,1,5
OFF-SU-10000707,7,703.0,7,19
OFF-SU-10000723,8,1309.0,8,36
OFF-SU-10000738,4,236.0,4,9
OFF-SU-10000776,3,336.0,3,14
OFF-SU-10000782,5,600.0,5,17
OFF-SU-10000789,5,269.0,5,12
OFF-SU-10000810,2,107.0,2,6
OFF-SU-10000817,1,83.0,1,9
OFF-SU-10000822,1,49.0,1,2
OFF-SU-10000835,3,576.0,3,17
OFF-SU-10000866,8,1097.0,8,32
OFF-SU-10000877,6,621.0,6,26
OFF-SU-10000885,3,186.0,3,7
OFF-SU-10000898,7,460.0,7,36
OFF-SU-10000906,7,1763.0,7,37
OFF-SU-10000914,7,453.0,7,30
OFF-SU-10000925,3,294.0,3,12
OFF-SU-10000926,6,382.0,6,13
OFF-SU-10000932,9,695.0,9,24
OFF-SU-10000946,4,154.0,4,21
OFF-SU-10000952,3,98.0,3,11
OFF-SU-10000954,4,350.0,4,16
OFF-SU-10000969,2,194.0,2,6
OFF-SU-10000970,8,1030.0,8,34
OFF-SU-10000979,4,297.0,4,14
OFF-SU-10000997,4,863.0,4,21
OFF-SU-10001021,7,1015.0,7,36
OFF-SU-10001066,8,546.0,8,24
OFF-SU-10001074,4,336.0,4,12
OFF-SU-10001080,2,282.0,2,14
OFF-SU-10001086,6,545.0,6,25
OFF-SU-10001087,2,180.0,2,6
OFF-SU-10001124,1,357.0,1,8
OFF-SU-10001125,4,388.0,4,17
OFF-SU-10001132,8,566.0,8,23
OFF-SU-10001133,7,432.0,6,21
OFF-SU-10001137,4,289.0,4,13
OFF-SU-10001165,5,95.0,5,12
OFF-SU-10001173,3,414.0,3,14
OFF-SU-10001185,1,55.0,1,7
OFF-SU-10001212,2,9.0,2,5
OFF-SU-10001218,7,308.0,7,28
OFF-SU-10001225,8,80.0,8,24
OFF-SU-10001233,3,395.0,3,15
OFF-SU-10001308,9,1403.0,8,50
OFF-SU-10001337,1,74.0,1,2
OFF-SU-10001343,2,68.0,2,4
OFF-SU-10001346,8,1453.0,8,38
OFF-SU-10001351,6,513.0,5,22
OFF-SU-10001368,4,148.0,4,22
OFF-SU-10001382,12,1301.0,12,51
OFF-SU-10001397,1,37.0,1,1
OFF-SU-10001406,1,36.0,1,1
OFF-SU-10001407,7,1502.0,7,36
OFF-SU-10001409,2,244.0,2,12
OFF-SU-10001412,1,12.0,1,2
OFF-SU-10001421,7,749.0,7,23
OFF-SU-10001442,5,290.0,5,14
OFF-SU-10001455,1,158.0,1,4
OFF-SU-10001476,4,196.0,4,13
OFF-SU-10001488,3,235.0,3,15
OFF-SU-10001500,3,122.0,3,6
OFF-SU-10001506,3,99.0,3,8
OFF-SU-10001512,2,159.0,2,4
OFF-SU-10001515,7,413.0,7,21
OFF-SU-10001535,10,1601.0,10,43
OFF-SU-10001552,4,448.0,4,16
OFF-SU-10001554,1,22.0,1,2
OFF-SU-10001573,9,847.0,9,27
OFF-SU-10001574,10,76.0,10,22
OFF-SU-10001578,7,1153.0,7,24
OFF-SU-10001586,3,327.0,3,8
OFF-SU-10001592,4,622.0,4,23
OFF-SU-10001595,1,81.0,1,7
OFF-SU-10001618,7,797.0,7,29
OFF-SU-10001624,5,153.0,5,17
OFF-SU-10001633,5,568.0,5,20
OFF-SU-10001657,6,586.0,6,16
OFF-SU-10001664,7,161.0,7,21
OFF-SU-10001682,3,265.0,3,15
OFF-SU-10001683,3,113.0,3,13
OFF-SU-10001686,8,1097.0,7,30
OFF-SU-10001689,7,1068.0,7,33
OFF-SU-10001690,4,442.0,4,17
OFF-SU-10001697,5,437.0,5,19
OFF-SU-10001698,3,562.0,3,17
OFF-SU-10001703,4,463.0,4,13
OFF-SU-10001709,6,260.0,6,14
OFF-SU-10001722,9,570.0,9,24
OFF-SU-10001731,19,1418.0,19,68
OFF-SU-10001750,3,172.0,3,6
OFF-SU-10001762,9,1193.0,9,26
OFF-SU-10001770,6,546.0,6,26
OFF-SU-10001791,2,411.0,2,13
OFF-SU-10001794,6,214.0,6,30
OFF-SU-10001808,4,691.0,4,15
OFF-SU-10001813,7,514.0,7,34
OFF-SU-10001831,7,315.0,7,22
OFF-SU-10001840,1,43.0,1,2
OFF-SU-10001848,3,160.0,3,11
OFF-SU-10001851,3,62.0,3,8
OFF-SU-10001868,3,256.0,3,14
OFF-SU-10001869,9,470.0,9,26
OFF-SU-10001877,3,89.0,3,8
OFF-SU-10001879,4,468.0,4,12
OFF-SU-10001886,3,259.0,3,11
OFF-SU-10001889,2,286.0,2,10
OFF-SU-10001891,5,160.0,5,13
OFF-SU-10001892,5,303.0,5,14
OFF-SU-10001894,6,307.0,6,23
OFF-SU-10001909,2,329.0,2,16
OFF-SU-10001923,7,473.0,7,26
OFF-SU-10001935,6,29.0,6,16
OFF-SU-10001968,5,307.0,5,19
OFF-SU-10001980,1,91.0,1,3
OFF-SU-10001983,3,671.0,3,19
OFF-SU-10001992,4,139.0,4,12
OFF-SU-10002002,2,270.0,2,12
OFF-SU-10002027,4,407.0,4,16
OFF-SU-10002032,10,320.0,10,25
OFF-SU-10002094,7,991.0,7,34
OFF-SU-10002131,4,221.0,4,12
OFF-SU-10002135,1,118.0,1,4
OFF-SU-10002152,5,630.0,5,16
OFF-SU-10002161,5,325.0,5,25
OFF-SU-10002169,7,274.0,7,16
OFF-SU-10002189,10,807.0,10,36
OFF-SU-10002214,3,218.0,3,9
OFF-SU-10002215,3,91.0,3,10
OFF-SU-10002227,6,359.0,6,29
OFF-SU-10002230,1,31.0,1,3
OFF-SU-10002301,2,24.0,2,9
OFF-SU-10002306,5,502.0,5,25
OFF-SU-10002323,9,918.0,9,30
OFF-SU-10002325,1,11.0,1,1
OFF-SU-10002327,1,96.0,1,6
OFF-SU-10002337,4,833.0,4,20
OFF-SU-10002342,4,379.0,4,19
OFF-SU-10002344,3,303.0,3,11
OFF-SU-10002346,6,263.0,6,26
OFF-SU-10002357,5,538.0,5,13
OFF-SU-10002362,4,249.0,4,20
OFF-SU-10002363,1,71.0,1,4
OFF-SU-10002379,6,642.0,6,25
OFF-SU-10002388,10,1174.0,10,30
OFF-SU-10002402,9,632.0,9,28
OFF-SU-10002412,1,27.0,1,4
OFF-SU-10002414,1,33.0,1,2
OFF-SU-10002419,2,266.0,2,12
OFF-SU-10002423,4,336.0,4,13
OFF-SU-10002429,1,140.0,1,4
OFF-SU-10002445,3,804.0,3,19
OFF-SU-10002448,7,930.0,7,28
OFF-SU-10002451,9,915.0,9,35
OFF-SU-10002466,8,622.0,8,23
OFF-SU-10002498,6,270.0,6,19
OFF-SU-10002503,4,90.0,4,16
OFF-SU-10002521,4,208.0,4,10
OFF-SU-10002522,5,45.0,5,12
OFF-SU-10002537,6,306.0,6,31
OFF-SU-10002543,7,583.0,7,29
OFF-SU-10002544,7,847.0,7,28
OFF-SU-10002547,4,221.0,4,16
OFF-SU-10002550,7,255.0,7,22
OFF-SU-10002557,4,75.0,3,6
OFF-SU-10002566,4,623.0,4,18
OFF-SU-10002573,8,449.0,8,26
OFF-SU-10002599,5,228.0,5,15
OFF-SU-10002611,4,97.0,4,9
OFF-SU-10002627,3,114.0,3,9
OFF-SU-10002649,5,698.0,5,17
OFF-SU-10002653,3,172.0,3,8
OFF-SU-10002670,4,192.0,4,8
OFF-SU-10002709,6,954.0,6,35
OFF-SU-10002710,2,170.0,2,6
OFF-SU-10002715,6,434.0,6,13
OFF-SU-10002732,7,888.0,7,28
OFF-SU-10002742,7,686.0,7,24
OFF-SU-10002750,1,41.0,1,2
OFF-SU-10002775,2,350.0,2,10
OFF-SU-10002785,5,507.0,5,17
OFF-SU-10002816,6,702.0,6,27
OFF-SU-10002831,1,102.0,1,4
OFF-SU-10002849,3,110.0,3,16
OFF-SU-10002881,6,681.99,6,22
OFF-SU-10002900,2,344.0,2,8
OFF-SU-10002909,2,124.0,2,11
OFF-SU-10002911,8,414.0,8,23
OFF-SU-10002934,1,87.0,1,2
OFF-SU-10002961,3,72.0,3,9
OFF-SU-10002962,5,318.0,5,22
OFF-SU-10002983,4,386.0,4,14
OFF-SU-10002993,3,221.0,3,9
OFF-SU-10003002,2,10.0,2,4
OFF-SU-10003019,7,327.0,7,25
OFF-SU-10003040,5,262.0,5,12
OFF-SU-10003046,1,58.0,1,4
OFF-SU-10003072,3,614.0,3,16
OFF-SU-10003082,6,391.0,6,18
OFF-SU-10003085,3,248.0,3,15
OFF-SU-10003098,2,115.0,2,10
OFF-SU-10003105,6,1069.0,6,29
OFF-SU-10003115,10,840.0,10,38
OFF-SU-10003118,1,206.0,1,4
OFF-SU-10003126,6,738.0,6,25
OFF-SU-10003130,4,804.0,4,24
OFF-SU-10003137,2,115.0,2,9
OFF-SU-10003157,5,195.0,5,13
OFF-SU-10003160,6,293.0,6,20
OFF-SU-10003162,5,331.0,5,18
OFF-SU-10003173,3,108.0,3,8
OFF-SU-10003191,1,30.0,1,2
OFF-SU-10003209,2,72.0,2,3
OFF-SU-10003211,3,210.0,3,13
OFF-SU-10003221,8,1039.0,8,28
OFF-SU-10003229,3,487.0,3,11
OFF-SU-10003234,4,552.0,4,14
OFF-SU-10003236,6,207.0,6,15
OFF-SU-10003252,6,1251.0,6,30
OFF-SU-10003259,3,368.0,2,13
OFF-SU-10003267,5,404.0,5,16
OFF-SU-10003277,3,73.0,3,7
OFF-SU-10003332,4,158.0,4,8
OFF-SU-10003343,9,1016.0,9,33
OFF-SU-10003355,2,194.0,2,6
OFF-SU-10003357,6,846.0,6,18
OFF-SU-10003371,9,1133.0,9,42
OFF-SU-10003428,1,69.0,1,2
OFF-SU-10003456,3,377.0,3,16
OFF-SU-10003473,6,748.0,6,22
OFF-SU-10003474,6,403.0,6,19
OFF-SU-10003483,3,239.0,3,10
OFF-SU-10003485,5,237.0,5,14
OFF-SU-10003505,8,2641.0,8,24
OFF-SU-10003509,3,216.0,3,13
OFF-SU-10003511,3,149.0,3,11
OFF-SU-10003515,7,823.0,7,24
OFF-SU-10003522,4,527.0,4,19
OFF-SU-10003527,8,322.0,8,30
OFF-SU-10003535,3,257.0,3,7
OFF-SU-10003537,7,566.0,7,32
OFF-SU-10003540,1,140.0,1,3
OFF-SU-10003544,1,178.0,1,8
OFF-SU-10003545,1,120.0,1,14
OFF-SU-10003556,7,1143.0,7,26
OFF-SU-10003559,11,383.0,11,37
OFF-SU-10003567,4,136.0,4,17
OFF-SU-10003582,2,108.0,2,12
OFF-SU-10003592,5,351.0,5,26
OFF-SU-10003624,2,236.0,2,10
OFF-SU-10003629,13,1017.0,13,58
OFF-SU-10003632,11,963.0,11,40
OFF-SU-10003651,5,223.0,5,23
OFF-SU-10003659,1,139.0,1,5
OFF-SU-10003665,13,1198.0,13,50
OFF-SU-10003671,1,93.0,1,4
OFF-SU-10003683,3,91.0,3,9
OFF-SU-10003688,2,300.0,2,10
OFF-SU-10003697,6,327.0,6,21
OFF-SU-10003701,6,242.0,6,26
OFF-SU-10003717,6,284.0,6,30
OFF-SU-10003719,8,412.0,8,29
OFF-SU-10003723,3,320.0,3,8
OFF-SU-10003739,8,524.0,8,30
OFF-SU-10003749,5,443.0,5,19
OFF-SU-10003758,6,649.0,6,28
OFF-SU-10003780,1,33.0,1,4
OFF-SU-10003789,12,892.0,12,31
OFF-SU-10003801,1,39.0,1,4
OFF-SU-10003803,5,461.0,5,12
OFF-SU-10003804,3,678.0,3,14
OFF-SU-10003834,9,1239.0,9,28
OFF-SU-10003863,2,270.0,2,11
OFF-SU-10003866,1,37.0,1,4
OFF-SU-10003879,3,249.0,3,8
OFF-SU-10003892,6,482.0,6,22
OFF-SU-10003897,5,259.0,5,21
OFF-SU-10003907,8,945.0,8,34
OFF-SU-10003924,5,464.0,5,16
OFF-SU-10003936,2,14.0,2,5
OFF-SU-10003951,5,779.0,5,16
OFF-SU-10003966,3,203.0,3,8
OFF-SU-10003973,1,58.0,1,5
OFF-SU-10003991,6,308.0,6,11
OFF-SU-10004008,5,349.0,5,18
OFF-SU-10004048,1,56.0,1,2
OFF-SU-10004077,6,614.0,6,22
OFF-SU-10004087,3,329.0,3,15
OFF-SU-10004091,4,84.0,4,12
OFF-SU-10004095,6,881.0,6,31
OFF-SU-10004110,3,152.0,3,12
OFF-SU-10004115,4,82.0,4,13
OFF-SU-10004119,10,851.0,10,31
OFF-SU-10004177,8,724.0,8,22
OFF-SU-10004192,3,86.0,3,8
OFF-SU-10004198,6,378.0,6,22
OFF-SU-10004230,7,608.0,7,32
OFF-SU-10004231,6,198.0,6,22
OFF-SU-10004236,11,686.0,10,33
OFF-SU-10004244,7,685.0,7,27
OFF-SU-10004246,3,216.0,3,11
OFF-SU-10004249,2,173.0,2,6
OFF-SU-10004261,4,216.0,4,14
OFF-SU-10004279,5,565.0,5,15
OFF-SU-10004283,2,255.0,2,8
OFF-SU-10004290,3,45.0,3,7
OFF-SU-10004299,4,620.0,4,19
OFF-SU-10004304,4,243.0,4,14
OFF-SU-10004306,10,1842.0,10,51
OFF-SU-10004316,5,683.0,5,28
OFF-SU-10004317,1,19.0,1,2
OFF-SU-10004361,7,607.0,7,25
OFF-SU-10004373,1,43.0,1,2
OFF-SU-10004401,4,895.0,4,20
OFF-SU-10004434,1,77.0,1,4
OFF-SU-10004435,3,493.0,3,11
OFF-SU-10004446,9,461.0,9,37
OFF-SU-10004452,3,198.0,3,15
OFF-SU-10004461,3,328.0,3,10
OFF-SU-10004462,2,151.0,2,8
OFF-SU-10004480,5,644.0,5,30
OFF-SU-10004481,5,419.0,5,16
OFF-SU-10004496,5,408.0,5,17
OFF-SU-10004497,4,380.0,4,22
OFF-SU-10004498,7,238.0,7,20
OFF-SU-10004514,1,27.0,1,1
OFF-SU-10004524,6,814.0,6,28
OFF-SU-10004575,3,172.0,3,7
OFF-SU-10004589,2,139.0,2,4
OFF-SU-10004627,3,396.0,3,11
OFF-SU-10004630,2,158.0,2,4
OFF-SU-10004643,6,923.0,6,34
OFF-SU-10004650,8,601.0,8,32
OFF-SU-10004655,5,589.0,5,21
OFF-SU-10004658,6,264.0,6,14
OFF-SU-10004659,2,232.0,2,12
OFF-SU-10004661,5,103.0,5,13
OFF-SU-10004662,15,1598.0,14,73
OFF-SU-10004663,7,454.0,7,27
OFF-SU-10004664,4,167.0,4,23
OFF-SU-10004691,4,258.0,4,13
OFF-SU-10004696,5,617.0,5,18
OFF-SU-10004705,5,187.0,5,20
OFF-SU-10004711,4,265.0,4,10
OFF-SU-10004727,3,113.0,3,6
OFF-SU-10004737,3,89.0,3,13
OFF-SU-10004762,1,41.0,1,3
OFF-SU-10004766,8,781.0,8,20
OFF-SU-10004768,3,35.0,3,7
OFF-SU-10004771,2,92.0,2,9
OFF-SU-10004780,5,242.0,5,12
OFF-SU-10004782,7,179.0,7,24
OFF-SU-10004784,1,49.0,1,2
OFF-SU-10004791,1,112.0,1,4
OFF-SU-10004794,7,684.0,7,28
OFF-SU-10004799,1,32.0,1,9
OFF-SU-10004802,1,27.0,1,1
OFF-SU-10004814,6,833.0,6,18
OFF-SU-10004818,3,294.0,3,10
OFF-SU-10004822,2,242.0,2,9
OFF-SU-10004846,6,592.0,6,28
OFF-SU-10004848,6,832.0,6,24
OFF-SU-10004872,5,426.0,5,15
OFF-SU-10004873,1,74.0,1,2
OFF-SU-10004884,3,195.0,3,13
OFF-SU-10004888,2,474.0,2,10
OFF-SU-10004899,4,252.0,4,14
OFF-SU-10004902,3,112.0,3,7
OFF-SU-10004904,4,116.0,4,12
OFF-SU-10004911,3,724.0,3,16
OFF-SU-10004919,1,112.0,1,7
OFF-SU-10004932,1,18.0,1,4
OFF-SU-10004938,4,505.0,4,14
OFF-SU-10004980,7,968.0,7,24
OFF-TEN-10000025,16,4409.225,16,32
OFF-TEN-10000360,12,564.0,12,28
OFF-TEN-10000433,10,2520.626,10,23
OFF-TEN-10000703,9,691.0,9,14
OFF-TEN-10000766,4,190.0,4,8
OFF-TEN-10000794,13,1746.0,13,41
OFF-TEN-10000827,7,1301.0,7,11
OFF-TEN-10000894,9,628.0,9,29
OFF-TEN-10001031,11,1067.0,11,22
OFF-TEN-10001129,16,1249.0,16,33
OFF-TEN-10001160,9,1046.0,9,21
OFF-TEN-10001480,7,1323.0,7,25
OFF-TEN-10001585,8,184.0,8,14
OFF-TEN-10002065,9,932.0,9,23
OFF-TEN-10002817,9,274.0,9,14
OFF-TEN-10002835,13,3316.0,13,20
OFF-TEN-10003089,13,2981.0,13,23
OFF-TEN-10003127,10,261.0,10,19
OFF-TEN-10003148,9,3389.0,9,19
OFF-TEN-10003211,12,182.0,12,14
OFF-TEN-10003948,14,402.0,14,29
OFF-TEN-10004194,12,2640.0,12,23
OFF-TEN-10004210,8,766.0,7,15
OFF-TEN-10004270,12,1943.0,12,19
OFF-WIL-10000146,5,572.0,5,13
OFF-WIL-10000164,11,765.0,11,22
OFF-WIL-10000390,14,412.0,14,38
OFF-WIL-10000604,13,267.0,13,32
OFF-WIL-10000777,10,495.0,9,21
OFF-WIL-10000979,16,242.0,16,51
OFF-WIL-10000986,8,191.0,8,22
OFF-WIL-10001069,16,134.0,16,35
OFF-WIL-10001495,5,52.0,5,9
OFF-WIL-10001801,8,422.0,8,17
OFF-WIL-10001889,10,52.0,10,13
OFF-WIL-10001979,10,172.0,10,29
OFF-WIL-10002153,13,677.0,13,29
OFF-WIL-10002233,13,290.0,13,45
OFF-WIL-10002593,12,88.0,12,16
OFF-WIL-10002772,15,1005.0,15,38
OFF-WIL-10002787,12,288.0,12,23
OFF-WIL-10002947,11,204.0,11,35
OFF-WIL-10003299,13,1599.0,13,35
OFF-WIL-10003308,11,365.0,11,34
OFF-WIL-10003532,14,1505.0,13,36
OFF-WIL-10003774,11,138.0,11,23
OFF-WIL-10003933,16,285.0,16,29
OFF-WIL-10004697,9,283.0,9,23
OFF-XER-10000482,5,129.0,5,6
OFF-XER-10000566,1,73.0,1,8
OFF-XER-10000641,2,63.0,2,2
OFF-XER-10000846,2,884.0,2,18
OFF-XER-10001429,2,17.0,2,2
OFF-XER-10001454,2,88.0,2,6
OFF-XER-10001513,5,117.0,5,7
OFF-XER-10001746,4,97.0,4,6
OFF-XER-10002256,4,236.0,4,9
OFF-XER-10002848,1,26.0,1,4
OFF-XER-10002906,3,55.0,3,4
OFF-XER-10002982,4,159.0,4,9
OFF-XER-10003104,3,36.0,3,4
OFF-XER-10003203,9,302.0,9,20
OFF-XER-10003300,5,275.0,5,14
OFF-XER-10003329,2,119.0,2,5
OFF-XER-10003495,2,153.0,2,7
OFF-XER-10003600,1,15.0,1,1
OFF-XER-10003901,5,212.0,5,7
OFF-XER-10004012,3,218.0,3,9
OFF-XER-10004042,6,101.0,6,9
OFF-XER-10004519,4,416.0,4,9
OFF-XER-10004820,2,211.0,2,8
TEC-AC-10000007,5,2054.026,5,12
TEC-AC-10000023,5,504.0,5,24
TEC-AC-10000025,1,135.0,1,2
TEC-AC-10000051,4,617.0,4,9
TEC-AC-10000053,2,953.283,2,12
TEC-AC-10000057,5,558.0,5,19
TEC-AC-10000086,4,280.0,4,17
TEC-AC-10000089,4,900.5889999999999,4,21
TEC-AC-10000097,9,1262.0,9,32
TEC-AC-10000109,9,1490.0,9,29
TEC-AC-10000110,3,386.0,3,10
TEC-AC-10000111,6,412.0,6,13
TEC-AC-10000115,1,98.0,1,2
TEC-AC-10000140,5,1658.0,5,29
TEC-AC-10000151,5,330.0,5,16
TEC-AC-10000152,4,378.0,4,20
TEC-AC-10000158,9,900.0,9,27
TEC-AC-10000170,4,910.0,4,14
TEC-AC-10000171,5,248.0,5,12
TEC-AC-10000199,3,44.0,3,9
TEC-AC-10000203,11,3492.11,11,45
TEC-AC-10000212,3,1014.0,3,10
TEC-AC-10000218,2,192.0,2,6
TEC-AC-10000221,4,1920.0,4,19
TEC-AC-10000241,3,675.0,3,20
TEC-AC-10000244,6,2301.314,6,24
TEC-AC-10000254,5,1520.0,5,29
TEC-AC-10000258,4,713.0,4,14
TEC-AC-10000263,5,334.0,5,13
TEC-AC-10000264,1,400.0,1,4
TEC-AC-10000269,6,897.0,6,36
TEC-AC-10000271,1,137.0,1,2
TEC-AC-10000284,4,446.0,4,12
TEC-AC-10000290,4,97.0,4,15
TEC-AC-10000303,3,240.0,3,7
TEC-AC-10000317,3,944.0,3,12
TEC-AC-10000332,5,965.0,5,19
TEC-AC-10000335,5,2049.0,5,13
TEC-AC-10000336,5,430.0,5,18
TEC-AC-10000342,1,38.0,1,3
TEC-AC-10000354,4,578.0,4,20
TEC-AC-10000358,6,889.0,6,24
TEC-AC-10000376,9,4105.298,9,41
TEC-AC-10000387,3,75.0,3,6
TEC-AC-10000394,2,404.0,2,7
TEC-AC-10000397,6,947.0,6,25
TEC-AC-10000398,7,2880.0,7,31
TEC-AC-10000420,8,1870.403,8,40
TEC-AC-10000422,2,754.0,2,13
TEC-AC-10000431,4,308.0,4,13
TEC-AC-10000450,4,812.0,4,11
TEC-AC-10000462,1,296.0,1,4
TEC-AC-10000474,8,1893.0,8,27
TEC-AC-10000483,8,2609.0,8,24
TEC-AC-10000487,2,26.0,2,5
TEC-AC-10000494,7,695.0,7,15
TEC-AC-10000499,2,416.0,2,5
TEC-AC-10000501,5,2252.0,5,15
TEC-AC-10000510,2,111.0,2,3
TEC-AC-10000512,1,250.0,1,3
TEC-AC-10000519,2,581.0,2,10
TEC-AC-10000521,4,81.0,4,8
TEC-AC-10000530,3,827.0,3,8
TEC-AC-10000540,2,188.0,2,8
TEC-AC-10000575,5,523.0,5,12
TEC-AC-10000580,4,1040.0,4,14
TEC-AC-10000588,2,174.0,2,6
TEC-AC-10000596,5,1520.0,5,18
TEC-AC-10000598,1,22.0,1,2
TEC-AC-10000633,1,229.0,1,2
TEC-AC-10000639,4,1269.863,4,13
TEC-AC-10000642,5,581.0,5,22
TEC-AC-10000657,1,229.0,1,2
TEC-AC-10000682,6,322.0,6,20
TEC-AC-10000692,7,1359.0,7,29
TEC-AC-10000710,3,296.0,3,18
TEC-AC-10000712,2,522.079,2,10
TEC-AC-10000736,8,1616.0,8,21
TEC-AC-10000742,3,682.0,3,23
TEC-AC-10000763,5,960.0,5,14
TEC-AC-10000766,1,20.0,1,2
TEC-AC-10000815,4,216.0,4,7
TEC-AC-10000827,6,1826.0,6,28
TEC-AC-10000844,8,2363.0,8,31
TEC-AC-10000857,2,1210.0,2,6
TEC-AC-10000860,6,984.0,6,27
TEC-AC-10000861,7,2947.0,7,13
TEC-AC-10000863,6,1411.0,6,24
TEC-AC-10000865,6,1443.0,6,24
TEC-AC-10000866,7,2097.612,7,43
TEC-AC-10000873,2,131.0,2,4
TEC-AC-10000883,4,386.0,4,15
TEC-AC-10000887,3,342.0,3,9
TEC-AC-10000890,10,4074.036,10,32
TEC-AC-10000892,7,1890.0,7,22
TEC-AC-10000896,6,763.0,6,15
TEC-AC-10000926,1,60.0,1,3
TEC-AC-10000927,4,492.0,4,17
TEC-AC-10000929,4,276.0,4,7
TEC-AC-10000957,6,1806.0,6,34
TEC-AC-10000990,3,1051.049,3,16
TEC-AC-10000991,4,583.0,4,13
TEC-AC-10001002,1,169.0,1,3
TEC-AC-10001013,10,749.0,10,29
TEC-AC-10001022,8,921.0,8,28
TEC-AC-10001030,4,258.0,4,14
TEC-AC-10001032,3,487.0,3,15
TEC-AC-10001047,1,169.0,1,1
TEC-AC-10001055,8,1262.0,8,37
TEC-AC-10001056,7,2078.216,7,32
TEC-AC-10001075,1,202.0,1,4
TEC-AC-10001076,4,1003.0,4,21
TEC-AC-10001082,5,1169.0,5,22
TEC-AC-10001089,8,2359.0,8,29
TEC-AC-10001090,8,849.0,8,23
TEC-AC-10001100,5,2722.237,5,21
TEC-AC-10001101,4,191.0,4,16
TEC-AC-10001106,1,63.0,1,4
TEC-AC-10001109,9,774.0,9,28
TEC-AC-10001114,4,592.0,4,15
TEC-AC-10001142,5,1722.0,5,24
TEC-AC-10001172,5,517.0,5,23
TEC-AC-10001187,6,1173.0,6,17
TEC-AC-10001197,4,553.0,4,11
TEC-AC-10001221,8,2188.0,8,35
TEC-AC-10001226,6,865.0,6,21
TEC-AC-10001243,4,484.0,4,12
TEC-AC-10001246,7,831.0,7,24
TEC-AC-10001251,3,830.0,3,14
TEC-AC-10001254,4,1944.0,4,20
TEC-AC-10001258,4,5.901,4,23
TEC-AC-10001266,8,299.0,8,26
TEC-AC-10001267,5,468.0,5,18
TEC-AC-10001274,5,1699.0,5,27
TEC-AC-10001278,6,751.0,6,19
TEC-AC-10001284,5,468.0,5,24
TEC-AC-10001295,2,532.0,2,6
TEC-AC-10001311,4,816.0,4,17
TEC-AC-10001312,5,808.0,5,25
TEC-AC-10001314,8,1230.0,8,27
TEC-AC-10001341,8,2292.0,8,35
TEC-AC-10001348,4,1877.0,4,9
TEC-AC-10001352,9,1357.0,9,31
TEC-AC-10001355,2,891.0,2,6
TEC-AC-10001364,5,434.0,5,18
TEC-AC-10001383,3,365.0,3,15
TEC-AC-10001402,3,272.0,3,6
TEC-AC-10001405,5,2128.0,5,15
TEC-AC-10001406,1,116.0,1,1
TEC-AC-10001407,6,395.0,6,19
TEC-AC-10001410,4,1773.0,4,26
TEC-AC-10001432,5,1641.0,5,21
TEC-AC-10001438,8,1280.0,8,35
TEC-AC-10001441,6,866.0,6,24
TEC-AC-10001445,3,42.0,3,14
TEC-AC-10001455,1,243.0,1,4
TEC-AC-10001463,5,981.0,5,21
TEC-AC-10001465,9,1184.0,9,34
TEC-AC-10001486,6,1237.0,6,30
TEC-AC-10001491,8,856.0,8,32
TEC-AC-10001500,5,2333.0,5,28
TEC-AC-10001539,4,1248.0,4,17
TEC-AC-10001542,3,108.0,3,10
TEC-AC-10001552,5,1155.0,5,25
TEC-AC-10001553,5,374.0,5,26
TEC-AC-10001564,4,970.0,4,23
TEC-AC-10001566,4,1717.716,4,14
TEC-AC-10001590,2,125.0,2,5
TEC-AC-10001592,1,52.0,1,2
TEC-AC-10001600,4,856.0,4,16
TEC-AC-10001606,7,1800.0,7,21
TEC-AC-10001608,2,78.0,2,5
TEC-AC-10001611,2,364.0,2,8
TEC-AC-10001616,5,1746.0,5,32
TEC-AC-10001635,3,149.0,3,15
TEC-AC-10001636,6,1042.0,6,27
TEC-AC-10001639,7,622.0,7,23
TEC-AC-10001660,3,709.0,3,17
TEC-AC-10001664,3,423.0,3,8
TEC-AC-10001666,5,1027.0,5,22
TEC-AC-10001688,5,781.0,5,14
TEC-AC-10001696,2,207.0,2,9
TEC-AC-10001703,3,493.0,3,9
TEC-AC-10001705,4,1159.0,4,26
TEC-AC-10001714,7,791.0,7,23
TEC-AC-10001719,5,388.0,5,19
TEC-AC-10001720,1,229.0,1,2
TEC-AC-10001728,6,460.0,6,20
TEC-AC-10001735,9,752.0,9,31
TEC-AC-10001745,1,62.0,1,2
TEC-AC-10001748,1,80.0,1,2
TEC-AC-10001754,6,1350.0,6,20
TEC-AC-10001756,6,585.0,6,22
TEC-AC-10001765,3,992.0,3,13
TEC-AC-10001767,6,928.0,6,25
TEC-AC-10001772,6,720.0,6,45
TEC-AC-10001791,2,208.0,2,7
TEC-AC-10001792,2,246.0,2,8
TEC-AC-10001830,5,1709.0,5,13
TEC-AC-10001831,1,57.0,1,3
TEC-AC-10001835,8,900.0,8,25
TEC-AC-10001838,7,2322.8,7,26
TEC-AC-10001840,5,758.0,5,23
TEC-AC-10001874,3,552.0,3,11
TEC-AC-10001876,2,552.0,2,9
TEC-AC-10001904,7,954.0,7,33
TEC-AC-10001907,3,366.0,3,13
TEC-AC-10001908,6,1681.12,6,32
TEC-AC-10001942,3,341.0,3,11
TEC-AC-10001948,9,1213.0,9,35
TEC-AC-10001949,2,518.55,2,8
TEC-AC-10001950,3,319.0,3,11
TEC-AC-10001951,1,90.0,1,3
TEC-AC-10001956,2,360.0,2,7
TEC-AC-10001974,1,124.0,1,2
TEC-AC-10001987,6,948.0,6,25
TEC-AC-10001990,8,2739.034,8,45
TEC-AC-10001995,5,3464.0,5,16
TEC-AC-10001998,6,208.0,6,11
TEC-AC-10002001,6,2880.0,6,21
TEC-AC-10002006,7,557.0,6,39
TEC-AC-10002013,3,704.0,3,19
TEC-AC-10002014,3,405.0,3,10
TEC-AC-10002015,2,200.161,2,9
TEC-AC-10002017,4,845.0,4,9
TEC-AC-10002018,5,88.0,5,14
TEC-AC-10002025,1,39.0,1,5
TEC-AC-10002048,2,77.0,2,7
TEC-AC-10002049,15,4970.796,14,60
TEC-AC-10002076,4,1497.0,4,29
TEC-AC-10002086,4,1784.0,4,24
TEC-AC-10002110,4,206.0,4,12
TEC-AC-10002122,3,980.0,3,12
TEC-AC-10002130,2,91.0,2,4
TEC-AC-10002134,3,105.0,3,9
TEC-AC-10002145,1,70.0,1,1
TEC-AC-10002148,1,512.0,1,9
TEC-AC-10002153,1,276.0,1,10
TEC-AC-10002158,5,1155.0,5,14
TEC-AC-10002159,3,1307.0,3,10
TEC-AC-10002167,8,357.0,8,25
TEC-AC-10002170,11,952.0,11,35
TEC-AC-10002172,8,2260.0,8,36
TEC-AC-10002204,5,796.0,5,20
TEC-AC-10002217,7,444.0,7,25
TEC-AC-10002218,3,414.0,3,6
TEC-AC-10002219,6,1732.0,6,28
TEC-AC-10002221,9,865.0,9,37
TEC-AC-10002224,1,148.0,1,10
TEC-AC-10002243,7,1761.0,7,25
TEC-AC-10002244,7,2375.868,7,32
TEC-AC-10002253,4,1164.496,4,16
TEC-AC-10002255,11,2075.0,11,38
TEC-AC-10002257,11,2333.239,11,41
TEC-AC-10002263,3,900.0,2,8
TEC-AC-10002289,3,910.0,3,16
TEC-AC-10002295,1,61.0,1,2
TEC-AC-10002305,6,324.0,6,18
TEC-AC-10002308,6,2327.0,6,31
TEC-AC-10002322,3,1330.0,3,13
TEC-AC-10002323,11,883.0,11,44
TEC-AC-10002324,11,1357.0,11,26
TEC-AC-10002331,5,232.0,5,26
TEC-AC-10002335,13,3211.0,13,46
TEC-AC-10002340,2,891.0,2,8
TEC-AC-10002345,6,276.0,6,20
TEC-AC-10002348,2,1490.0,2,13
TEC-AC-10002357,5,914.0,5,33
TEC-AC-10002363,3,726.0,3,10
TEC-AC-10002364,1,517.0,1,2
TEC-AC-10002370,11,537.0,11,31
TEC-AC-10002380,1,27.0,1,3
TEC-AC-10002389,1,162.0,1,4
TEC-AC-10002399,6,361.0,6,20
TEC-AC-10002402,8,2160.0,8,30
TEC-AC-10002455,6,646.0,6,27
TEC-AC-10002458,5,302.0,5,19
TEC-AC-10002473,11,1232.0,11,49
TEC-AC-10002482,4,316.0,4,15
TEC-AC-10002522,2,781.0,2,4
TEC-AC-10002530,2,125.0,2,5
TEC-AC-10002533,12,4452.031,11,57
TEC-AC-10002543,1,161.0,1,4
TEC-AC-10002545,1,198.0,1,3
TEC-AC-10002550,8,619.0,8,27
TEC-AC-10002558,2,54.0,2,5
TEC-AC-10002567,9,2000.0,9,29
TEC-AC-10002568,5,839.0,5,20
TEC-AC-10002581,1,37.0,1,2
TEC-AC-10002600,2,496.0,2,9
TEC-AC-10002601,2,695.0,2,5
TEC-AC-10002607,1,11.0,1,1
TEC-AC-10002629,5,1783.0,5,25
TEC-AC-10002637,5,2125.62,5,22
TEC-AC-10002647,2,383.0,2,4
TEC-AC-10002649,5,1379.0,5,20
TEC-AC-10002664,10,2015.0,10,40
TEC-AC-10002670,5,501.0,5,23
TEC-AC-10002688,4,1007.0,4,14
TEC-AC-10002702,4,453.0,4,6
TEC-AC-10002712,9,1637.0,9,35
TEC-AC-10002718,6,266.0,6,21
TEC-AC-10002719,4,690.442,4,15
TEC-AC-10002738,10,3838.0,10,37
TEC-AC-10002749,4,238.0,4,12
TEC-AC-10002756,3,472.0,3,9
TEC-AC-10002760,5,1321.0,5,21
TEC-AC-10002795,4,279.0,4,16
TEC-AC-10002799,10,1854.0,10,30
TEC-AC-10002800,9,1620.0,9,34
TEC-AC-10002815,1,159.0,1,3
TEC-AC-10002833,6,546.0,6,21
TEC-AC-10002842,10,3089.071,10,40
TEC-AC-10002844,1,159.0,1,4
TEC-AC-10002850,3,1265.0,3,12
TEC-AC-10002852,3,423.0,3,6
TEC-AC-10002857,3,84.0,3,14
TEC-AC-10002881,2,138.0,2,4
TEC-AC-10002883,10,1921.0,9,35
TEC-AC-10002884,6,1992.0,6,26
TEC-AC-10002900,2,232.0,2,6
TEC-AC-10002901,4,535.0,4,19
TEC-AC-10002914,4,2045.338,4,16
TEC-AC-10002926,8,1410.0,8,30
TEC-AC-10002938,1,92.0,1,3
TEC-AC-10002942,6,1008.0,6,17
TEC-AC-10002996,4,660.0,4,19
TEC-AC-10003023,5,759.0,5,14
TEC-AC-10003027,3,351.0,3,13
TEC-AC-10003033,10,3571.26,10,35
TEC-AC-10003034,2,550.0,2,13
TEC-AC-10003038,13,479.0,13,57
TEC-AC-10003044,5,514.0,5,17
TEC-AC-10003047,6,1122.0,6,21
TEC-AC-10003052,1,119.0,1,3
TEC-AC-10003063,10,2685.0,10,35
TEC-AC-10003080,4,1139.0,4,11
TEC-AC-10003081,9,529.0,9,35
TEC-AC-10003095,6,2158.0,6,17
TEC-AC-10003103,5,952.0,5,12
TEC-AC-10003105,5,345.0,5,13
TEC-AC-10003116,8,535.0,8,32
TEC-AC-10003133,1,14.0,1,2
TEC-AC-10003159,6,2566.0,6,19
TEC-AC-10003172,5,746.0,5,18
TEC-AC-10003174,6,2242.0,5,23
TEC-AC-10003180,1,518.0,1,2
TEC-AC-10003198,6,2450.0,6,29
TEC-AC-10003217,10,2418.0,10,34
TEC-AC-10003237,3,104.0,3,11
TEC-AC-10003262,1,308.0,1,2
TEC-AC-10003265,6,1298.917,6,27
TEC-AC-10003276,4,2296.0,4,12
TEC-AC-10003280,8,564.0,8,21
TEC-AC-10003289,5,500.0,5,26
TEC-AC-10003294,4,529.0,4,19
TEC-AC-10003327,6,2740.0,6,39
TEC-AC-10003334,4,920.0,4,18
TEC-AC-10003335,3,1101.0,3,10
TEC-AC-10003343,4,482.0,4,17
TEC-AC-10003367,3,1421.0,3,20
TEC-AC-10003399,6,542.0,6,15
TEC-AC-10003400,1,8.0,1,1
TEC-AC-10003403,4,1477.103,4,18
TEC-AC-10003407,5,434.0,5,23
TEC-AC-10003408,7,1114.0,7,19
TEC-AC-10003413,6,2181.0,6,11
TEC-AC-10003415,5,1780.796,5,18
TEC-AC-10003416,2,284.0,2,10
TEC-AC-10003417,1,342.0,1,3
TEC-AC-10003422,1,102.0,1,2
TEC-AC-10003433,5,11.0,5,13
TEC-AC-10003441,7,357.0,7,22
TEC-AC-10003447,4,292.0,4,15
TEC-AC-10003451,2,76.0,2,5
TEC-AC-10003454,6,959.0,6,15
TEC-AC-10003463,3,496.0,3,9
TEC-AC-10003469,1,513.0,1,2
TEC-AC-10003487,6,1009.0,6,27
TEC-AC-10003499,5,195.0,5,20
TEC-AC-10003506,3,1026.305,3,13
TEC-AC-10003518,4,1709.733,4,14
TEC-AC-10003533,2,333.0,2,9
TEC-AC-10003548,2,85.0,2,5
TEC-AC-10003554,2,667.0,2,12
TEC-AC-10003556,4,784.0,4,14
TEC-AC-10003569,1,88.0,1,2
TEC-AC-10003570,1,245.0,1,9
TEC-AC-10003571,3,506.0,3,18
TEC-AC-10003577,4,990.066,4,27
TEC-AC-10003590,5,625.0,5,25
TEC-AC-10003610,6,1140.0,6,20
TEC-AC-10003611,9,629.0,9,34
TEC-AC-10003614,5,151.0,5,14
TEC-AC-10003615,6,2649.0,6,16
TEC-AC-10003626,2,298.0,2,6
TEC-AC-10003628,15,1410.0,15,52
TEC-AC-10003640,7,874.0,7,27
TEC-AC-10003657,5,367.0,4,13
TEC-AC-10003659,4,1430.0,4,17
TEC-AC-10003666,6,2466.432,6,31
TEC-AC-10003668,6,898.0,6,17
TEC-AC-10003681,2,72.0,2,3
TEC-AC-10003690,3,354.0,3,13
TEC-AC-10003704,1,16.0,1,1
TEC-AC-10003709,5,20.0,5,21
TEC-AC-10003711,2,390.0,2,18
TEC-AC-10003725,7,439.0,7,31
TEC-AC-10003734,7,807.0,7,20
TEC-AC-10003738,5,529.0,5,22
TEC-AC-10003750,8,2588.0,8,33
TEC-AC-10003753,5,1133.031,4,11
TEC-AC-10003763,3,247.0,3,8
TEC-AC-10003776,6,634.0,6,17
TEC-AC-10003814,3,783.602,3,13
TEC-AC-10003824,5,316.0,5,13
TEC-AC-10003832,18,4002.208,18,75
TEC-AC-10003851,7,1019.0,7,23
TEC-AC-10003857,10,1361.0,10,32
TEC-AC-10003861,3,541.0,3,8
TEC-AC-10003870,4,994.62,4,17
TEC-AC-10003873,1,30.0,1,1
TEC-AC-10003889,6,615.0,6,19
TEC-AC-10003895,8,1313.0,8,38
TEC-AC-10003904,4,572.0,4,7
TEC-AC-10003911,5,1601.024,5,18
TEC-AC-10003920,2,210.0,2,5
TEC-AC-10003921,1,463.0,1,14
TEC-AC-10003927,8,866.0,8,26
TEC-AC-10003947,1,489.0,1,6
TEC-AC-10003951,7,1004.0,7,29
TEC-AC-10003955,10,4362.253,10,50
TEC-AC-10003964,8,538.0,8,21
TEC-AC-10003969,1,225.0,1,2
TEC-AC-10003970,6,672.0,6,21
TEC-AC-10003987,1,57.0,1,2
TEC-AC-10003989,4,673.0,4,19
TEC-AC-10004001,2,387.0,2,10
TEC-AC-10004012,12,1608.0,11,47
TEC-AC-10004016,6,575.0,6,23
TEC-AC-10004018,1,901.0,1,8
TEC-AC-10004043,11,1146.0,10,40
TEC-AC-10004044,7,595.0,7,26
TEC-AC-10004051,2,287.0,2,10
TEC-AC-10004054,10,2698.0,10,32
TEC-AC-10004068,3,819.0,3,10
TEC-AC-10004070,4,1734.239,4,12
TEC-AC-10004081,6,1019.0,6,19
TEC-AC-10004094,1,44.0,1,2
TEC-AC-10004102,1,19.0,1,1
TEC-AC-10004108,4,6.259,4,29
TEC-AC-10004114,2,361.0,2,10
TEC-AC-10004117,3,512.0,3,16
TEC-AC-10004127,1,27.0,1,4
TEC-AC-10004144,2,528.0,2,12
TEC-AC-10004145,5,506.9,5,31
TEC-AC-10004171,7,2687.0,7,31
TEC-AC-10004188,4,488.0,4,11
TEC-AC-10004195,3,356.0,3,11
TEC-AC-10004196,2,368.0,2,4
TEC-AC-10004203,7,811.0,7,32
TEC-AC-10004209,5,136.0,5,14
TEC-AC-10004221,2,504.0,2,5
TEC-AC-10004227,7,330.0,6,31
TEC-AC-10004241,7,1055.0,7,26
TEC-AC-10004249,4,680.0,4,27
TEC-AC-10004252,3,236.0,3,7
TEC-AC-10004269,6,2588.0,6,28
TEC-AC-10004289,3,587.0,3,8
TEC-AC-10004306,5,923.0,5,18
TEC-AC-10004317,3,850.0,3,16
TEC-AC-10004334,9,2296.471,9,26
TEC-AC-10004341,3,287.0,3,7
TEC-AC-10004353,7,1109.0,7,21
TEC-AC-10004379,9,808.0,9,41
TEC-AC-10004393,2,348.0,2,8
TEC-AC-10004396,3,175.0,3,12
TEC-AC-10004406,1,143.0,1,2
TEC-AC-10004414,5,1480.454,5,18
TEC-AC-10004420,1,480.0,1,4
TEC-AC-10004429,6,837.0,6,17
TEC-AC-10004434,7,454.0,7,23
TEC-AC-10004451,7,680.0,7,27
TEC-AC-10004469,10,1576.0,10,42
TEC-AC-10004478,2,578.0,2,11
TEC-AC-10004487,3,979.441,3,19
TEC-AC-10004508,5,885.0,5,16
TEC-AC-10004510,12,777.0,12,50
TEC-AC-10004518,2,280.0,2,14
TEC-AC-10004520,5,558.0,5,19
TEC-AC-10004539,3,200.0,3,11
TEC-AC-10004556,3,1275.0,3,11
TEC-AC-10004557,5,559.0,5,19
TEC-AC-10004562,5,992.0,5,24
TEC-AC-10004566,7,919.0,7,31
TEC-AC-10004568,8,1087.0,8,41
TEC-AC-10004571,12,3511.244,12,35
TEC-AC-10004586,3,609.0,3,15
TEC-AC-10004591,5,1716.0,5,18
TEC-AC-10004595,2,571.0,2,4
TEC-AC-10004604,1,46.0,1,2
TEC-AC-10004620,7,646.0,7,27
TEC-AC-10004626,9,3592.026,9,29
TEC-AC-10004633,6,185.0,6,30
TEC-AC-10004652,10,818.0,10,28
TEC-AC-10004659,6,1928.0,5,32
TEC-AC-10004666,2,828.929,2,10
TEC-AC-10004679,6,865.0,6,23
TEC-AC-10004683,1,36.0,1,2
TEC-AC-10004696,1,37.0,1,2
TEC-AC-10004704,13,2246.0,13,51
TEC-AC-10004708,4,252.0,4,12
TEC-AC-10004709,7,829.0,7,29
TEC-AC-10004713,4,217.0,4,15
TEC-AC-10004715,1,21.0,1,3
TEC-AC-10004743,8,5115.0,8,32
TEC-AC-10004752,3,397.0,3,9
TEC-AC-10004753,3,1073.0,3,14
TEC-AC-10004761,4,264.0,4,17
TEC-AC-10004773,4,276.0,4,13
TEC-AC-10004791,2,403.0,2,5
TEC-AC-10004801,3,140.0,3,8
TEC-AC-10004803,3,251.0,3,18
TEC-AC-10004808,5,2905.708,5,19
TEC-AC-10004811,2,148.0,2,5
TEC-AC-10004812,1,19.0,1,2
TEC-AC-10004813,6,2030.0,6,29
TEC-AC-10004814,1,171.0,1,3
TEC-AC-10004848,6,2177.0,6,23
TEC-AC-10004849,4,1807.547,4,13
TEC-AC-10004853,8,1833.0,8,29
TEC-AC-10004855,4,462.0,4,16
TEC-AC-10004859,4,374.0,4,24
TEC-AC-10004864,5,380.0,5,12
TEC-AC-10004877,5,156.0,5,23
TEC-AC-10004880,5,1258.0,4,18
TEC-AC-10004883,9,1989.0,9,25
TEC-AC-10004897,3,814.0,3,13
TEC-AC-10004901,4,550.0,4,13
TEC-AC-10004904,1,76.0,1,2
TEC-AC-10004938,10,2053.044,10,52
TEC-AC-10004939,4,290.0,4,17
TEC-AC-10004951,6,333.0,6,22
TEC-AC-10004975,13,2180.1,13,54
TEC-AC-10004992,2,202.0,2,6
TEC-AC-10004997,5,1883.0,5,17
TEC-APP-10000135,3,195.0,3,3
TEC-APP-10000308,9,2298.652,9,21
TEC-APP-10000530,1,50.0,1,1
TEC-APP-10001108,4,682.0,4,10
TEC-APP-10001340,5,748.0,5,12
TEC-APP-10001389,8,1887.0,8,12
TEC-APP-10001586,8,1767.208,8,41
TEC-APP-10001732,3,228.0,3,3
TEC-APP-10001851,5,307.0,5,6
TEC-APP-10001965,5,1179.0,5,19
TEC-APP-10002310,4,450.0,4,8
TEC-APP-10002321,5,1242.0,5,17
TEC-APP-10002829,4,1008.0,4,6
TEC-APP-10002966,6,1287.4750000000001,6,20
TEC-APP-10003032,4,1698.0,4,10
TEC-APP-10003588,2,56.093,2,9
TEC-APP-10004049,7,908.0,7,11
TEC-APP-10004296,3,399.0,3,5
TEC-APP-10004464,4,602.0,4,5
TEC-APP-10004469,3,461.0,3,4
TEC-APP-10004584,5,626.0,5,20
TEC-APP-10004657,4,1274.546,4,6
TEC-APP-10004912,7,1454.0,7,16
TEC-BEL-10000485,5,637.0,5,11
TEC-BEL-10000681,6,574.0,6,14
TEC-BEL-10000696,4,152.0,4,5
TEC-BEL-10001189,2,360.0,2,2
TEC-BEL-10001391,3,223.0,3,4
TEC-BEL-10001689,1,260.0,1,1
TEC-BEL-10001971,5,522.0,5,13
TEC-BEL-10002106,5,1057.0,5,12
TEC-BEL-10002153,1,13.0,1,1
TEC-BEL-10002178,2,217.0,2,5
TEC-BEL-10002207,4,725.0,4,7
TEC-BEL-10002324,5,873.0,5,16
TEC-BEL-10002476,4,778.0350000000001,4,7
TEC-BEL-10002516,4,257.0,4,7
TEC-BEL-10002678,5,710.0,5,12
TEC-BEL-10003177,9,1881.0,9,29
TEC-BEL-10003311,2,218.0,2,4
TEC-BEL-10003875,4,1140.0,4,11
TEC-BEL-10003896,7,648.0,7,18
TEC-BEL-10003985,10,3136.554,10,25
TEC-BEL-10004162,2,319.0,2,8
TEC-BEL-10004386,3,371.0,3,7
TEC-BEL-10004950,6,1137.0,6,21
TEC-BRO-10000348,2,787.0,2,3
TEC-BRO-10000374,4,884.768,4,18
TEC-BRO-10000381,3,497.0,3,5
TEC-BRO-10000463,7,2215.582,7,15
TEC-BRO-10000663,4,1003.0,4,7
TEC-BRO-10000773,3,536.0,3,5
TEC-BRO-10000917,3,1590.0,3,5
TEC-BRO-10001293,3,429.0,3,3
TEC-BRO-10001568,3,1513.0,2,4
TEC-BRO-10001852,1,76.0,1,1
TEC-BRO-10001938,3,905.0,3,3
TEC-BRO-10002103,4,596.487,4,14
TEC-BRO-10002345,3,1029.0,3,7
TEC-BRO-10002579,1,105.0,1,1
TEC-BRO-10003380,4,1145.0,4,5
TEC-BRO-10003401,4,589.0,4,5
TEC-BRO-10003555,5,816.0,5,7
TEC-BRO-10003876,3,1593.0,3,5
TEC-BRO-10003986,7,1673.0,7,13
TEC-BRO-10004178,3,759.515,3,6
TEC-BRO-10004184,1,913.0,1,6
TEC-BRO-10004328,5,1376.0,5,5
TEC-BRO-10004802,5,1586.167,5,15
TEC-CAN-10000030,2,287.0,2,3
TEC-CAN-10000932,3,577.279,3,10
TEC-CAN-10001256,1,151.0,1,1
TEC-CAN-10001376,1,190.0,1,1
TEC-CAN-10001378,3,424.128,3,11
TEC-CAN-10001437,6,1296.33,6,26
TEC-CAN-10001571,1,571.0,1,4
TEC-CAN-10001789,3,446.0,3,3
TEC-CAN-10001853,4,955.699,4,21
TEC-CAN-10001981,3,581.0,3,4
TEC-CAN-10002337,2,298.0,2,2
TEC-CAN-10002363,5,1337.272,5,11
TEC-CAN-10002802,2,227.0,2,3
TEC-CAN-10002843,5,1454.0,5,13
TEC-CAN-10002879,6,1926.0,6,10
TEC-CAN-10003392,3,793.109,3,11
TEC-CAN-10004166,4,864.0,4,6
TEC-CAN-10004214,3,772.0,3,4
TEC-CAN-10004291,5,2650.513,5,11
TEC-CAN-10004354,5,1383.0,5,10
TEC-CAN-10004556,3,1052.0,3,9
TEC-CAN-10004697,3,649.0,3,4
TEC-CAN-10004839,3,344.281,3,9
TEC-CAN-10004913,4,630.573,4,9
TEC-CIS-10000351,2,464.0,2,3
TEC-CIS-10000436,7,1980.0,7,15
TEC-CIS-10000758,4,1961.6109999999999,4,7
TEC-CIS-10000791,4,698.467,4,13
TEC-CIS-10001122,7,1124.0,7,10
TEC-CIS-10001661,4,1307.0,4,10
TEC-CIS-10001717,5,1508.187,5,11
TEC-CIS-10001767,3,359.0,3,5
TEC-CIS-10001877,7,851.0,7,13
TEC-CIS-10001938,5,657.457,5,13
TEC-CIS-10002153,5,1110.0,5,6
TEC-CIS-10002259,11,2419.858,11,33
TEC-CIS-10002344,8,860.332,8,24
TEC-CIS-10002544,2,808.0,2,9
TEC-CIS-10002565,5,658.0,5,6
TEC-CIS-10002598,7,1529.0,7,9
TEC-CIS-10002814,3,246.0,3,7
TEC-CIS-10002986,3,847.0,3,6
TEC-CIS-10003017,7,2703.0,7,24
TEC-CIS-10003103,7,830.0,7,21
TEC-CIS-10003439,6,1417.0,6,16
TEC-CIS-10003501,4,582.531,4,15
TEC-CIS-10003676,9,1591.0,9,18
TEC-CIS-10004967,3,353.0,3,5
TEC-CO-10000011,5,1836.0,5,16
TEC-CO-10000013,8,3559.327,8,39
TEC-CO-10000043,4,1738.0,4,9
TEC-CO-10000051,3,1190.902,3,13
TEC-CO-10000070,5,1320.624,5,17
TEC-CO-10000082,4,1253.473,4,21
TEC-CO-10000119,2,874.0,2,3
TEC-CO-10000129,6,1575.158,6,15
TEC-CO-10000135,4,1671.623,4,18
TEC-CO-10000137,9,2029.838,9,42
TEC-CO-10000172,4,1837.0,4,16
TEC-CO-10000178,5,2720.0,5,23
TEC-CO-10000208,4,5.788,4,16
TEC-CO-10000222,5,2014.0,5,19
TEC-CO-10000228,3,1458.0,3,11
TEC-CO-10000243,1,229.0,1,2
TEC-CO-10000259,2,1194.0,2,9
TEC-CO-10000262,5,1802.0,5,20
TEC-CO-10000263,3,641.63,3,9
TEC-CO-10000266,7,2945.228,7,28
TEC-CO-10000269,7,2692.0,7,22
TEC-CO-10000270,4,2070.004,4,14
TEC-CO-10000279,1,427.0,1,3
TEC-CO-10000296,6,2616.0,6,21
TEC-CO-10000338,5,2149.0,5,12
TEC-CO-10000344,4,941.22,4,14
TEC-CO-10000372,6,1510.0,6,16
TEC-CO-10000387,3,982.0,3,7
TEC-CO-10000388,6,1066.128,6,18
TEC-CO-10000395,4,2130.064,4,16
TEC-CO-10000405,7,4135.081,7,17
TEC-CO-10000407,2,207.209,2,6
TEC-CO-10000415,2,1487.0,2,10
TEC-CO-10000422,5,1175.0,5,15
TEC-CO-10000427,5,2408.0,5,11
TEC-CO-10000447,6,769.769,6,31
TEC-CO-10000452,5,2604.584,5,19
TEC-CO-10000500,5,2672.0,5,15
TEC-CO-10000534,5,2178.122,5,24
TEC-CO-10000556,5,1335.747,5,19
TEC-CO-10000560,6,871.2180000000001,6,23
TEC-CO-10000562,5,1624.462,5,19
TEC-CO-10000565,3,1022.0,3,6
TEC-CO-10000594,4,1490.157,4,14
TEC-CO-10000601,2,1061.0,2,12
TEC-CO-10000620,8,4863.892,8,20
TEC-CO-10000660,12,4396.426,12,40
TEC-CO-10000663,4,898.92,4,20
TEC-CO-10000666,6,3636.161,6,26
TEC-CO-10000679,10,4479.282,10,41
TEC-CO-10000764,4,1921.152,4,14
TEC-CO-10000771,4,1010.216,4,16
TEC-CO-10000775,3,1392.003,3,16
TEC-CO-10000777,1,429.0,1,3
TEC-CO-10000778,9,3126.0,9,19
TEC-CO-10000786,5,2768.0,5,10
TEC-CO-10000791,8,2347.32,8,35
TEC-CO-10000794,6,1520.095,6,28
TEC-CO-10000821,3,1213.0,3,9
TEC-CO-10000825,4,2001.0,4,15
TEC-CO-10000847,2,1027.0,2,8
TEC-CO-10000854,3,579.596,3,22
TEC-CO-10000865,5,1227.385,5,24
TEC-CO-10000887,4,2000.0,4,12
TEC-CO-10000915,5,1426.0,5,15
TEC-CO-10000917,8,3455.0,8,22
TEC-CO-10000953,4,2667.081,4,11
TEC-CO-10000956,9,4165.0,9,29
TEC-CO-10000961,1,280.0,1,4
TEC-CO-10000967,5,1952.4,5,16
TEC-CO-10000971,6,2701.5,6,16
TEC-CO-10000972,5,2072.0190000000002,5,25
TEC-CO-10001001,3,1235.395,3,18
TEC-CO-10001008,6,1726.018,6,30
TEC-CO-10001037,9,2559.0,8,27
TEC-CO-10001040,4,874.0,4,10
TEC-CO-10001042,5,1731.0,5,16
TEC-CO-10001046,5,1407.56,5,16
TEC-CO-10001087,3,1386.0,3,14
TEC-CO-10001093,1,247.0,1,3
TEC-CO-10001142,1,441.0,1,3
TEC-CO-10001145,3,812.0,3,6
TEC-CO-10001157,6,1791.1019999999999,6,27
TEC-CO-10001162,6,3378.893,6,15
TEC-CO-10001166,6,2210.0,6,19
TEC-CO-10001177,6,1994.0,6,19
TEC-CO-10001191,3,907.604,3,16
TEC-CO-10001192,6,2245.115,6,29
TEC-CO-10001196,1,768.0,1,4
TEC-CO-10001204,6,3497.927,6,23
TEC-CO-10001221,7,2903.0,7,25
TEC-CO-10001222,5,996.371,5,17
TEC-CO-10001234,8,2921.751,8,28
TEC-CO-10001264,5,2076.0,5,21
TEC-CO-10001271,1,64.0,1,2
TEC-CO-10001275,1,890.0,1,7
TEC-CO-10001301,1,287.0,1,2
TEC-CO-10001309,8,4604.771,8,28
TEC-CO-10001317,1,354.0,1,2
TEC-CO-10001342,4,977.272,4,19
TEC-CO-10001343,1,636.0,1,2
TEC-CO-10001352,4,1136.0,4,10
TEC-CO-10001371,3,515.0,3,5
TEC-CO-10001375,5,1651.165,5,19
TEC-CO-10001382,4,1839.0,4,15
TEC-CO-10001391,3,630.0,3,6
TEC-CO-10001407,7,3041.0,7,22
TEC-CO-10001410,10,4295.0,10,33
TEC-CO-10001413,4,1138.028,4,11
TEC-CO-10001419,5,1858.0700000000002,5,21
TEC-CO-10001425,2,698.0,2,6
TEC-CO-10001445,2,283.129,2,10
TEC-CO-10001449,8,1936.92,8,38
TEC-CO-10001450,3,562.0,3,10
TEC-CO-10001468,7,2753.27,7,21
TEC-CO-10001472,5,2503.195,5,18
TEC-CO-10001482,3,1349.0,3,11
TEC-CO-10001487,3,1101.0,3,8
TEC-CO-10001501,4,1130.068,4,12
TEC-CO-10001523,2,1195.0,2,7
TEC-CO-10001531,2,573.0,2,4
TEC-CO-10001560,2,300.0,2,3
TEC-CO-10001567,6,3497.0,6,15
TEC-CO-10001571,7,4400.0,7,10
TEC-CO-10001580,6,1623.0,6,19
TEC-CO-10001589,4,761.0319999999999,4,15
TEC-CO-10001595,7,3086.0,7,18
TEC-CO-10001596,5,1410.898,5,15
TEC-CO-10001626,6,1637.887,6,20
TEC-CO-10001628,10,5090.0,9,45
TEC-CO-10001629,1,241.0,1,2
TEC-CO-10001630,4,1461.0,4,11
TEC-CO-10001633,8,3605.775,8,32
TEC-CO-10001654,6,2268.221,6,27
TEC-CO-10001674,5,829.0,5,9
TEC-CO-10001678,3,1592.591,3,10
TEC-CO-10001703,8,5116.0,8,25
TEC-CO-10001725,2,967.0,2,10
TEC-CO-10001726,5,2331.0,5,16
TEC-CO-10001741,1,521.0,1,2
TEC-CO-10001742,5,2370.0,5,17
TEC-CO-10001756,9,1669.0,9,19
TEC-CO-10001766,7,1819.101,7,29
TEC-CO-10001775,6,1820.848,6,22
TEC-CO-10001787,4,1324.383,4,16
TEC-CO-10001795,3,1477.0,3,14
TEC-CO-10001818,13,4346.205,13,56
TEC-CO-10001824,4,648.0,4,8
TEC-CO-10001831,3,905.0,3,6
TEC-CO-10001839,4,1150.507,4,20
TEC-CO-10001846,2,1113.0,2,8
TEC-CO-10001864,1,524.0,1,6
TEC-CO-10001869,1,379.0,1,2
TEC-CO-10001893,7,3607.0,7,18
TEC-CO-10001894,6,2454.221,6,18
TEC-CO-10001895,4,1346.2069999999999,4,23
TEC-CO-10001919,3,1705.703,3,16
TEC-CO-10001926,4,1335.3229999999999,4,19
TEC-CO-10001933,8,3849.19,8,29
TEC-CO-10001937,2,504.0,2,4
TEC-CO-10001943,6,2521.6,6,25
TEC-CO-10001952,1,648.0,1,5
TEC-CO-10001954,5,1289.341,5,21
TEC-CO-10001968,7,1329.0,7,20
TEC-CO-10001978,3,1399.0,3,11
TEC-CO-10002009,7,3060.003,7,21
TEC-CO-10002035,7,2465.802,7,30
TEC-CO-10002040,8,1507.943,8,32
TEC-CO-10002043,1,1.892,1,5
TEC-CO-10002055,3,1224.0,3,9
TEC-CO-10002057,6,3695.0,6,17
TEC-CO-10002062,3,1026.0,3,12
TEC-CO-10002063,6,3755.0,6,19
TEC-CO-10002065,5,1964.0,5,15
TEC-CO-10002083,2,291.0,2,3
TEC-CO-10002089,5,1235.0,5,15
TEC-CO-10002095,7,1707.2,7,21
TEC-CO-10002108,4,2159.0,4,24
TEC-CO-10002110,7,2361.0,7,27
TEC-CO-10002113,7,1974.172,7,33
TEC-CO-10002119,5,3067.922,5,18
TEC-CO-10002122,1,1.917,1,6
TEC-CO-10002150,6,3056.0,6,17
TEC-CO-10002157,3,1816.894,3,13
TEC-CO-10002174,7,2437.32,7,30
TEC-CO-10002197,4,2245.0,4,14
TEC-CO-10002201,4,871.0,4,12
TEC-CO-10002232,5,974.188,5,30
TEC-CO-10002240,4,2083.0,4,8
TEC-CO-10002242,7,3166.543,7,25
TEC-CO-10002244,6,2271.0,6,22
TEC-CO-10002269,5,1978.487,5,25
TEC-CO-10002271,5,2793.18,5,23
TEC-CO-10002283,5,2728.641,5,19
TEC-CO-10002284,8,3329.651,8,26
TEC-CO-10002313,4,605.4,4,11
TEC-CO-10002316,5,2329.415,5,31
TEC-CO-10002323,1,781.0,1,6
TEC-CO-10002326,3,1055.0,3,5
TEC-CO-10002350,5,572.368,5,18
TEC-CO-10002376,8,4672.503,8,29
TEC-CO-10002379,3,788.298,3,17
TEC-CO-10002380,5,1536.516,5,17
TEC-CO-10002381,5,1708.0,5,19
TEC-CO-10002404,3,1605.0,3,8
TEC-CO-10002423,5,2679.0,5,28
TEC-CO-10002427,7,2232.221,7,23
TEC-CO-10002434,4,1630.0,4,14
TEC-CO-10002465,1,968.0,1,4
TEC-CO-10002466,3,2081.0,3,17
TEC-CO-10002467,1,64.0,1,2
TEC-CO-10002493,4,1843.0,4,19
TEC-CO-10002504,4,1359.0,4,8
TEC-CO-10002523,4,1709.0,4,19
TEC-CO-10002526,6,232.88899999999998,6,26
TEC-CO-10002538,1,232.0,1,2
TEC-CO-10002550,2,688.0,2,6
TEC-CO-10002567,1,154.0,1,3
TEC-CO-10002571,4,1244.0,4,13
TEC-CO-10002578,4,527.553,4,18
TEC-CO-10002583,4,2699.0,4,14
TEC-CO-10002586,6,2097.0,6,28
TEC-CO-10002587,7,3567.0,7,26
TEC-CO-10002601,8,1570.899,8,33
TEC-CO-10002617,7,1478.848,7,30
TEC-CO-10002657,6,2321.0389999999998,6,20
TEC-CO-10002658,6,2813.0,6,21
TEC-CO-10002659,3,762.159,3,17
TEC-CO-10002663,1,2.847,1,8
TEC-CO-10002673,4,2153.0,4,12
TEC-CO-10002674,8,3330.501,8,33
TEC-CO-10002678,1,1.508,1,4
TEC-CO-10002681,1,297.0,1,4
TEC-CO-10002686,3,1952.0,3,7
TEC-CO-10002696,1,583.0,1,4
TEC-CO-10002697,4,919.149,4,10
TEC-CO-10002700,6,2048.0,6,18
TEC-CO-10002759,10,2849.0,10,21
TEC-CO-10002768,5,1957.173,5,16
TEC-CO-10002769,6,3101.498,6,16
TEC-CO-10002788,2,757.0,2,6
TEC-CO-10002796,3,383.193,3,15
TEC-CO-10002812,1,357.0,1,4
TEC-CO-10002817,3,908.0,3,6
TEC-CO-10002857,6,1889.202,6,29
TEC-CO-10002872,2,891.0,2,6
TEC-CO-10002911,4,2284.448,4,19
TEC-CO-10002916,3,1359.0,3,10
TEC-CO-10002937,6,1687.0,6,14
TEC-CO-10002962,8,1328.753,8,22
TEC-CO-10002981,2,897.075,2,8
TEC-CO-10002998,6,1822.0,6,22
TEC-CO-10003002,8,3125.0,8,33
TEC-CO-10003007,4,750.0,4,7
TEC-CO-10003017,3,1195.0,3,12
TEC-CO-10003019,2,3.8009999999999997,2,12
TEC-CO-10003048,4,1727.5230000000001,4,14
TEC-CO-10003083,2,2.684,2,9
TEC-CO-10003087,1,3.408,1,9
TEC-CO-10003102,7,1324.232,7,34
TEC-CO-10003113,3,645.442,2,10
TEC-CO-10003124,4,2060.0,4,14
TEC-CO-10003135,5,2344.0,5,21
TEC-CO-10003142,9,2209.567,9,40
TEC-CO-10003158,5,2416.605,5,24
TEC-CO-10003160,10,3880.7799999999997,10,38
TEC-CO-10003166,1,384.0,1,2
TEC-CO-10003204,3,910.0,3,8
TEC-CO-10003212,6,3244.135,6,27
TEC-CO-10003217,1,757.0,1,2
TEC-CO-10003226,1,637.0,1,2
TEC-CO-10003228,4,978.423,4,17
TEC-CO-10003236,2,963.0,2,7
TEC-CO-10003250,5,2269.0,5,19
TEC-CO-10003262,6,2972.3959999999997,6,26
TEC-CO-10003268,3,968.0,3,6
TEC-CO-10003298,4,1409.4180000000001,4,13
TEC-CO-10003307,2,579.348,2,10
TEC-CO-10003318,4,1717.0,4,19
TEC-CO-10003342,8,1903.526,7,40
TEC-CO-10003346,5,2520.014,5,18
TEC-CO-10003349,2,636.0,2,4
TEC-CO-10003353,5,1802.0,5,19
TEC-CO-10003354,5,1056.287,5,22
TEC-CO-10003362,4,1352.0,4,12
TEC-CO-10003370,7,2060.0,7,27
TEC-CO-10003393,5,2500.0,5,27
TEC-CO-10003406,1,692.0,1,4
TEC-CO-10003410,3,1659.0,3,12
TEC-CO-10003420,2,472.649,2,9
TEC-CO-10003448,10,2715.352,10,38
TEC-CO-10003471,2,1166.0,2,6
TEC-CO-10003474,5,1961.0,5,16
TEC-CO-10003496,3,760.595,3,12
TEC-CO-10003506,6,906.096,6,24
TEC-CO-10003516,5,2146.0,5,19
TEC-CO-10003522,4,1260.0,4,15
TEC-CO-10003523,3,322.78999999999996,3,9
TEC-CO-10003525,4,1064.0,4,11
TEC-CO-10003534,4,433.553,4,12
TEC-CO-10003541,6,2673.0,6,19
TEC-CO-10003561,4,1711.1399999999999,4,16
TEC-CO-10003568,1,130.0,1,2
TEC-CO-10003570,5,2056.0879999999997,5,16
TEC-CO-10003574,6,2208.0,6,17
TEC-CO-10003587,2,923.0,2,8
TEC-CO-10003589,4,2023.1979999999999,4,12
TEC-CO-10003597,1,525.0,1,2
TEC-CO-10003608,2,641.279,2,10
TEC-CO-10003622,2,743.0,2,9
TEC-CO-10003633,1,176.0,1,3
TEC-CO-10003655,5,1714.518,5,18
TEC-CO-10003678,9,2693.0,9,35
TEC-CO-10003682,4,1175.116,4,20
TEC-CO-10003694,8,2988.491,8,28
TEC-CO-10003702,5,1702.0,5,14
TEC-CO-10003759,5,2691.274,5,13
TEC-CO-10003763,4,11.620000000000001,4,19
TEC-CO-10003777,6,3744.3,6,29
TEC-CO-10003784,4,2197.397,4,18
TEC-CO-10003800,6,961.384,6,27
TEC-CO-10003807,4,1380.0,4,12
TEC-CO-10003813,1,302.0,1,4
TEC-CO-10003819,6,3400.781,6,24
TEC-CO-10003901,6,3089.693,6,20
TEC-CO-10003917,3,1149.415,3,23
TEC-CO-10003924,4,2372.0,4,9
TEC-CO-10003931,12,5460.116,12,40
TEC-CO-10003951,7,2233.68,7,21
TEC-CO-10003964,6,2739.053,6,18
TEC-CO-10003965,4,1842.0,4,14
TEC-CO-10003982,10,3688.0,10,33
TEC-CO-10003992,6,2542.0,6,20
TEC-CO-10004005,6,2798.2110000000002,6,22
TEC-CO-10004027,5,1990.674,5,17
TEC-CO-10004034,5,1822.152,5,16
TEC-CO-10004042,7,2051.303,7,21
TEC-CO-10004045,1,441.0,1,3
TEC-CO-10004078,7,1734.495,7,34
TEC-CO-10004081,2,537.0,2,9
TEC-CO-10004089,3,1208.097,3,14
TEC-CO-10004099,3,4.282,3,16
TEC-CO-10004115,4,6.4,4,17
TEC-CO-10004125,6,2073.0,6,22
TEC-CO-10004128,6,1541.027,6,24
TEC-CO-10004138,1,249.0,1,2
TEC-CO-10004143,3,869.0,3,8
TEC-CO-10004147,5,1378.243,5,26
TEC-CO-10004152,7,1577.0,7,20
TEC-CO-10004154,10,5435.178,10,32
TEC-CO-10004169,5,2271.0,5,18
TEC-CO-10004170,7,2350.688,7,19
TEC-CO-10004171,6,2464.0,6,22
TEC-CO-10004182,2,1292.0,2,5
TEC-CO-10004185,3,393.0,3,5
TEC-CO-10004191,1,137.0,1,4
TEC-CO-10004202,7,3661.2,7,19
TEC-CO-10004234,3,849.483,3,11
TEC-CO-10004252,3,1497.0,3,12
TEC-CO-10004263,4,1566.0,4,12
TEC-CO-10004267,5,1501.031,5,19
TEC-CO-10004306,2,611.0,2,5
TEC-CO-10004325,3,1569.0,3,11
TEC-CO-10004343,1,868.0,1,4
TEC-CO-10004365,3,727.702,3,15
TEC-CO-10004367,3,1511.762,3,13
TEC-CO-10004377,1,950.0,1,3
TEC-CO-10004394,1,757.0,1,2
TEC-CO-10004398,6,1769.213,6,18
TEC-CO-10004404,3,475.934,3,17
TEC-CO-10004406,1,627.0,1,8
TEC-CO-10004409,1,253.0,1,5
TEC-CO-10004468,3,1045.0,3,6
TEC-CO-10004481,5,1130.0,5,11
TEC-CO-10004507,6,2667.0,6,17
TEC-CO-10004521,9,2397.0,9,31
TEC-CO-10004535,6,1551.567,6,23
TEC-CO-10004558,4,1352.0,4,15
TEC-CO-10004563,6,2134.942,6,25
TEC-CO-10004567,6,1782.08,6,25
TEC-CO-10004570,3,1018.0,3,15
TEC-CO-10004589,6,2056.006,6,17
TEC-CO-10004605,3,1119.716,3,12
TEC-CO-10004649,1,139.0,1,2
TEC-CO-10004662,6,3054.285,6,15
TEC-CO-10004664,2,125.166,2,9
TEC-CO-10004689,4,1932.0,4,13
TEC-CO-10004690,4,1054.437,4,12
TEC-CO-10004701,4,1562.115,4,19
TEC-CO-10004722,5,61.599999999999994,5,20
TEC-CO-10004756,2,1564.0,2,6
TEC-CO-10004813,1,890.0,1,6
TEC-CO-10004831,8,4746.0,8,30
TEC-CO-10004897,5,1430.644,5,15
TEC-CO-10004901,3,989.0,3,9
TEC-CO-10004904,2,1335.0,2,10
TEC-CO-10004928,1,207.0,1,3
TEC-CO-10004929,5,1083.0,5,9
TEC-CO-10004961,3,1447.447,3,8
TEC-CO-10004976,2,874.0,2,7
TEC-CO-10004981,11,2617.344,11,33
TEC-CO-10004985,2,351.0,2,5
TEC-CO-10004997,8,1154.465,8,29
TEC-CO-10004998,8,3778.2200000000003,8,38
TEC-ENE-10000154,4,1034.55,4,10
TEC-ENE-10000235,2,836.0,2,20
TEC-ENE-10000690,4,544.0,4,10
TEC-ENE-10000817,6,1014.0,6,25
TEC-ENE-10000895,8,313.0,7,9
TEC-ENE-10000995,5,940.0,5,10
TEC-ENE-10001355,3,220.0,3,4
TEC-ENE-10001466,4,560.0,4,5
TEC-ENE-10001541,2,776.0,2,3
TEC-ENE-10002254,6,620.0,5,8
TEC-ENE-10002686,6,824.0,6,14
TEC-ENE-10002744,1,230.0,1,4
TEC-ENE-10003090,2,162.0,2,2
TEC-ENE-10003125,6,413.0,6,11
TEC-ENE-10003801,5,526.0,5,14
TEC-ENE-10003873,3,631.0,3,11
TEC-ENE-10004052,1,157.0,1,4
TEC-ENE-10004192,5,475.0,5,7
TEC-ENE-10004236,2,54.0,2,2
TEC-ENE-10004509,2,520.0,2,2
TEC-ENE-10004520,2,343.0,2,9
TEC-ENE-10004627,5,1281.537,5,11
TEC-ENE-10004728,5,325.0,5,6
TEC-ENE-10005000,5,583.0,5,7
TEC-EPS-10000053,1,1.142,1,10
TEC-EPS-10000689,5,460.02,5,10
TEC-EPS-10000774,3,859.0,3,11
TEC-EPS-10001129,3,428.221,3,6
TEC-EPS-10001323,7,223.0,7,9
TEC-EPS-10001341,2,224.0,2,5
TEC-EPS-10001473,1,19.0,1,1
TEC-EPS-10001644,6,932.0,6,16
TEC-EPS-10001651,3,746.0,3,10
TEC-EPS-10002212,6,737.0,6,12
TEC-EPS-10002523,3,573.0,3,6
TEC-EPS-10002711,2,835.0,2,5
TEC-EPS-10002920,1,260.0,1,1
TEC-EPS-10002958,2,398.0,2,9
TEC-EPS-10003277,4,965.0,4,5
TEC-EPS-10003473,5,1523.0,4,20
TEC-EPS-10003568,4,702.0,4,6
TEC-EPS-10003962,7,2329.0,7,18
TEC-EPS-10004111,4,1079.0,4,7
TEC-EPS-10004171,5,367.0,5,21
TEC-EPS-10004328,4,606.051,4,7
TEC-EPS-10004558,6,1322.6799999999998,6,17
TEC-EPS-10004965,1,1.849,1,6
TEC-HEW-10000365,6,1948.0,6,8
TEC-HEW-10000839,4,1070.0,4,4
TEC-HEW-10000930,6,1081.0,6,15
TEC-HEW-10001056,1,147.0,1,1
TEC-HEW-10001074,6,1705.57,6,14
TEC-HEW-10001558,3,341.0,3,3
TEC-HEW-10001710,3,1086.0,3,8
TEC-HEW-10001908,2,309.0,2,3
TEC-HEW-10002302,1,1.571,1,6
TEC-HEW-10002304,2,319.909,2,7
TEC-HEW-10002435,3,964.0,3,11
TEC-HEW-10002501,3,832.0,3,6
TEC-HEW-10003260,2,770.0,2,4
TEC-HEW-10003460,3,779.554,3,12
TEC-HEW-10003531,2,266.109,2,9
TEC-HEW-10003695,4,915.038,4,11
TEC-HEW-10003829,7,1517.298,7,18
TEC-HEW-10004172,2,494.0,2,2
TEC-HEW-10004522,6,1326.0,6,12
TEC-HEW-10004652,4,1487.0,4,11
TEC-HEW-10004690,4,2674.0,4,14
TEC-HEW-10004833,5,1560.0,5,11
TEC-HEW-10004937,3,768.0,3,3
TEC-HP -10000081,4,794.0,4,8
TEC-HP -10000464,4,940.0,4,9
TEC-HP -10001115,1,257.0,1,2
TEC-HP -10001426,4,930.0,4,8
TEC-HP -10001574,3,243.0,3,12
TEC-HP -10001577,3,827.0,3,4
TEC-HP -10001905,4,471.0,4,5
TEC-HP -10002095,5,1078.0,5,5
TEC-HP -10002221,5,635.0,5,5
TEC-HP -10002307,2,346.0,2,2
TEC-HP -10002603,4,1462.0,4,6
TEC-HP -10003248,6,1818.0,6,8
TEC-HP -10003345,4,1267.027,4,19
TEC-HP -10003559,1,360.0,1,1
TEC-HP -10003618,5,1201.396,5,12
TEC-HP -10003894,5,1945.441,5,10
TEC-HP -10004012,3,1042.0,3,9
TEC-HP -10004082,2,242.0,2,2
TEC-HP -10004149,5,2735.0,5,12
TEC-HP -10004451,2,283.0,2,5
TEC-HP -10004590,5,1596.0,5,6
TEC-HP -10004801,5,1224.0,5,10
TEC-HP -10004971,1,217.0,1,2
TEC-KON-10000005,4,380.0,4,10
TEC-KON-10000091,3,167.0,3,4
TEC-KON-10000302,4,524.0,4,7
TEC-KON-10000562,5,1620.0,5,23
TEC-KON-10000837,3,376.072,3,6
TEC-KON-10001017,3,483.0,3,4
TEC-KON-10001388,5,1298.0,5,7
TEC-KON-10001507,5,1666.0,5,20
TEC-KON-10001519,2,150.0,2,3
TEC-KON-10001624,7,1346.0,7,11
TEC-KON-10002034,8,2323.0,8,19
TEC-KON-10002050,1,536.0,1,2
TEC-KON-10002052,4,721.254,4,7
TEC-KON-10002194,4,613.065,4,7
TEC-KON-10002309,2,721.0,2,3
TEC-KON-10002482,6,492.0,6,9
TEC-KON-10003077,2,104.0,2,2
TEC-KON-10003116,4,574.0,4,10
TEC-KON-10003211,3,1553.0,3,5
TEC-KON-10003726,4,473.0,4,4
TEC-KON-10004519,3,517.0,3,6
TEC-KON-10004735,2,1111.0,2,10
TEC-KON-10004774,5,1655.247,5,10
TEC-LOG-10000368,3,288.0,3,9
TEC-LOG-10000546,4,204.0,4,7
TEC-LOG-10001123,2,248.0,2,6
TEC-LOG-10001137,3,289.0,3,4
TEC-LOG-10001434,2,203.0,2,4
TEC-LOG-10001482,3,232.0,3,4
TEC-LOG-10001629,3,185.0,3,6
TEC-LOG-10001750,3,176.0,3,6
TEC-LOG-10001871,3,941.0,3,5
TEC-LOG-10002018,5,1052.012,5,21
TEC-LOG-10002218,3,307.0,3,9
TEC-LOG-10002262,3,116.0,3,5
TEC-LOG-10002431,4,296.0,4,7
TEC-LOG-10002589,5,1170.0,5,12
TEC-LOG-10003079,3,73.0,3,4
TEC-LOG-10003254,9,977.0,9,15
TEC-LOG-10003539,6,203.0,6,13
TEC-LOG-10003634,6,498.0,6,11
TEC-LOG-10003651,4,1742.0,4,7
TEC-LOG-10003896,4,981.471,4,10
TEC-LOG-10003995,6,405.0,6,14
TEC-LOG-10004405,4,1238.979,4,13
TEC-LOG-10004419,4,242.0,4,11
TEC-LOG-10004917,4,735.0,4,7
TEC-MA-10000002,7,1941.622,7,36
TEC-MA-10000003,2,652.0,2,8
TEC-MA-10000010,1,3.04,1,8
TEC-MA-10000029,2,280.0,2,4
TEC-MA-10000045,2,6.966,2,6
TEC-MA-10000087,1,96.0,1,3
TEC-MA-10000110,4,991.0,4,17
TEC-MA-10000112,1,2.396,1,10
TEC-MA-10000122,2,139.0,2,5
TEC-MA-10000124,2,232.273,2,13
TEC-MA-10000154,1,189.0,1,8
TEC-MA-10000161,9,2026.116,9,48
TEC-MA-10000170,2,647.0,2,8
TEC-MA-10000172,1,724.0,1,4
TEC-MA-10000199,1,747.0,1,4
TEC-MA-10000232,2,958.0,2,11
TEC-MA-10000240,2,838.0,2,4
TEC-MA-10000258,1,518.0,1,2
TEC-MA-10000261,5,778.0,5,22
TEC-MA-10000317,1,323.0,1,3
TEC-MA-10000327,6,1487.0,6,24
TEC-MA-10000331,8,3140.736,8,30
TEC-MA-10000334,3,1067.066,3,12
TEC-MA-10000345,3,863.0,3,12
TEC-MA-10000354,4,592.0,4,20
TEC-MA-10000366,1,111.0,1,1
TEC-MA-10000374,1,557.0,1,7
TEC-MA-10000379,1,104.0,1,2
TEC-MA-10000418,3,11.1,3,9
TEC-MA-10000423,3,205.0,3,12
TEC-MA-10000429,4,1381.523,4,24
TEC-MA-10000433,3,1841.533,3,11
TEC-MA-10000461,3,1711.0,3,8
TEC-MA-10000473,10,3286.0,10,40
TEC-MA-10000488,4,9.28,4,14
TEC-MA-10000555,4,2278.0,4,14
TEC-MA-10000559,3,569.0029999999999,3,10
TEC-MA-10000560,1,201.0,1,1
TEC-MA-10000572,2,766.0,2,6
TEC-MA-10000597,2,300.0,2,5
TEC-MA-10000605,4,2344.0,4,15
TEC-MA-10000606,8,2850.5370000000003,8,38
TEC-MA-10000684,2,162.0,2,4
TEC-MA-10000686,3,943.0,3,13
TEC-MA-10000687,6,664.0,6,16
TEC-MA-10000697,4,573.909,4,24
TEC-MA-10000711,1,89.0,1,4
TEC-MA-10000742,2,746.242,2,8
TEC-MA-10000752,2,42.0,2,8
TEC-MA-10000753,4,2066.0,4,9
TEC-MA-10000755,1,68.0,1,4
TEC-MA-10000765,2,812.0,2,11
TEC-MA-10000768,2,1064.0,2,7
TEC-MA-10000772,3,978.0,3,15
TEC-MA-10000776,2,314.0,2,6
TEC-MA-10000811,4,765.0,4,12
TEC-MA-10000822,4,16.83,4,18
TEC-MA-10000843,1,167.0,1,2
TEC-MA-10000858,1,530.0,1,2
TEC-MA-10000864,2,4.268,2,16
TEC-MA-10000868,2,598.0,2,9
TEC-MA-10000875,4,1728.508,4,17
TEC-MA-10000888,3,336.0,3,8
TEC-MA-10000904,1,342.0,1,3
TEC-MA-10000946,4,953.0,4,21
TEC-MA-10000964,1,148.0,1,3
TEC-MA-10000982,5,1649.764,5,24
TEC-MA-10000984,2,7.835000000000001,2,7
TEC-MA-10001009,4,1488.216,4,17
TEC-MA-10001015,3,1186.0,3,8
TEC-MA-10001016,2,576.0,2,6
TEC-MA-10001031,1,506.0,1,3
TEC-MA-10001047,2,14.3,2,11
TEC-MA-10001080,3,364.0,3,7
TEC-MA-10001098,2,343.196,2,9
TEC-MA-10001127,4,789.375,4,17
TEC-MA-10001128,1,194.0,1,2
TEC-MA-10001139,3,902.0,3,9
TEC-MA-10001142,4,2822.0,4,23
TEC-MA-10001148,5,1532.675,5,22
TEC-MA-10001187,2,244.0,2,7
TEC-MA-10001197,3,825.0,3,13
TEC-MA-10001210,5,881.0,5,18
TEC-MA-10001248,1,725.0,1,4
TEC-MA-10001259,1,897.0,1,3
TEC-MA-10001261,3,1341.687,3,12
TEC-MA-10001267,3,203.0,3,6
TEC-MA-10001279,2,503.0,2,10
TEC-MA-10001290,3,813.236,3,13
TEC-MA-10001296,2,62.0,2,2
TEC-MA-10001298,5,1360.0,5,14
TEC-MA-10001302,2,131.0,2,6
TEC-MA-10001305,3,871.0,3,11
TEC-MA-10001308,2,1153.0,2,6
TEC-MA-10001311,1,1.05,1,4
TEC-MA-10001330,2,414.0,2,4
TEC-MA-10001335,4,935.457,4,16
TEC-MA-10001358,2,582.0,2,9
TEC-MA-10001360,1,403.0,1,4
TEC-MA-10001372,4,989.0,4,6
TEC-MA-10001403,1,130.0,1,4
TEC-MA-10001411,1,19.0,1,2
TEC-MA-10001447,2,167.0,2,3
TEC-MA-10001475,3,1016.0,3,10
TEC-MA-10001494,4,1720.063,4,11
TEC-MA-10001527,1,202.0,1,5
TEC-MA-10001546,2,605.0,2,8
TEC-MA-10001569,2,718.0,2,9
TEC-MA-10001570,1,386.0,1,5
TEC-MA-10001598,1,348.0,1,5
TEC-MA-10001607,2,453.0,2,7
TEC-MA-10001622,2,1384.0,2,12
TEC-MA-10001624,2,344.0,2,5
TEC-MA-10001627,5,3548.0,5,14
TEC-MA-10001681,2,723.0,2,6
TEC-MA-10001695,1,704.0,1,6
TEC-MA-10001711,4,1029.0,4,13
TEC-MA-10001726,4,1094.0,4,11
TEC-MA-10001727,3,1553.0,3,13
TEC-MA-10001731,1,186.0,1,4
TEC-MA-10001752,2,483.608,2,8
TEC-MA-10001777,5,2312.86,5,17
TEC-MA-10001792,1,779.0,1,3
TEC-MA-10001811,2,1272.0,2,9
TEC-MA-10001825,3,178.0,3,6
TEC-MA-10001831,2,264.227,2,9
TEC-MA-10001832,1,141.0,1,4
TEC-MA-10001841,1,355.0,1,2
TEC-MA-10001856,1,649.0,1,2
TEC-MA-10001859,4,1790.0,4,10
TEC-MA-10001881,5,2663.0,5,17
TEC-MA-10001922,3,293.0,3,12
TEC-MA-10001934,3,1507.0,3,7
TEC-MA-10001940,1,211.0,1,2
TEC-MA-10001966,1,340.0,1,2
TEC-MA-10001972,5,3211.0,5,12
TEC-MA-10001991,3,488.0,3,11
TEC-MA-10002029,3,520.0,3,5
TEC-MA-10002039,5,705.0,5,17
TEC-MA-10002040,2,1160.0,2,10
TEC-MA-10002043,4,775.27,4,18
TEC-MA-10002055,1,93.0,1,2
TEC-MA-10002073,2,2.34,2,3
TEC-MA-10002080,3,910.0,3,6
TEC-MA-10002093,1,736.0,1,5
TEC-MA-10002109,2,450.0,2,4
TEC-MA-10002118,2,1007.0,2,5
TEC-MA-10002134,4,2727.128,4,13
TEC-MA-10002135,1,261.0,1,1
TEC-MA-10002148,3,791.678,3,17
TEC-MA-10002149,5,2203.0,5,19
TEC-MA-10002155,2,605.0,2,5
TEC-MA-10002165,1,138.0,1,3
TEC-MA-10002178,2,1392.0,2,4
TEC-MA-10002193,2,570.0,2,5
TEC-MA-10002195,3,650.0,3,6
TEC-MA-10002210,2,1213.0,2,10
TEC-MA-10002226,2,258.0,2,4
TEC-MA-10002242,1,108.0,1,3
TEC-MA-10002249,1,144.0,1,4
TEC-MA-10002263,1,166.0,1,2
TEC-MA-10002264,6,4001.066,6,19
TEC-MA-10002267,2,100.0,2,2
TEC-MA-10002268,1,278.0,1,3
TEC-MA-10002306,2,583.0,2,11
TEC-MA-10002316,3,190.211,3,11
TEC-MA-10002340,4,1062.086,4,18
TEC-MA-10002368,1,143.0,1,2
TEC-MA-10002389,4,2379.0,4,22
TEC-MA-10002392,4,1929.226,4,18
TEC-MA-10002412,1,22.638,1,6
TEC-MA-10002413,2,322.0,2,3
TEC-MA-10002424,2,224.0,2,6
TEC-MA-10002428,3,838.705,3,17
TEC-MA-10002435,6,1720.0,6,18
TEC-MA-10002459,1,423.0,1,2
TEC-MA-10002464,1,480.0,1,2
TEC-MA-10002468,4,7.1419999999999995,4,26
TEC-MA-10002471,3,1270.0,3,16
TEC-MA-10002520,4,1800.0,4,19
TEC-MA-10002521,3,1186.0,3,8
TEC-MA-10002525,1,45.0,1,3
TEC-MA-10002538,1,208.0,1,4
TEC-MA-10002571,2,346.0,2,6
TEC-MA-10002614,2,1066.0,2,13
TEC-MA-10002629,1,1.599,1,6
TEC-MA-10002633,2,648.0,2,3
TEC-MA-10002660,2,278.0,2,4
TEC-MA-10002680,5,3221.174,5,18
TEC-MA-10002686,4,1507.0,4,13
TEC-MA-10002694,1,102.0,1,2
TEC-MA-10002701,4,1778.0,4,7
TEC-MA-10002710,3,680.0,3,8
TEC-MA-10002711,3,1004.071,3,13
TEC-MA-10002712,2,1208.0,2,7
TEC-MA-10002722,1,156.0,1,2
TEC-MA-10002729,3,409.0,3,11
TEC-MA-10002771,5,2094.765,5,21
TEC-MA-10002779,5,1581.0,5,15
TEC-MA-10002780,3,943.826,3,11
TEC-MA-10002790,1,480.0,1,2
TEC-MA-10002827,3,1583.0,3,8
TEC-MA-10002844,6,1312.0,6,15
TEC-MA-10002859,2,918.0,2,11
TEC-MA-10002864,7,1435.0,7,32
TEC-MA-10002871,7,1687.0,7,15
TEC-MA-10002874,4,2370.0,4,23
TEC-MA-10002898,1,577.0,1,3
TEC-MA-10002910,3,3.463,3,16
TEC-MA-10002918,3,924.239,3,15
TEC-MA-10002927,1,3.992,1,2
TEC-MA-10002930,3,466.0,3,14
TEC-MA-10002931,6,2071.0,6,28
TEC-MA-10002937,1,1.008,1,3
TEC-MA-10002941,2,260.211,2,9
TEC-MA-10002952,1,230.0,1,9
TEC-MA-10002981,1,351.0,1,3
TEC-MA-10002989,1,141.0,1,2
TEC-MA-10002992,1,175.0,1,1
TEC-MA-10002998,4,1978.0,4,18
TEC-MA-10003066,1,337.0,1,3
TEC-MA-10003078,6,1257.5149999999999,6,26
TEC-MA-10003079,1,174.0,1,1
TEC-MA-10003084,2,1320.0,2,11
TEC-MA-10003101,4,2048.0,4,12
TEC-MA-10003112,2,298.0,2,4
TEC-MA-10003121,2,588.0,2,6
TEC-MA-10003146,2,1341.0,2,5
TEC-MA-10003154,1,264.0,1,1
TEC-MA-10003170,5,1108.0,5,27
TEC-MA-10003173,2,131.0,2,10
TEC-MA-10003176,3,1341.0,3,4
TEC-MA-10003178,2,977.0,2,9
TEC-MA-10003183,3,1344.0,3,11
TEC-MA-10003185,2,566.0,2,8
TEC-MA-10003198,6,1742.0,6,23
TEC-MA-10003223,4,1816.021,4,11
TEC-MA-10003230,1,1.363,1,3
TEC-MA-10003246,1,448.0,1,4
TEC-MA-10003251,1,169.0,1,3
TEC-MA-10003261,5,1142.0,5,15
TEC-MA-10003280,5,2141.0,5,19
TEC-MA-10003298,2,928.0,2,9
TEC-MA-10003314,2,893.0,2,13
TEC-MA-10003315,1,342.0,1,4
TEC-MA-10003326,5,1236.0,5,18
TEC-MA-10003329,1,72.0,1,3
TEC-MA-10003330,4,1511.0,4,13
TEC-MA-10003332,2,726.0,2,9
TEC-MA-10003337,1,180.0,1,3
TEC-MA-10003338,4,1083.0,4,16
TEC-MA-10003349,2,161.0,2,4
TEC-MA-10003351,4,1743.411,4,19
TEC-MA-10003353,1,2.52,1,7
TEC-MA-10003356,2,271.35,2,5
TEC-MA-10003361,1,212.0,1,3
TEC-MA-10003366,4,764.01,4,20
TEC-MA-10003390,1,143.0,1,2
TEC-MA-10003400,3,1421.0,3,8
TEC-MA-10003404,1,596.0,1,4
TEC-MA-10003422,1,28.0,1,3
TEC-MA-10003441,3,1477.131,3,9
TEC-MA-10003461,5,651.0,5,16
TEC-MA-10003471,3,328.0,3,8
TEC-MA-10003478,2,1307.0,2,13
TEC-MA-10003486,2,277.0,2,4
TEC-MA-10003492,7,1882.752,7,27
TEC-MA-10003493,1,91.0,1,1
TEC-MA-10003515,4,927.034,4,22
TEC-MA-10003536,1,195.0,1,4
TEC-MA-10003553,4,823.117,4,13
TEC-MA-10003557,8,2641.496,8,27
TEC-MA-10003558,7,920.0,7,22
TEC-MA-10003589,1,225.0,1,3
TEC-MA-10003607,4,2382.0,4,23
TEC-MA-10003624,3,846.252,3,8
TEC-MA-10003625,2,828.0,2,4
TEC-MA-10003626,2,1396.0,2,6
TEC-MA-10003630,1,90.0,1,4
TEC-MA-10003631,2,1538.0,2,10
TEC-MA-10003632,4,821.0,4,18
TEC-MA-10003673,1,3.405,1,5
TEC-MA-10003674,1,597.0,1,3
TEC-MA-10003682,1,167.0,1,2
TEC-MA-10003698,6,1794.0,6,22
TEC-MA-10003704,2,462.025,2,10
TEC-MA-10003730,1,216.0,1,2
TEC-MA-10003743,3,1334.281,3,13
TEC-MA-10003757,1,703.0,1,4
TEC-MA-10003773,1,869.0,1,5
TEC-MA-10003779,1,214.0,1,4
TEC-MA-10003780,4,2273.0,4,15
TEC-MA-10003787,3,2356.0,3,8
TEC-MA-10003796,3,332.0,3,8
TEC-MA-10003801,2,1767.0,2,11
TEC-MA-10003812,6,2654.132,6,20
TEC-MA-10003816,1,90.0,1,3
TEC-MA-10003856,3,262.0,3,6
TEC-MA-10003868,3,784.0,3,12
TEC-MA-10003885,1,157.0,1,3
TEC-MA-10003886,1,113.0,1,2
TEC-MA-10003909,2,173.0,2,7
TEC-MA-10003923,7,2712.0,7,23
TEC-MA-10003927,5,1029.923,5,18
TEC-MA-10003936,1,348.0,1,2
TEC-MA-10003953,1,1.227,1,6
TEC-MA-10003975,2,324.0,2,4
TEC-MA-10003979,2,7.7,2,11
TEC-MA-10003986,2,575.0,2,5
TEC-MA-10003990,1,643.0,1,14
TEC-MA-10003998,2,238.0,2,7
TEC-MA-10004002,3,270.522,3,14
TEC-MA-10004023,4,2166.0,4,27
TEC-MA-10004049,2,825.0,2,5
TEC-MA-10004059,2,917.649,2,9
TEC-MA-10004063,1,967.0,1,6
TEC-MA-10004064,3,332.0,3,8
TEC-MA-10004086,1,30.0,1,5
TEC-MA-10004116,2,483.0,2,2
TEC-MA-10004125,1,8.0,1,4
TEC-MA-10004143,1,219.0,1,5
TEC-MA-10004168,1,695.0,1,4
TEC-MA-10004172,1,1.32,1,6
TEC-MA-10004198,3,1378.0,3,11
TEC-MA-10004212,1,1.38,1,8
TEC-MA-10004224,2,1328.0,2,5
TEC-MA-10004236,1,1.601,1,8
TEC-MA-10004241,2,1287.0,2,4
TEC-MA-10004249,1,93.0,1,3
TEC-MA-10004255,1,320.0,1,8
TEC-MA-10004295,1,328.0,1,4
TEC-MA-10004298,6,984.0,6,22
TEC-MA-10004303,1,242.0,1,2
TEC-MA-10004323,5,1211.0,5,19
TEC-MA-10004408,1,624.0,1,2
TEC-MA-10004414,1,672.0,1,8
TEC-MA-10004421,4,1164.606,4,16
TEC-MA-10004423,6,2738.295,6,27
TEC-MA-10004424,4,962.0,4,12
TEC-MA-10004428,4,1845.155,4,19
TEC-MA-10004446,2,770.306,2,9
TEC-MA-10004452,4,1342.0,4,14
TEC-MA-10004458,1,396.0,1,4
TEC-MA-10004482,6,2388.0,6,19
TEC-MA-10004486,1,239.0,1,5
TEC-MA-10004502,4,1543.814,4,16
TEC-MA-10004521,1,207.0,1,3
TEC-MA-10004533,3,940.468,3,21
TEC-MA-10004534,4,1943.594,4,17
TEC-MA-10004535,2,801.037,2,12
TEC-MA-10004552,1,1.036,1,4
TEC-MA-10004553,3,1376.0,3,15
TEC-MA-10004584,2,139.0,2,6
TEC-MA-10004587,1,1.035,1,5
TEC-MA-10004603,4,1801.0,4,8
TEC-MA-10004609,9,2299.2129999999997,9,32
TEC-MA-10004613,2,623.0,2,9
TEC-MA-10004615,2,126.0,2,5
TEC-MA-10004617,1,571.0,1,7
TEC-MA-10004626,2,600.0,2,6
TEC-MA-10004655,6,2165.0,6,23
TEC-MA-10004666,1,1.237,1,4
TEC-MA-10004669,7,1114.548,7,25
TEC-MA-10004679,4,2332.0,4,13
TEC-MA-10004684,2,340.0,2,7
TEC-MA-10004693,3,662.0,3,18
TEC-MA-10004772,7,2504.861,7,26
TEC-MA-10004814,2,1335.0,2,7
TEC-MA-10004820,1,141.0,1,4
TEC-MA-10004822,2,152.0,2,5
TEC-MA-10004842,2,176.0,2,11
TEC-MA-10004857,1,40.0,1,2
TEC-MA-10004896,5,824.0,5,12
TEC-MA-10004897,6,651.0,5,21
TEC-MA-10004902,1,115.0,1,2
TEC-MA-10004929,3,1246.351,3,11
TEC-MA-10004933,5,1957.0,5,27
TEC-MA-10004954,4,456.0,4,13
TEC-MA-10004955,4,2199.0,4,14
TEC-MA-10004956,4,1495.0,4,13
TEC-MA-10004975,1,30.0,1,1
TEC-MA-10004985,2,698.0,2,8
TEC-MA-10004993,2,585.0,2,7
TEC-MA-10004997,4,2174.0,4,19
TEC-MEM-10000178,4,255.0,4,7
TEC-MEM-10000263,4,205.0,4,8
TEC-MEM-10000312,4,238.0,4,8
TEC-MEM-10000374,3,744.486,3,9
TEC-MEM-10000582,4,146.0,4,5
TEC-MEM-10000649,4,287.0,4,10
TEC-MEM-10000723,2,169.0,2,6
TEC-MEM-10000919,4,379.0,3,6
TEC-MEM-10001163,3,208.0,3,8
TEC-MEM-10001409,4,570.0,4,8
TEC-MEM-10001436,6,470.0,6,6
TEC-MEM-10001732,3,103.0,3,3
TEC-MEM-10002005,5,3002.464,5,19
TEC-MEM-10002202,3,1235.45,3,19
TEC-MEM-10002280,2,163.0,2,6
TEC-MEM-10002524,7,357.0,6,15
TEC-MEM-10002883,5,300.0,5,5
TEC-MEM-10002919,4,208.0,4,7
TEC-MEM-10003302,5,351.0,5,12
TEC-MEM-10003743,8,510.0,8,12
TEC-MEM-10004014,5,2314.0,5,13
TEC-MEM-10004524,4,1038.0,4,10
TEC-MEM-10004782,4,691.0,4,10
TEC-MOT-10000554,6,1552.728,6,16
TEC-MOT-10000851,5,400.116,5,19
TEC-MOT-10000939,3,1063.0610000000001,3,16
TEC-MOT-10001088,6,1647.0,6,15
TEC-MOT-10001178,4,572.0,4,4
TEC-MOT-10001196,6,723.057,6,12
TEC-MOT-10001244,1,1.04,1,6
TEC-MOT-10001342,8,1388.0,8,19
TEC-MOT-10001535,3,288.0,3,7
TEC-MOT-10001927,4,663.0,4,12
TEC-MOT-10001950,4,956.0,4,13
TEC-MOT-10002260,4,642.0,4,22
TEC-MOT-10002272,3,649.873,3,7
TEC-MOT-10002372,4,497.0,4,5
TEC-MOT-10002560,5,578.0219999999999,5,18
TEC-MOT-10002689,2,248.0,2,3
TEC-MOT-10002855,1,208.0,1,4
TEC-MOT-10003050,7,845.514,7,24
TEC-MOT-10003348,8,2578.427,8,16
TEC-MOT-10003366,9,2761.0,9,17
TEC-MOT-10004111,3,230.0,3,6
TEC-MOT-10004136,4,570.0,4,7
TEC-MOT-10004345,7,854.0,7,22
TEC-MOT-10004682,3,209.0,3,6
TEC-NOK-10000002,6,621.0,6,14
TEC-NOK-10000534,4,1535.15,4,5
TEC-NOK-10000784,8,2143.008,8,29
TEC-NOK-10001058,3,198.0,3,3
TEC-NOK-10001070,3,2216.0,3,18
TEC-NOK-10001172,8,1478.0,8,17
TEC-NOK-10001219,4,753.0,4,6
TEC-NOK-10001282,5,1434.0,5,16
TEC-NOK-10001283,9,2932.55,9,12
TEC-NOK-10001319,2,595.0,2,8
TEC-NOK-10001678,7,1527.0,7,13
TEC-NOK-10001844,6,312.0,6,9
TEC-NOK-10002555,2,168.001,2,7
TEC-NOK-10002716,7,1333.0,7,10
TEC-NOK-10003034,5,1070.0,5,10
TEC-NOK-10003341,6,448.0,6,10
TEC-NOK-10003560,6,584.0,6,8
TEC-NOK-10003562,2,270.68,2,14
TEC-NOK-10003743,3,683.0,3,5
TEC-NOK-10004183,4,228.0,4,7
TEC-NOK-10004278,4,304.378,4,13
TEC-NOK-10004339,3,639.817,3,7
TEC-NOK-10004541,3,204.0,3,3
TEC-OKI-10000372,7,1567.75,7,17
TEC-OKI-10000592,2,119.0,2,2
TEC-OKI-10000616,3,880.0,3,5
TEC-OKI-10000794,6,912.0,6,18
TEC-OKI-10001062,4,908.0,4,6
TEC-OKI-10001385,7,1495.868,7,12
TEC-OKI-10001433,6,271.0,6,11
TEC-OKI-10001454,2,121.0,2,3
TEC-OKI-10002547,3,313.0,3,5
TEC-OKI-10002736,6,1626.0,6,13
TEC-OKI-10002750,5,820.142,5,14
TEC-OKI-10002752,2,782.0,2,9
TEC-OKI-10003050,4,350.43899999999996,4,16
TEC-OKI-10003124,6,1697.885,6,12
TEC-OKI-10003221,4,1224.0,4,15
TEC-OKI-10003433,4,809.0,4,6
TEC-OKI-10003655,2,230.0,2,5
TEC-OKI-10003770,3,209.0,3,3
TEC-OKI-10003868,4,538.0,4,4
TEC-OKI-10004199,3,278.0,3,3
TEC-OKI-10004464,6,1064.0,6,6
TEC-OKI-10004735,9,2092.1059999999998,9,27
TEC-PAN-10000092,4,1237.237,4,8
TEC-PAN-10000131,2,212.0,2,3
TEC-PAN-10000377,3,1560.0,3,5
TEC-PAN-10000391,2,422.0,2,3
TEC-PAN-10000577,2,932.0,2,3
TEC-PAN-10000878,5,510.0,5,9
TEC-PAN-10000979,4,1572.0,4,13
TEC-PAN-10001172,2,484.0,2,11
TEC-PAN-10001593,1,15.0,1,1
TEC-PAN-10001674,1,239.0,1,2
TEC-PAN-10002365,5,1591.589,5,12
TEC-PAN-10002454,9,1174.0,9,21
TEC-PAN-10002583,3,120.0,3,3
TEC-PAN-10002613,3,1333.0,3,5
TEC-PAN-10002690,3,1043.0,3,6
TEC-PAN-10002756,3,896.0,3,7
TEC-PAN-10002884,5,1685.0,5,6
TEC-PAN-10003382,2,382.0,2,6
TEC-PAN-10003688,4,1333.066,4,9
TEC-PAN-10004279,1,85.0,1,1
TEC-PAN-10004360,5,780.0,5,16
TEC-PAN-10004404,2,758.0,2,16
TEC-PAN-10004651,4,474.0,4,7
TEC-PH-10000004,3,261.0,3,9
TEC-PH-10000011,5,572.0,5,34
TEC-PH-10000014,3,511.0,3,11
TEC-PH-10000018,9,1626.475,9,32
TEC-PH-10000019,2,559.0,2,4
TEC-PH-10000026,6,1367.0,6,23
TEC-PH-10000030,5,13.716000000000001,5,24
TEC-PH-10000036,2,3.816,2,6
TEC-PH-10000037,9,3791.289,9,48
TEC-PH-10000038,6,2323.0,6,22
TEC-PH-10000070,6,1854.0,6,29
TEC-PH-10000072,1,166.0,1,2
TEC-PH-10000087,7,2325.0,7,32
TEC-PH-10000100,4,780.0,4,16
TEC-PH-10000106,8,2472.65,8,25
TEC-PH-10000127,2,224.0,2,14
TEC-PH-10000141,3,488.0,3,11
TEC-PH-10000148,5,120.0,5,11
TEC-PH-10000149,5,428.0,5,26
TEC-PH-10000158,3,1443.0,3,11
TEC-PH-10000160,7,1040.7820000000002,7,29
TEC-PH-10000169,11,2061.503,11,42
TEC-PH-10000193,4,496.0,4,12
TEC-PH-10000213,3,274.0,3,11
TEC-PH-10000214,4,1432.222,4,23
TEC-PH-10000215,6,909.0,6,27
TEC-PH-10000237,1,77.0,1,4
TEC-PH-10000258,5,2062.0,5,17
TEC-PH-10000270,9,2181.0,8,41
TEC-PH-10000286,3,1050.0,3,11
TEC-PH-10000289,3,1008.0,3,9
TEC-PH-10000292,5,613.0,5,16
TEC-PH-10000297,7,806.0,7,14
TEC-PH-10000298,1,454.0,1,6
TEC-PH-10000303,6,589.224,6,31
TEC-PH-10000307,3,64.0,3,7
TEC-PH-10000309,5,2419.0,5,15
TEC-PH-10000332,1,848.0,1,5
TEC-PH-10000342,2,505.0,2,10
TEC-PH-10000347,13,1693.0,13,38
TEC-PH-10000358,4,1353.0,4,19
TEC-PH-10000365,3,864.0,3,14
TEC-PH-10000369,4,2042.0,4,19
TEC-PH-10000373,1,138.0,1,4
TEC-PH-10000376,7,174.0,7,22
TEC-PH-10000381,5,1196.0,5,13
TEC-PH-10000412,2,655.0,2,8
TEC-PH-10000419,6,1281.7549999999999,6,26
TEC-PH-10000437,5,1612.063,5,18
TEC-PH-10000439,4,496.0,4,15
TEC-PH-10000441,8,2748.0,8,25
TEC-PH-10000455,3,1160.0,3,10
TEC-PH-10000458,2,584.0,2,12
TEC-PH-10000486,3,1114.114,3,24
TEC-PH-10000490,2,821.0,2,5
TEC-PH-10000493,7,1159.444,7,23
TEC-PH-10000494,5,1752.0,5,16
TEC-PH-10000497,2,347.0,2,6
TEC-PH-10000499,4,588.592,4,19
TEC-PH-10000505,2,545.876,2,10
TEC-PH-10000526,7,2631.0,7,32
TEC-PH-10000560,6,1965.18,6,28
TEC-PH-10000562,2,688.0,2,9
TEC-PH-10000571,1,334.0,1,2
TEC-PH-10000576,7,1944.0,7,18
TEC-PH-10000577,6,1328.0,6,31
TEC-PH-10000586,3,476.0,3,8
TEC-PH-10000599,4,1040.0,4,11
TEC-PH-10000611,1,164.0,1,2
TEC-PH-10000641,5,1596.0,5,25
TEC-PH-10000647,2,242.0,2,4
TEC-PH-10000673,5,1222.0,5,25
TEC-PH-10000675,3,591.0,3,9
TEC-PH-10000688,2,1146.0,2,13
TEC-PH-10000693,4,1578.0,4,20
TEC-PH-10000702,5,198.0,5,27
TEC-PH-10000705,8,2203.0,8,31
TEC-PH-10000720,8,5058.0,8,33
TEC-PH-10000730,5,1614.5,5,25
TEC-PH-10000774,2,572.0,2,6
TEC-PH-10000780,6,1645.022,6,20
TEC-PH-10000785,1,269.0,1,8
TEC-PH-10000788,3,436.0,3,10
TEC-PH-10000800,4,593.331,4,11
TEC-PH-10000808,1,1.363,1,8
TEC-PH-10000810,4,519.0,4,9
TEC-PH-10000822,5,1251.0,5,11
TEC-PH-10000824,2,734.0,2,11
TEC-PH-10000840,2,1093.0,2,6
TEC-PH-10000841,2,410.0,2,3
TEC-PH-10000879,2,5.211,2,8
TEC-PH-10000895,8,2523.708,8,40
TEC-PH-10000896,10,3651.493,10,50
TEC-PH-10000912,2,61.0,2,8
TEC-PH-10000922,9,2300.0,9,40
TEC-PH-10000923,5,240.0,5,21
TEC-PH-10000931,4,866.0,4,10
TEC-PH-10000956,2,591.0,2,7
TEC-PH-10000960,4,957.0,4,20
TEC-PH-10000984,7,4978.0,7,27
TEC-PH-10000990,5,1761.0,5,23
TEC-PH-10001002,4,1890.0,4,14
TEC-PH-10001014,5,2111.0,5,18
TEC-PH-10001051,4,1120.0,4,14
TEC-PH-10001061,4,1340.0,4,15
TEC-PH-10001063,4,1926.0,4,25
TEC-PH-10001066,6,866.191,6,15
TEC-PH-10001070,7,1324.0,7,22
TEC-PH-10001071,1,149.0,1,2
TEC-PH-10001076,2,511.121,2,8
TEC-PH-10001079,4,1904.0,4,19
TEC-PH-10001084,1,39.0,1,1
TEC-PH-10001087,1,558.0,1,4
TEC-PH-10001095,6,790.0,6,18
TEC-PH-10001117,2,637.622,2,4
TEC-PH-10001128,4,1561.05,4,21
TEC-PH-10001137,1,164.0,1,5
TEC-PH-10001146,1,850.0,1,5
TEC-PH-10001148,4,657.64,4,19
TEC-PH-10001163,6,1525.0,6,13
TEC-PH-10001183,1,261.0,1,4
TEC-PH-10001187,2,1214.0,2,8
TEC-PH-10001198,4,708.0,3,12
TEC-PH-10001254,4,1727.0,4,17
TEC-PH-10001264,8,2795.0,8,32
TEC-PH-10001284,3,511.546,3,8
TEC-PH-10001288,6,1904.0,6,24
TEC-PH-10001289,1,771.0,1,2
TEC-PH-10001298,6,969.0,6,23
TEC-PH-10001299,5,1680.0,5,15
TEC-PH-10001300,5,479.0,5,24
TEC-PH-10001304,6,881.0,6,21
TEC-PH-10001305,6,1284.0,6,32
TEC-PH-10001321,8,3955.0,8,30
TEC-PH-10001329,1,44.0,1,2
TEC-PH-10001336,9,3044.0,9,27
TEC-PH-10001354,10,3951.0,9,37
TEC-PH-10001360,1,1.275,1,2
TEC-PH-10001362,5,1708.0,5,22
TEC-PH-10001363,4,2168.736,4,11
TEC-PH-10001382,8,1431.0,8,28
TEC-PH-10001396,4,9.987,4,17
TEC-PH-10001413,1,139.0,1,3
TEC-PH-10001424,4,1176.0,4,15
TEC-PH-10001425,6,1584.0,6,24
TEC-PH-10001427,7,1588.0,7,31
TEC-PH-10001428,6,1244.0,6,17
TEC-PH-10001432,8,3423.0,8,34
TEC-PH-10001433,7,1489.0,7,19
TEC-PH-10001448,5,600.0,5,13
TEC-PH-10001457,8,18.718,8,30
TEC-PH-10001459,6,685.2719999999999,6,39
TEC-PH-10001468,1,546.0,1,3
TEC-PH-10001470,2,354.0,2,6
TEC-PH-10001475,2,171.0,2,8
TEC-PH-10001478,6,1397.0,6,20
TEC-PH-10001492,1,586.0,1,8
TEC-PH-10001494,4,1023.6,4,17
TEC-PH-10001527,7,619.0,7,15
TEC-PH-10001530,9,2182.933,9,34
TEC-PH-10001535,5,2017.0,5,19
TEC-PH-10001536,5,234.0,5,15
TEC-PH-10001548,4,1411.0,4,17
TEC-PH-10001552,10,543.0,10,52
TEC-PH-10001555,1,289.0,1,2
TEC-PH-10001557,14,3646.075,14,55
TEC-PH-10001573,3,3.9930000000000003,3,9
TEC-PH-10001574,2,628.0,2,5
TEC-PH-10001575,3,436.0,3,10
TEC-PH-10001578,4,1460.511,4,12
TEC-PH-10001580,10,2571.0,10,32
TEC-PH-10001585,10,3796.244,10,47
TEC-PH-10001587,9,1786.0,9,40
TEC-PH-10001590,3,1139.0,3,16
TEC-PH-10001602,2,142.0,2,8
TEC-PH-10001614,5,1677.214,5,19
TEC-PH-10001615,5,481.0,5,17
TEC-PH-10001619,10,2966.072,10,26
TEC-PH-10001640,6,1325.0,5,19
TEC-PH-10001644,3,336.0,3,12
TEC-PH-10001651,2,164.0,2,2
TEC-PH-10001664,8,1887.0,8,32
TEC-PH-10001670,5,13.821,5,24
TEC-PH-10001677,9,2081.0,9,50
TEC-PH-10001699,6,648.664,6,22
TEC-PH-10001700,7,1136.0,7,22
TEC-PH-10001708,5,3167.0,5,19
TEC-PH-10001712,3,853.088,3,14
TEC-PH-10001725,6,1592.592,6,24
TEC-PH-10001730,5,1381.0,5,10
TEC-PH-10001732,8,4121.0,8,31
TEC-PH-10001750,8,1385.0,8,24
TEC-PH-10001751,7,14.562999999999999,6,25
TEC-PH-10001754,2,290.0,2,6
TEC-PH-10001760,5,1752.114,5,18
TEC-PH-10001795,5,989.952,5,16
TEC-PH-10001805,3,1462.0,3,12
TEC-PH-10001809,5,1260.0,5,10
TEC-PH-10001817,10,4586.296,10,32
TEC-PH-10001819,6,747.0,6,19
TEC-PH-10001824,1,504.0,1,4
TEC-PH-10001835,3,2022.0,3,14
TEC-PH-10001845,1,123.0,1,1
TEC-PH-10001846,1,90.0,1,2
TEC-PH-10001870,3,282.0,3,6
TEC-PH-10001884,7,2461.0,7,40
TEC-PH-10001900,4,1975.0,4,15
TEC-PH-10001917,13,3755.814,13,53
TEC-PH-10001918,3,1001.0,3,9
TEC-PH-10001921,10,3558.0,10,31
TEC-PH-10001924,5,700.0,5,13
TEC-PH-10001937,7,2965.0,7,20
TEC-PH-10001944,6,2482.0,5,19
TEC-PH-10001949,1,213.0,1,3
TEC-PH-10001961,2,224.0,2,2
TEC-PH-10001963,4,1394.0,4,15
TEC-PH-10001990,4,12.055,4,21
TEC-PH-10002018,4,1252.0,4,10
TEC-PH-10002033,4,2222.0,4,9
TEC-PH-10002035,5,649.703,5,21
TEC-PH-10002042,5,1681.384,5,24
TEC-PH-10002068,13,1769.0,12,43
TEC-PH-10002070,8,1238.0,8,25
TEC-PH-10002075,1,378.0,1,3
TEC-PH-10002076,6,2756.0,6,17
TEC-PH-10002079,5,1930.0,5,26
TEC-PH-10002085,4,753.0,4,14
TEC-PH-10002094,1,767.0,1,2
TEC-PH-10002102,7,1621.0,7,32
TEC-PH-10002103,9,3159.0,9,37
TEC-PH-10002104,6,2442.272,6,28
TEC-PH-10002114,1,2.28,1,4
TEC-PH-10002115,4,845.0,4,15
TEC-PH-10002119,2,446.0,2,6
TEC-PH-10002121,5,793.0,5,17
TEC-PH-10002127,7,2697.475,7,17
TEC-PH-10002138,6,1934.0,6,12
TEC-PH-10002152,5,1449.0,5,23
TEC-PH-10002154,6,1951.0,6,24
TEC-PH-10002170,6,1120.0,6,19
TEC-PH-10002183,5,1781.0,5,16
TEC-PH-10002185,5,80.0,5,13
TEC-PH-10002200,8,2935.508,8,30
TEC-PH-10002217,2,888.0,2,6
TEC-PH-10002218,5,1614.0,5,22
TEC-PH-10002222,3,527.0,3,8
TEC-PH-10002251,3,654.0,3,9
TEC-PH-10002255,4,2052.0,4,13
TEC-PH-10002262,4,905.0,4,18
TEC-PH-10002275,4,2116.0,4,14
TEC-PH-10002292,4,1040.0,4,11
TEC-PH-10002293,6,340.0,6,22
TEC-PH-10002296,8,3591.0,8,38
TEC-PH-10002299,2,396.0,2,6
TEC-PH-10002306,4,2063.147,4,11
TEC-PH-10002310,7,3169.0,7,22
TEC-PH-10002312,5,2336.0,5,18
TEC-PH-10002320,5,1806.121,5,24
TEC-PH-10002332,6,2452.0,6,22
TEC-PH-10002350,4,252.0,4,10
TEC-PH-10002352,1,1.395,1,5
TEC-PH-10002353,1,331.0,1,4
TEC-PH-10002365,3,65.0,3,8
TEC-PH-10002387,6,2259.0,6,25
TEC-PH-10002392,3,1023.0,3,11
TEC-PH-10002398,3,1070.0,3,12
TEC-PH-10002415,5,2243.416,5,15
TEC-PH-10002419,5,1528.0,5,24
TEC-PH-10002428,6,1919.0,6,29
TEC-PH-10002443,5,1743.0,5,14
TEC-PH-10002447,4,908.03,4,10
TEC-PH-10002456,6,2494.0,6,20
TEC-PH-10002468,5,1470.0,5,13
TEC-PH-10002483,5,704.36,5,21
TEC-PH-10002491,2,544.0,2,8
TEC-PH-10002493,2,309.0,2,5
TEC-PH-10002496,9,2311.872,9,30
TEC-PH-10002517,1,339.0,1,4
TEC-PH-10002538,6,804.0,6,24
TEC-PH-10002549,6,2215.626,6,22
TEC-PH-10002555,4,1451.295,4,13
TEC-PH-10002563,5,1990.0,5,18
TEC-PH-10002564,15,2561.011,15,49
TEC-PH-10002565,8,3139.502,8,31
TEC-PH-10002570,4,727.0,4,15
TEC-PH-10002572,3,678.0,3,6
TEC-PH-10002574,4,1602.0,4,17
TEC-PH-10002583,5,216.0,5,12
TEC-PH-10002584,5,631.5089999999999,5,13
TEC-PH-10002586,8,1468.0,8,29
TEC-PH-10002590,1,211.0,1,2
TEC-PH-10002597,11,5183.0,11,47
TEC-PH-10002601,9,2197.025,9,23
TEC-PH-10002602,5,1823.0,5,26
TEC-PH-10002623,7,2104.1220000000003,7,25
TEC-PH-10002624,5,1226.8880000000001,5,15
TEC-PH-10002641,1,438.0,1,6
TEC-PH-10002645,4,1139.5,4,14
TEC-PH-10002647,7,1552.0,7,35
TEC-PH-10002652,3,5.8629999999999995,3,10
TEC-PH-10002658,1,273.0,1,2
TEC-PH-10002660,6,1877.0,6,29
TEC-PH-10002663,5,1299.0929999999998,5,20
TEC-PH-10002672,3,7.816,3,18
TEC-PH-10002680,3,2156.0,3,13
TEC-PH-10002683,7,1282.969,7,23
TEC-PH-10002695,1,293.0,1,4
TEC-PH-10002699,1,306.0,1,2
TEC-PH-10002708,8,1641.0,8,20
TEC-PH-10002713,1,183.0,1,4
TEC-PH-10002715,4,1640.275,4,16
TEC-PH-10002726,7,1113.0,7,26
TEC-PH-10002742,5,2680.0,5,17
TEC-PH-10002755,8,1078.0,8,24
TEC-PH-10002759,6,14.723,6,29
TEC-PH-10002774,6,10.394,6,28
TEC-PH-10002780,2,430.286,2,4
TEC-PH-10002789,3,1155.0,3,12
TEC-PH-10002799,1,673.0,1,4
TEC-PH-10002806,8,2810.956,8,38
TEC-PH-10002807,4,420.0,4,15
TEC-PH-10002815,8,862.253,8,38
TEC-PH-10002816,7,1452.0230000000001,7,28
TEC-PH-10002817,1,324.0,1,3
TEC-PH-10002824,3,2019.0,3,13
TEC-PH-10002834,5,1837.98,5,23
TEC-PH-10002844,4,189.0,4,8
TEC-PH-10002867,9,2288.16,9,32
TEC-PH-10002871,6,1897.0,6,18
TEC-PH-10002885,6,792.218,6,24
TEC-PH-10002890,10,1339.0,10,35
TEC-PH-10002892,6,1193.0,6,15
TEC-PH-10002898,1,2.167,1,4
TEC-PH-10002904,11,3927.02,11,37
TEC-PH-10002907,4,1174.0,4,18
TEC-PH-10002916,1,102.0,1,1
TEC-PH-10002922,4,2906.0,4,21
TEC-PH-10002923,10,741.0,10,25
TEC-PH-10002932,3,1554.0,3,13
TEC-PH-10002935,5,646.498,5,20
TEC-PH-10002936,1,3.18,1,5
TEC-PH-10002962,3,780.728,3,14
TEC-PH-10002991,4,7.258,4,20
TEC-PH-10003002,4,10.422,4,16
TEC-PH-10003011,7,2297.0,7,20
TEC-PH-10003012,10,4435.0,10,32
TEC-PH-10003055,2,891.0,2,6
TEC-PH-10003062,5,2185.0,5,16
TEC-PH-10003072,5,1711.35,5,25
TEC-PH-10003075,6,1639.0,6,13
TEC-PH-10003078,1,166.0,1,2
TEC-PH-10003092,6,608.0,6,19
TEC-PH-10003095,7,493.0,7,27
TEC-PH-10003102,5,1780.0,5,18
TEC-PH-10003137,3,1463.0,3,12
TEC-PH-10003153,3,921.0,3,10
TEC-PH-10003157,6,2646.0,6,33
TEC-PH-10003171,7,747.0,7,18
TEC-PH-10003174,2,728.0,2,7
TEC-PH-10003177,6,1413.0,6,20
TEC-PH-10003182,3,397.0,3,9
TEC-PH-10003187,4,148.0,4,9
TEC-PH-10003215,9,1541.0,9,45
TEC-PH-10003220,1,295.0,1,5
TEC-PH-10003239,3,1384.0,3,12
TEC-PH-10003254,8,1383.0,8,32
TEC-PH-10003273,4,1738.0,4,15
TEC-PH-10003303,1,100.0,1,2
TEC-PH-10003312,10,1965.0,10,43
TEC-PH-10003325,8,2718.0,8,24
TEC-PH-10003348,7,2371.0,6,20
TEC-PH-10003353,2,358.0,2,6
TEC-PH-10003356,3,76.0,3,13
TEC-PH-10003357,4,597.0,4,10
TEC-PH-10003361,4,711.0,4,13
TEC-PH-10003368,2,423.0,2,7
TEC-PH-10003400,2,372.0,2,3
TEC-PH-10003405,4,480.0,4,12
TEC-PH-10003416,6,1556.0,6,38
TEC-PH-10003430,4,1258.0,4,10
TEC-PH-10003437,4,1230.0,4,21
TEC-PH-10003439,5,3174.0,5,21
TEC-PH-10003442,5,105.0,5,21
TEC-PH-10003457,9,3838.443,9,34
TEC-PH-10003481,6,1344.0,6,24
TEC-PH-10003484,5,2017.0,5,18
TEC-PH-10003486,1,204.0,1,3
TEC-PH-10003487,3,759.0,3,12
TEC-PH-10003488,6,3388.0,6,25
TEC-PH-10003491,5,1660.0,5,28
TEC-PH-10003492,7,3274.1,7,27
TEC-PH-10003505,11,3412.0,11,46
TEC-PH-10003511,2,747.0,2,6
TEC-PH-10003513,3,359.331,3,16
TEC-PH-10003522,8,1154.0,8,24
TEC-PH-10003535,1,160.0,1,2
TEC-PH-10003546,7,2610.0,7,23
TEC-PH-10003549,6,1112.0,6,18
TEC-PH-10003555,9,833.0,9,41
TEC-PH-10003556,7,3551.0,7,30
TEC-PH-10003560,5,1604.479,5,25
TEC-PH-10003572,5,1137.0,5,18
TEC-PH-10003580,7,2037.213,7,27
TEC-PH-10003589,7,442.0,7,29
TEC-PH-10003601,7,2392.0,7,22
TEC-PH-10003613,6,2473.362,6,31
TEC-PH-10003620,10,4255.0,10,36
TEC-PH-10003636,5,806.0,5,10
TEC-PH-10003645,7,2233.454,7,26
TEC-PH-10003646,1,403.0,1,4
TEC-PH-10003652,3,842.0,3,11
TEC-PH-10003655,2,14.0,2,8
TEC-PH-10003683,8,4978.0,8,36
TEC-PH-10003691,6,3099.0,6,27
TEC-PH-10003698,2,483.0,2,5
TEC-PH-10003713,8,2728.89,8,35
TEC-PH-10003723,4,1111.0,4,8
TEC-PH-10003752,4,489.0,4,10
TEC-PH-10003762,3,8.483,3,16
TEC-PH-10003764,4,366.0,4,8
TEC-PH-10003770,4,991.0,4,9
TEC-PH-10003772,5,1186.0,5,15
TEC-PH-10003774,4,1274.0,4,16
TEC-PH-10003784,5,1760.0,5,16
TEC-PH-10003793,6,609.0,6,14
TEC-PH-10003794,5,1597.449,5,12
TEC-PH-10003796,3,425.0,3,9
TEC-PH-10003800,5,414.0,5,9
TEC-PH-10003811,5,2160.0,5,22
TEC-PH-10003813,2,956.0,2,9
TEC-PH-10003823,8,1853.0,8,27
TEC-PH-10003847,7,1905.0,7,31
TEC-PH-10003856,3,9.683,3,15
TEC-PH-10003870,3,1366.0,3,16
TEC-PH-10003875,3,126.0,3,13
TEC-PH-10003877,6,1333.0,6,30
TEC-PH-10003885,6,1029.0,6,17
TEC-PH-10003891,4,3431.0,4,21
TEC-PH-10003913,4,1992.0,4,15
TEC-PH-10003916,1,427.0,1,7
TEC-PH-10003927,14,5041.0,14,34
TEC-PH-10003931,6,780.0,6,17
TEC-PH-10003932,8,2895.0,8,28
TEC-PH-10003935,5,1118.0,5,18
TEC-PH-10003945,13,3806.001,11,44
TEC-PH-10003946,4,927.0,4,13
TEC-PH-10003954,3,1512.0,3,11
TEC-PH-10003960,6,2935.0,6,28
TEC-PH-10003963,11,5014.0,10,44
TEC-PH-10003970,3,837.0,3,14
TEC-PH-10003980,2,455.0,2,5
TEC-PH-10003982,1,185.0,1,5
TEC-PH-10003988,8,264.0,8,28
TEC-PH-10003994,1,533.0,1,8
TEC-PH-10003995,7,1079.336,7,23
TEC-PH-10004006,5,1572.0,5,18
TEC-PH-10004028,5,2288.0,5,33
TEC-PH-10004042,4,1686.0,4,12
TEC-PH-10004048,8,2913.0,8,28
TEC-PH-10004057,1,2.582,1,6
TEC-PH-10004071,5,200.0,5,25
TEC-PH-10004074,5,938.937,5,17
TEC-PH-10004080,4,625.0,4,13
TEC-PH-10004085,4,1943.0,3,13
TEC-PH-10004093,8,1193.0,8,25
TEC-PH-10004094,6,1999.215,6,32
TEC-PH-10004100,6,396.0,6,27
TEC-PH-10004105,5,2209.169,5,26
TEC-PH-10004120,3,1590.0,3,13
TEC-PH-10004144,2,897.0,2,12
TEC-PH-10004152,4,605.0,4,9
TEC-PH-10004162,2,965.0,2,9
TEC-PH-10004165,9,3524.1800000000003,9,34
TEC-PH-10004182,3,860.856,3,11
TEC-PH-10004184,5,617.0,5,18
TEC-PH-10004188,4,385.0,4,18
TEC-PH-10004196,10,1548.74,10,46
TEC-PH-10004200,4,1507.0,4,11
TEC-PH-10004211,2,949.0,2,12
TEC-PH-10004221,7,2355.135,7,30
TEC-PH-10004223,2,1111.0,2,9
TEC-PH-10004235,3,1457.0,3,18
TEC-PH-10004237,6,1086.0,6,25
TEC-PH-10004241,5,1284.44,5,19
TEC-PH-10004242,8,1809.0,8,24
TEC-PH-10004251,3,1165.0,3,12
TEC-PH-10004261,10,4121.0,10,33
TEC-PH-10004263,7,2211.063,7,25
TEC-PH-10004271,5,2183.0,5,17
TEC-PH-10004272,2,273.0,2,6
TEC-PH-10004281,7,2536.596,7,33
TEC-PH-10004287,6,1302.0,6,23
TEC-PH-10004297,4,1867.0,4,17
TEC-PH-10004300,9,2296.0,9,37
TEC-PH-10004327,1,3.22,1,5
TEC-PH-10004328,7,2889.0,7,28
TEC-PH-10004345,5,2064.0,5,21
TEC-PH-10004348,2,133.0,2,5
TEC-PH-10004350,4,1364.0,4,22
TEC-PH-10004358,12,4732.0,12,62
TEC-PH-10004389,3,1310.0,3,11
TEC-PH-10004402,10,3118.0,10,43
TEC-PH-10004404,6,1027.0,6,21
TEC-PH-10004434,3,1387.0,3,12
TEC-PH-10004437,5,2197.0,4,26
TEC-PH-10004447,8,3614.0,8,31
TEC-PH-10004450,4,1545.0,4,21
TEC-PH-10004503,1,134.0,1,3
TEC-PH-10004505,6,775.4839999999999,6,22
TEC-PH-10004509,6,1617.357,6,20
TEC-PH-10004522,3,468.0,3,11
TEC-PH-10004531,7,1041.0,7,24
TEC-PH-10004536,3,1539.0,3,12
TEC-PH-10004539,7,2723.323,7,24
TEC-PH-10004544,3,1191.0,3,11
TEC-PH-10004552,5,1345.0,5,25
TEC-PH-10004553,1,729.0,1,4
TEC-PH-10004554,2,694.168,2,12
TEC-PH-10004559,5,2367.0,5,22
TEC-PH-10004570,1,303.0,1,4
TEC-PH-10004575,1,2.571,1,4
TEC-PH-10004577,1,157.0,1,9
TEC-PH-10004578,6,1047.0,6,21
TEC-PH-10004583,4,781.317,4,19
TEC-PH-10004586,6,2450.88,6,17
TEC-PH-10004597,4,1604.0,4,20
TEC-PH-10004601,6,1951.334,6,22
TEC-PH-10004614,13,3343.0,12,49
TEC-PH-10004618,12,4158.044,12,53
TEC-PH-10004626,1,1.308,1,2
TEC-PH-10004631,3,1481.0,3,15
TEC-PH-10004635,7,1382.0,7,28
TEC-PH-10004636,1,333.0,1,3
TEC-PH-10004655,5,1537.0,5,16
TEC-PH-10004664,10,30.041999999999998,10,52
TEC-PH-10004667,6,2646.0,6,26
TEC-PH-10004675,7,2659.0,7,18
TEC-PH-10004680,4,1209.109,4,20
TEC-PH-10004682,3,854.0,3,11
TEC-PH-10004700,4,128.0,4,14
TEC-PH-10004707,3,809.0,3,7
TEC-PH-10004714,3,535.0,3,9
TEC-PH-10004732,3,1249.0,3,16
TEC-PH-10004760,4,614.0,4,13
TEC-PH-10004772,4,1861.0,4,15
TEC-PH-10004774,3,190.0,3,16
TEC-PH-10004800,2,536.0,2,8
TEC-PH-10004810,5,872.121,5,19
TEC-PH-10004823,11,657.625,11,39
TEC-PH-10004825,3,399.0,3,6
TEC-PH-10004827,5,1053.0,5,16
TEC-PH-10004830,1,202.0,1,4
TEC-PH-10004833,4,279.0,4,26
TEC-PH-10004871,9,1386.0,9,29
TEC-PH-10004875,1,10.0,1,2
TEC-PH-10004879,6,1344.0,6,22
TEC-PH-10004880,3,927.0,3,9
TEC-PH-10004882,3,574.0,3,14
TEC-PH-10004888,8,2071.0,8,21
TEC-PH-10004896,5,516.0,5,20
TEC-PH-10004897,7,258.0,7,30
TEC-PH-10004901,10,1516.0,10,35
TEC-PH-10004908,7,1666.0,7,25
TEC-PH-10004910,7,3435.103,7,35
TEC-PH-10004912,3,517.0,3,11
TEC-PH-10004915,2,466.0,2,6
TEC-PH-10004922,5,1086.0,5,19
TEC-PH-10004924,3,57.0,3,8
TEC-PH-10004933,3,623.0,3,9
TEC-PH-10004940,1,546.0,1,4
TEC-PH-10004959,7,2508.0,7,19
TEC-PH-10004970,2,248.0,2,5
TEC-PH-10004977,9,4194.098,9,32
TEC-PH-10004992,5,627.0,5,12
TEC-SAM-10000345,6,2436.0,6,23
TEC-SAM-10000588,2,306.0,2,6
TEC-SAM-10000613,6,1774.0,6,16
TEC-SAM-10000765,8,1626.0,8,16
TEC-SAM-10000779,14,3249.0,14,29
TEC-SAM-10001013,9,2174.0,9,14
TEC-SAM-10001017,8,1753.0,8,22
TEC-SAM-10001131,3,1526.0,3,3
TEC-SAM-10001843,6,906.0,6,8
TEC-SAM-10001935,4,380.0,4,7
TEC-SAM-10001985,2,943.0,2,13
TEC-SAM-10002496,2,542.0,2,5
TEC-SAM-10002682,3,170.0,3,3
TEC-SAM-10003205,3,434.0,3,4
TEC-SAM-10003493,6,945.914,6,23
TEC-SAM-10003520,3,1261.0,3,20
TEC-SAM-10003538,4,425.0,4,4
TEC-SAM-10003891,6,513.0,6,11
TEC-SAM-10003948,4,548.0,4,7
TEC-SAM-10004230,3,1281.8339999999998,3,8
TEC-SAM-10004384,11,1123.0,11,32
TEC-SAM-10004785,5,1911.817,5,9
TEC-SAM-10004851,4,325.0,4,5
TEC-SAM-10004940,2,576.55,2,5
TEC-SAN-10000060,6,436.0,6,15
TEC-SAN-10000142,2,28.0,2,2
TEC-SAN-10000235,5,1105.539,5,11
TEC-SAN-10000250,4,676.0,4,8
TEC-SAN-10000260,6,548.0,6,9
TEC-SAN-10000740,4,399.0,4,9
TEC-SAN-10001506,4,1238.0,4,12
TEC-SAN-10001738,2,56.0,2,2
TEC-SAN-10001899,10,1230.0,10,18
TEC-SAN-10002254,4,156.0,4,4
TEC-SAN-10002477,6,1194.0,6,35
TEC-SAN-10002684,6,296.0,6,8
TEC-SAN-10002871,3,265.0,3,5
TEC-SAN-10002954,3,456.0,3,4
TEC-SAN-10003238,5,1271.017,5,9
TEC-SAN-10003336,2,137.0,2,3
TEC-SAN-10003793,5,771.0,5,9
TEC-SAN-10004027,4,541.124,4,19
TEC-SAN-10004181,2,115.0,2,2
TEC-SAN-10004215,2,196.0,2,3
TEC-SAN-10004424,5,1207.025,5,10
TEC-SAN-10004721,6,498.0,6,9
TEC-SAN-10004885,8,421.0,8,14
TEC-SAN-10004999,1,16.0,1,1
TEC-SHA-10000052,3,555.927,3,11
TEC-SHA-10000244,4,1479.0,4,5
TEC-SHA-10000306,4,2185.0,4,12
TEC-SHA-10000479,3,598.0,3,5
TEC-SHA-10000501,1,2.833,1,8
TEC-SHA-10000971,7,1545.188,7,12
TEC-SHA-10001103,5,1291.0,5,6
TEC-SHA-10001231,6,2288.429,6,11
TEC-SHA-10001309,4,1182.181,4,8
TEC-SHA-10001413,5,546.0,5,10
TEC-SHA-10001976,1,123.0,1,1
TEC-SHA-10002034,4,1872.0,4,17
TEC-SHA-10002696,4,1296.0,4,11
TEC-SHA-10002753,3,1002.0,3,6
TEC-SHA-10003039,5,1178.009,5,13
TEC-SHA-10003353,1,431.0,1,6
TEC-SHA-10003670,4,1283.424,4,9
TEC-SHA-10004083,3,1348.0,3,8
TEC-SHA-10004151,2,510.0,2,3
TEC-SHA-10004184,4,507.0,4,5
TEC-SHA-10004390,4,1779.0,4,5
TEC-SHA-10004658,1,124.0,1,1
TEC-SHA-10004874,5,1265.175,5,9
TEC-STA-10000008,5,632.0,5,17
TEC-STA-10000546,7,831.0,7,23
TEC-STA-10000699,5,381.0,5,6
TEC-STA-10000893,4,1615.0,4,6
TEC-STA-10001232,6,462.0,6,9
TEC-STA-10001407,5,449.0,5,6
TEC-STA-10001487,7,325.0,7,14
TEC-STA-10001994,4,1536.0,4,6
TEC-STA-10002286,3,1090.0,3,10
TEC-STA-10002459,1,308.0,1,4
TEC-STA-10002497,6,1054.6190000000001,6,26
TEC-STA-10002650,5,735.0,5,10
TEC-STA-10003065,1,44.0,1,1
TEC-STA-10003081,6,1320.0,6,20
TEC-STA-10003330,8,1976.52,7,15
TEC-STA-10003386,3,305.019,3,11
TEC-STA-10003447,4,867.018,4,8
TEC-STA-10003550,6,2153.0,6,14
TEC-STA-10003925,5,1112.0,5,8
TEC-STA-10004181,6,1921.201,6,11
TEC-STA-10004536,5,1812.0,5,6
TEC-STA-10004542,5,897.0,5,23
TEC-STA-10004834,2,204.0,2,5
TEC-STA-10004927,1,221.0,1,2
