customer_name,total_ordenes,gasto_total,ganancia_total,unidades_compradas
Aaron Bergman,89,"1349182438210547513219807662821,0391437551240157951152451,24750448291,0251421091183205624032412011242359222,0464784492241528913248332566942452,109220136321116603683086272223421211762253441756021241861,8231298271,5432237368735026115027611151",4683.208,301
Aaron Hawkins,56,"248102798524210553,8172,1214978118249235191,02617617119668323493411103711081,93247986360113111378178483666152294772845337920681452351,101167111661171,59119",2450.92904,231
Aaron Smayling,60,"264978848966251998330151923289216146704071408493137106601516431302478696291644389307414122795135228768715421202179581,4403688734171232,0701,0225569645",369.1618,211
Adam Bellavance,68,"1830501,038214191281882921142719221,579800951016012846121522,4733062423724284,35525493714647505564813030131459721711089804361491992747913211264136816842,037450109364139121,238",4979.9769,262
Adam Hart,84,"49058454881163745367681529851779638465874116818416446211,47148532241,0487628363491,02531323016215302321812657566627699842481665228771137151196132,00431428171919638211241354322461771091237861688852713642228161,535",1902.03342,293
Adam Shillingsburg,71,"3350811569580971341631025310144433850481,02456261717957131361,0995495924191352,509204111448354186374617122346267628448681,7004551549428352464500494538724823331223352712",1421.27412,238
Adrian Barton,77,"77301,10441,06719661251427971432044633567114622348725633217728817885652432119596311852404631523439313864892940209,893281303034744345230321,7034703745640472901813165227156122513388222214355143911",6417.2845,265
Adrian Hane,54,"259218852138232842184397318218012618231731121105863201,04913501,184457336467594651051377451929113161288623120206196245164525753981031152",2081.37928,207
Adrian Shami,44,"63921871,1825272418060164419210813433672113341157932115192181,6261,286367421518210512435713030579189133179213874113",1564.4938,144
Aimee Bixby,55,"17848098605019595804425425153,4421,6774343152,21920816103180291361,1155527351,9145171291602755319252771688924390136553361989916177996099",2926.3543,208
Alan Barnes,60,"129241318890116363761166332447304892162271,11530423412659139533351538914111,0642462243468013545969233369277949014151206891642781283225151,622323191185615114",2436.066,232
Alan Dominguez,55,"53726666014124513851158882461623903951083893,1262,2765491073625633455404615345763,0001,1265112543216463519264208124731648971927615912455",1539.9922000000001,167
Alan Haines,77,"1,4123601441775552712221108648837017614169462,1233418422198774422126361532599343917745894533301234562710350491313807340517554105449612541951712838164106253149642425471145161,19282550810911150317",-592.24612,258
Alan Hwang,74,"27726257630379676371219311,049371171412092767230815652,244408105567513714515740807742171652456171,40343085282712541316625266182,98217131759515158512244221,578383773450239434989349612686618196741,004",4342.37078,292
Alan Schoenberger,73,"4958321,395276546421042441271,909448176123139951666214986138311318231323293,29869197221903,63449419175442519416628491391658241,2931652622614121183506911842239656595082122062243822013",2503.6348,231
Alan Shonely,63,"34510813688866017713214343467138581886433334916615312563771,467101353449557431232026373477461989110424515814538184634332161183841181815415176163821845109",1175.45416,246
Alejandro Ballentine,68,"19620114141049144892892642211638991,22479437914843303716171131293149614469172,26649613428531419151991275011031723130162273330304192171952895912364801,497167438221427310733396",758.6139,207
Alejandro Grove,67,"1771244510561866610019020780521301,9621674538512559728510675838122695773093197554485433733781,3361501741181418304183241511341,02013357459168341457141287292491095631687",2602.57212,255
Alejandro Savely,77,"103231671614195596927618455222711834113551150232915219832403167167146621414492327420141,913115505129543210242,6791,531181,6221,04865249811479263972896126548176957451524121,246212413611615979611748836",2533.56606,273
Aleksandra Gannaway,58,"71622653230184668834416993104691137039319112849451111435191,22633079757225549243207929160636425435911,291888245534181,0464491771845518961261144653932954",773.1465999999999,206
Alex Avila,50,"67453527945295215153391735192,71327613,9304324226841554837159146161116549911624757303631211504622512370395955423256993684620",983.2565,165
Alex Grayson,77,"2731067934112447568714542220342485125131251535954427422815853158163167821,05242118574133429239419221228240052913451910020915599502321,83866151301,72291519119418545256961320131837626678",1006.97208,250
Alex Russell,64,"416665431451157198524252380208180628521,5527358731801002685283741826945929720719732348562201221,2391232927501,78655319339440184619782951149421185152793765444401741227045",2290.6598,209
Alice McCarthy,77,"1873361333024,453268205481294015240193313117209421,9529611239111584905241,59164126348937201992137519915524228113241308866811511614208154126733970500526302197364807826463107820796911910475278",2977.8523999999998,284
Allen Armold,55,"1759487105412290341115028160212754918527851,1221902817917500583472019746769425890139825739366924562851584017801171815444",754.9193999999999,169
Allen Goldenen,53,"5871931016880168144848153410247381191475565838276323183317656517711251344461,533260141638925375048837559410070294551242010",447.265,178
Allen Rosenblatt,50,"57012486028911356251061919714381214312224050167681465132326694253264196698912920593192017941295725010398101281,48824511176149118",-552.28182,168
Alyssa Crouse,61,"9113715126988226158635190956811915239394861910113582745531724923313111412904321014404103912144415197392744245128342,471123287436163,445931613222",444.03550000000007,180
Alyssa Tate,65,"183272883060166262145121043353631581816105211322295215202,456133876581,0857139981093410171331147755119020121171,0008932909681714018891389618911214,627",2795.5313,185
Amy Cox,39,"54254742291211851521874313735117862653,9165417876181,2202484133050651114361,7942,66462121,66637972990159",3980.4112,143
Amy Hunt,39,"92383139825416881,3523987898937307671828477201631,198514015294816112540231,6931420454211764715532",718.3349800000001,143
Andrew Allen,48,"272554728561,5911122519113588431,0851101,8941,252669238624288252132265243522284484802101294081,172501682,645161,8025176619271,6011,03228",2071.08818,175
Andrew Gjertsen,78,"2565071,8894987618510076936885342,5198050261422719223022817258215171731734218945511043471610106694181247510824821718112821,1551351935585739752443228231456928521305116221419114941560251812149",2642.21386,302
Andrew Roberts,70,"3462526283215155521349318901,122170220193,27146206579002265733792,5461381084648286344016196058285581837617538304253722082142901749418354684282258592012876333823441344453811",3561.75886,235
Andy Gerbode,44,"803014713178165604718242481573247481907076282,022451,34878416273361558761227977120181451327273421,69826811",169.3896999999999,139
Andy Reiter,35,"169553141413276405350131329663317215247491051358226274510875,444303565690144818",3139.0833,89
Andy Yotov,50,"3392551968282755157841928581,892123726141515511158298292303959244163534045286757145414152571444012711064961973097198224",2290.97634,163
Anemone Ratner,50,"4869252144128701566323561,478912176983991294951195236153328488126435241231301051317393571,613340232332061856603431430161112452014",1994.65032,178
Angele Hood,49,"9571521587384642202463938202630554174307668735621641,314108156164246417702042542191,8641,02853481388281310513421122314923934716",1610.0721,170
Ann Blume,64,"481,30356113337147696171,978521,00149217251,3227731433442,075953313264462597911384086957461072,04320303245101504327639861687242516076286527241513899202240963811471",1870.0106999999998,238
Ann Chong,83,"96311731,017661317414141558351474475577178933820528171313852613335915110827931134944561671016512457334722255179410728493347751334536110301,282255238168198232617121913561709529365139119292699402115617538",880.12778,264
Ann Steele,55,"7967666299665239141662692150017647831313269225169130622283716982516808343039311135296,4409123251612533728875262840",2091.0534,164
Anna Andreadi,91,"343299854170831491261727246101623413143472921085161051911842355315118643323719121,32454110618411512753519777582762128934195033185991,6311,27928442511413043569494215131641161941484845981689693368567171561420714913128784283443",2443.093,302
Anna Chung,43,"322794258183818512856231331,23720236108171441543226744789603960643333207127111528882721381173100886139172248",-272.12732000000005,152
Anna Gayman,77,"5150411711297414843142586692333239112547209251213184161201,2085024416452546486614891334150816168316902459593079751316618092,39613158364930476466452451964991535224134179428403914697",923.0617000000001,249
Anna Häberlin,76,"4456785121784374710246434072818389461875889412333151162133502824552414610112552011021,6521161371388332,2761,980628637153123612362084841063417387451152881031404567120264662642524693631222687",2466.01172,280
Anne McFarland,79,"176974847161142561,093243911,6053861549183410391205340132,488103110204617202628378351281,47989239268318201,4822,38138260526130490035113272424452,0756551,187187481038417975871222722323031022015914383141804139232133",3238.5851,303
Anne Pryor,63,"1261402524105156269143381754032362831,5322512845497793927552593119174151,391498324961022651046294372722501914131348583446821,71612,582487340674740723946588097",2992.7651,244
Annie Thurman,55,"661671,7179625944814431471608610102549201419162,625185052321622480462021745533291897383713206961,5182132689846116712425973247114987291293",2659.7779,186
Annie Zypern,68,"164536728204182,429411540759648937155965581601871521232331442291373001681391861294351561171631146178342410131561,035262173848411122732293082411291226235261933363552919",924.3602999999999,215
Anthony Garverick,58,"2906113239562852115861115933108306140167441,2142835332119462825653597105127514227536293591,91934814655116807420117322119667150628421475271324335",175.3065,227
Anthony Jacobs,79,"52336722681671,42231361,7377041424,626111146030412521292231632413222582297337191228885918352471941394654137707534018871962595195582313752114262907437154241157148723084528502898753326",1172.2402000000002,232
Anthony Johnson,77,"11760311222372517141441747111768192712125142752148964153051915951991041106717030427920451,05968112159114521771389847957473533333622282331931234652018481,194325811899951359528257729365",2478.5824000000002,259
Anthony O'Donnell,60,"1094116399521,725179271153811,451744861314062071195791810897815762677867627273424105735200202631614812785066364222372711226520543141,03916276702287311347168",1093.0996000000002,228
Anthony Rawles,72,"4537141,02510932132129191,078458452306154922958693717727871,1154126143125383481589797328193023161523717151,579708023833327726891444342340184164131,62641717749487711,1391301443851738056231",3117.6468,248
Anthony Witt,78,"592081,51222461724354201951,441871785721231378107435717196357204679221221982867689241472219901120754489641071251024515911695334502027491,379284922710460019311101,272255115155168773254412559",1216.4120200000002,244
Arianne Irving,50,"1,6801584454144611019413232089191,230285133532849173072146713068611551731391211244871561462587651111445168005674343164505",1538.1774,176
Art Ferguson,98,"6962344612262486230432432213221184,19510591081,2752,191255447594430273285746353639271916619504320253612427651250121081787218263540766633452589517427119103591299671712332432812,2903188258568125621773101,781229952,29267146601644323314550702077318",2278.3037,326
Art Foster,76,"1635022225616831466413427166221243951311081034742148288842,973258154618776156402036620125360600313915119119421,2449034251573620619512217954747263060488514992,5502214630411128485551,70350630539457",2971.2347800000002,283
Arthur Gainer,75,"54179173464791,024897822451162422903921431573,243721294112932917087107221,8395684241949914559443422277917365151,6225523662801716636382293286804061425314546061441,10613311714108117178842016429",1733.2471600000001,284
Arthur Prichep,87,"14022314431167419277543268620562691211330333825149325222076645666883119852496571375583118131893292845718919723950239633617317123257738432420981541246535452391,42235310012447127172992,7617602424930181483031256265",3137.6156,284
Arthur Wiediger,49,"38383930388483253340641,2755637964681611721,29084810529444751,11835771029354913200571195468972,02010231,273156374",2680.9669599999997,175
Ashley Jarboe,56,"1921111,0263890235263624940430042292,571208481035125869932975345501384463516177516656463028647539163201639801,9279252571422168851191,7622722",3006.7032,195
Astrea Jones,60,"119571641991663666244911687312335651368992,5452535849279782681477877402711141732832912711112299121836420428167741678077822101787698134196081144102135",2531.3579799999998,206
Barbara Fisher,62,"18786344181,274285150611321119105392214327232130625814775111,6225413610026721714334892711167920315953271357630583177921367176517121112432305356115",1833.7316,193
Barry Blumstein,62,"67628210827617499917494383731013501,1651513452918110414639451511935832301122361342613931880681065213755106722341710769231523903411898260854217286347",299.4246,211
Barry Franz,69,"50418114151,23421274644018956375459343210176113846684612962762302071,2703215294353821902031424662473032554122811349604054377935020934166854,5193,622683244169296605796956616958",1115.67056,228
Barry Französisch,62,"211011,560943736758203220141,3352901,03648820525324603513341361326013847175124472294651421821246192051267484291,128167953202134346212126823484965933285381",940.1213,191
Barry Gonzalez,67,"1491506446942630844435541527631,24513114112941,37042741369411,8811716153631544519657120158100261241,5816981744821868196100163372523267155974660182242,92729420040351033652719533",1530.1779999999999,250
Barry Pond,57,269221222531905351327123750176353133952552217175965166563320230811784148462785371451219147659524213565318627481896604317134942124,2090.96176,176
Barry Weirich,51,"351,064527293208765919310534115243586115056322,55056739179660946391003,809178149608656365432570209145143954345345024464966571855114848",3695.4033000000004,216
Bart Folk,55,"66304433408830212152283501331001651461,51452611812138971614298553943792029926161,01673757971,7055005402562296313676311471679799140951385502211",2084.5089000000003,208
Bart Pistole,70,3932461096632583912891365230658421123153314288992393361703123125113307338201138475222201704425352110254273953715616209254165058342623710039243814884962883788449313674218,984.2587,243
Bart Watters,96,"48047629224114701,27244124464273,2384417751193257692713174116521743126460501,608570335180403018310263324462512911544261,004942466902018216049983622108784475210035388225166222021706633,06064220372,478689892844143211301691112274144,3635468148129570150753",3595.8858999999998,338
Becky Castell,87,"523820976654212445478340417228111764235114282605851304341,91761416463263209933623614622305804514908331628194269856422801478937146229248139651126813664216281688816781465333742137620275522216550952414526611",2485.9604,300
Becky Martin,78,"48277208,1601,74027617814432108519968474573955824982692211,051217278210308753507630216662,0576542011751662471001331,680116251233028525329111467718378194114412383573401759633215012451220171242923303710212478735",-1096.9254,293
Becky Pak,58,"1071945,2771058225553100116527990120741,2703235623307532751226289129362715476406126141114133853333625119262701949489245272246881628813912060710244",3576.20716,221
Ben Ferrer,86,"85671762502563892278183621746324202,8787808705359998142947275944510022216168154121844023735107101241301,27112565641371923196314164411152514125223101289761154593414922754320931,20916915952385763486795030915031241,200527742617",4135.10114,316
Ben Peterman,74,"5684112162,596561108555305523467347606493041,1001033410618116510557559321,02163392217109511615321311647246715615107211921034214155754103391,870942961,1201332725271432549661820551813101",1343.95582,246
Ben Wallace,68,201311598704558068515112651968761624958622850346881055710912415314713622447689260564913308153493634282913341107313661097718251216839931919339436311245415153485449342448,2352.20638,219
Benjamin Farhat,62,"1,211150401233502721435710014332555657176882772086198836172,0142031031633161679734693102194471595844239354245209768128814121591454485153146381332015814953561,263",641.3188,228
Benjamin Patterson,67,"2961581236025753162227517814387441929114526494553671551,879118241,0232,0801,1635475718512325199164460300211,8419762472051934540544662301242658311524583600616711148435012464171",912.2121000000001,207
Benjamin Venier,61,"2,0535710246248297412101344364321633402,8801,02640916148342966940121220752451,14230221619332073540321881332273215544192908066241631,9041,029458209113117762,32192618439",2819.7504,200
Berenike Kampe,64,"78530625744642861024021232153535141154033151869312592138243772392150529792810037863409755651083,7281,308747943946126015214920122125894425224665275122245617",2447.6789599999997,221
Beth Fritzler,58,"314744714551502475433416928154322954619230717342380275161011301231751169334271425932984082713615710936156744017188222115161,05835740911410953",661.45284,196
Beth Paige,55,"1429792167258152231543121751002,90722020838251989861186381319132181011048364622258736633276221652747131,252401,2821236471205100419113075",1958.09908,186
Beth Thompson,70,"186741,4872713035258103361329333983022130140192614174574426010722712218247344759073341,033734859223724038895102961332145496308483581557698226164221223415660157438111644",863.9258,234
Bill Donatelli,69,"39823415490801,3892963252032,568651,1225331322446382401375093121663818240134932006459445757231187210524152764514256571,4888228440302631076221435018891612552922273572117192692",1622.6797,232
Bill Eplett,102,"1931729048331281,2833809679326426261,8936134014077661102019487131374988225650393256213546724219121521503127951284627196787719319894131611,8892201151,0492128455653566221593521270100391,2001,92935279552205885401537750392,4151,46838555795749445237245272698684151,2344824",7410.0053,411
Bill Overfelt,47,"97359351014214112449198255651,59312421,14141733122248431762022183101145211240311117639503736426328702136501345612113",415.21970000000005,158
Bill Shonely,68,"1258345887152151548563626621816471323898182,403509211521101476120819,100251016336580587621659515310930998106274918604153821789368483117152749332673848502573862582773657239",5968.90736,254
Bill Stewart,66,"9886856711578237104581042949028151132991401861131082,9912230849590146743,21785412114264911100664786875919366243224777913814557283201669859144490086140907509242114575037",1815.0301,266
Bill Tyler,50,"28123123853017462581441625976381471,107201,24960292312521797101403424002401,2445212,0611891001218017227244161,24186433712291021725",2544.9303,183
Bobby Elias,60,"526195391902453591,685559467239272313382360282627882,843876234563070913011238974861,650611,48744325794426592697351242482497112852816430776442523394914814144",3789.15606,225
Bobby Odegard,57,"533120100586450227683696233246433183085490391981761012879121,504637199101989431273,04632829551004222341,7331344433107458469310412535922917933131,094",2556.82472,213
Bobby Trafton,53,"362735457141626152926642346275873791464516454920722226777374198517275841659525181310111,565147358739212269288251722222,40831",-469.7911000000001,172
Brad Eason,69,"55585443831196111292001118267652667127191801518810118107505455730110234710193108475283213,300195388491229382139142233116681021671,654210330143611001041,7186433736399236149496944120241",978.0241,243
Brad Norvell,70,"167101583635252400426913726451492,668304153745563525195797647127281734139681,491729705683145116946642613843382565450102996777182221,3611373,4171,0662172716224644582616091321775211592,509132",2124.05298,243
Brad Thomas,65,"453027291,2538010642303491305219217159291037847356293430404748488139411575330329513013264340229213472083027815285519331091,80024815221919922734182032116213512423115",939.62794,233
Bradley Drucker,44,"27469147540729933965322193336469575514293260311528842,300431941312124025982,940639455374063601702597318135910214",2381.066,181
Bradley Nguyen,65,"945347362052137583530192761,0031,847661172171356461987428334485226046162462434553640481,0571672782127632421950441187201363327525611524627071044511284548242221267",2544.06892,244
Bradley Talbott,55,"25683223160458142165,451711044192484515211055220402111258333528744642489089222482239169492719132211113401606817193189570535650341,278",1453.6353,188
Brenda Bowman,63,"14223764732847148211140230154963715687258521494628562801,14745329648111,56916017213265964630255421,78022018321,158758921324254212,45656222513768641,15918040",1738.84688,238
Brendan Dodson,36,"113284632119731,262497192,28610015239435301,208391975217122161114612405611193236388155512356226445",2024.7037400000002,148
Brendan Murry,55,"771739116359332,3012,077244221114339811380461323217447222311266235554927138992432811135648422619523267110584142121,1636116104873725143621",282.13467999999995,157
Brendan Sweed,58,"62110645211195239991608085111812796379213973271298432061482731,113168395371338823511662545371640231,60717179143340593149393049719171,0024178702",2045.68872,207
Brian Dahlen,48,"121,3263342014915319593461822424414552330859365654322944660262442045945713148140612422344416419171111232471,6572311707623618",1425.66744,160
Brian DeCherney,67,"223345931149017911711729933615251171216853485822062797646130494819812810961761528046312510626194324531951921,113813449814347302193107383651697193923251293332499771",984.42392,207
Brian Derr,68,"2222592323255491132169533197406041,8591425357113216523216523636944613126887127263869511,460249462273192113532992101708645552911161799429236721803,4254537375482637201395771",2792.3093000000003,242
Brian Moss,78,"1410245323251432015460335857362664368422332171,291381898368246205829291866012867220348592271610488234151033825338991042222691558853018115152241,43734598227222729140122622982461,63354482710214447",4385.84518,248
Brian Stugart,71,"725862886331692551,1963141622677730581373274631,62352713755538442503838717521,29725610392,9631242711,7201,933132712328441722739828250812451454541593681977261,734171234768077610291921",3612.8758,278
Brian Thompson,58,"4798999120113264167115834489812611303465182153988479441216358015111448521552931248145725139930552785210622927722297197239453789640785193,2431,003123",1795.5495,218
Brooke Gillingham,49,"70523662,22718856531,280114601317173596634341752133268416730169113308403114828588748451,056407203121511929319251414841503337",417.31988,153
Brosina Hoffman,97,"50419111,7069071154919719011725137981126984462261064232812181453857752,9441,731191335262112,8111812739729147924804481661,9771284729291332,12112891828290510112361863487361,0094762723757255808396495317111826866251200108103342122973131631232152",4876.9398,355
Bruce Degenhardt,76,"11079747984171897644713924120184175158679362957137622948747867434147509526429265683048724719591695667555453111,87724284542491656728551136739153751917124521461068701924920215953426922816",2475.1561,256
Bruce Geld,56,"102,55698137529362213325219950332,4611,535340383147311075430195340471115511160441,217105182241724082820221384862317866730949415712228164917062",1426.6284000000003,198
Bruce Stewart,83,"780266220661,5362193411271606328291943144795250237291362215913824683178024311102508171108170315322412133132971,9952511239598241,5331307917497390331426736364193173921532811071461953799916126108815522649161016820",496.95910000000015,252
Bryan Davis,64,"436334956324451,6225134019457551,243607243710644576222861122244951316715140140938648225235782834014725849840836052411,10467121,2151271343737259649527389196865",1528.27026,228
Bryan Mills,84,"1,2742735897651003913229875134346313494344141,455963351764761862972559623590323036541457262599519312661573244832357587553329205882929824042829344201081,27860561462588322327495995592,863619903341565073264",2512.6168,278
Bryan Spruell,69,"163116991351457043661241,85669321148986441641915602262587564124172071971123341294722018281431,281384150219236910134,13696298282476365684757676563059222435082046225171534",2783.2074000000002,214
Candace McMahon,46,"2202,0171541515200212464829501,5933421146118142,86367425340102141,122261530337342724171121962721657338933568112215651309725",-2798.7906,172
Cari MacIntyre,77,"51133079644326532510129408210140218333592,183299116459503603833712271362,6372633195043514956892,9105093302392448927979160191459982303833151470246313849302514244956571981106255491387030464527",2484.686,266
Cari Sayre,68,"1617229112,3371,8361,938243176771,402270211816666914757924159111,2869251251515883332673,709110188272181572114927320273259638981171344004481274127273351681247130171341,920630",2915.3282,208
Cari Schnelling,60,"8253341684806081592551237376312619048562242315926241981949780281471,9542824615711581001836019810111265306724831622541720581,0271,3199861168351749",1319.8943199999999,162
Carl Jackson,56,"1332623251,376123625019515622155232139887254121,822885145219111281142451288821676173915855202621714219154899872672,38435033553512501717320229666",1957.42696,168
Carl Ludwig,60,"25948135353911912434619115683471651,3633,408491915121106557351428531,584571,30115560561023620710498173,54736506262224034229775693613783242401653152937311828",-164.26294000000013,215
Carl Weiss,55,"64708457574241501223443742915114338356581,6225611934523251576401,260982864152673281365473984621844439632806300912615932,38021134213218554",3007.3994,218
Carlos Daly,70,"3,2722859444254878971699463719718828490369365150433861316597322314241610232142461547765482711,1273011429137110251224331228189224513011634112,1291,26018469471,4611,104487401325169100",5028.9094,240
Carlos Meador,42,"496469073545165141713614108513849147101376552352824319223721,6831791681527810830877225101281,571411227249",2206.362,150
Carlos Soltero,68,"5016126828586369738602626654060775121,29416466301032028281321001136572606165519250442022799731,91250342734124220122211542052709747295182644535915641650271287242429",-1000.07596,221
Carol Adams,57,"142116,9993072013822144041408921,0244402461216731591,46141035311679841184522117392,0001,2911571,031269272953181,3617619563543292345627862445121,1937558193",3279.0813,200
Carol Darley,68,"9040415795845119362765501251,725116224066623921638172281034315180468234899454415463505227130977110100165416252192251908923835615923183832831492523191,13189111348379289",1880.35726,218
Carol Triggs,52,"1612987219416951102221127013024222272528612201141,05836483,0391,2142114332419150264301504425826185596324958411512494273134592708250154",2437.80334,173
Caroline Jumper,58,"1,503450345732922413327482347361821539527109361774,0004432006485441,0631241711571413951812012601,02360121140492,80493339673430410135297091586250981010240",2417.592,222
Cassandra Brandow,59,"76522673441041712692649724999919389272930841434946207128571,054229124987327776116020535268024416271,2318110258291654076832951782401,1886709",208.82850000000005,227
Catherine Glotzbach,35,25714123137761668047626956124212844830451682868240391674207592931331879494228,-246.83939999999998,120
Cathy Armstrong,56,"565583707439711361921305953043469164137662143202175982593613514094285134881513414041218852,093732346170193116602614128355473550610731201815521",1869.7699,207
Cathy Hwang,70,"1,45125276901446922932321710511232783116720119423001,232132247451,12810114618234141262566144815346143343431551251,199644373277142777132261751431893785723052221229072362440656235997336",2671.50966,225
Cathy Prescott,65,"34312130594704755520933337388935517039162381,71845283831,1375381691,927111031734418548841654941315826362191,298153757753031639654,1642132103235613924323334472734623927",1750.5737,253
Chad Cunningham,58,"6062724239544934254344359938219855132115684145239984431609106723499488297133896930931278697194119151190301616562816102108341632,1424821393128",2622.6274399999998,216
Chad McGuire,43,"2065014516025122380227668046181,7166682593724292,761395493287138149351,9433962084067875301,275232094878674336917217356475",2442.3472,160
Chad Sievert,48,"140672322112313401112130214239212625285382161026226117320032187989799137537548771,0584027710915868135228221,58622513283425171",-4.067100000000101,185
Charles Crestani,59,"5010543209127857613817211477491,920227658271971664648253204852516229164748611798691722636521521247421041160104837634230583692,305374993432538213",1307.7991,180
Charles McCrossin,55,"3525819416354485,7381,2321441134754864376554408429389988621832399419552,00453497334549522312810227123711261002,3443652823310262362427233071215",746.68682,176
Charles Sheldon,62,"7461501961345271671241184661,8634242564116558183121,487634433793,182323674035368091761411623841779421821644109734429981432852391982161,0541,0131,23613624063001705278522",4328.5768,246
Charlotte Melton,55,"938834129217183575081226327497532592144478103181311196134455612020182462220544643832,954462815012327961831038295331202846082631271367226",117.79151999999998,212
Chloris Kastensmidt,96,"1081594140351304914352781652141512841,514149661653501453112774843785817375822494144617613545731,2872067947396102975115307280254181241922304835091012878304045685369130198811811911155861485099315217743391351,040151521624855",965.81294,327
Chris Cortes,87,"121191526115896425324663232141677217285683161572177160274819499466381222883726886680621100144538831108193628353470421,117283163170669452295724354635815811615263474134194174178434164812514033741081242711",2505.8885999999998,268
Chris McAfee,44,"13510724655381209127382235685227411110111958347439759952763141141,400555024068019303,1393191311,2375758179815530",1887.6977,139
Chris Selesnick,81,573647511166572939028551456546162173988646133240571318175721116412072790502928261743483112561208171512319471568338626206397815129281102401033641287251240231564632231828911549424125261771882417,2602.5059,304
Christina Anderson,69,"1422545157152102146103633021,8921,141122981580108352383873293,315632123382889132860710084841294711591854265241,09662452542527953321002651,811546225463211725139210328296144542442888",3662.118,247
Christina DeMoss,82,"139114381033159141,285734943665101911834928274171238111031122,9931,157698766329303453118780428378810632059881674389910536261342945912217542,19144462232398183111128167165100111011313396170834131004110912345",2591.7817800000003,265
Christina VanderZanden,60,"1,185626642240130243649158428443146591375235265119765210119830871412332604505364612316414351480211176186161473739728272671706098974067462,184",605.33728,185
Christine Abelman,43,"1244932360712142045217268961173213841275161811663013185637714122513172925046723517991,625243583734748114",867.15866,113
Christine Kargatis,67,"1,140216073182219416740621464672511114810310543151,3924105640336114338160263031563155534673462174534231,441140302641899456305864930141623268226159872881585869504750",1380.71322,245
Christine Phan,82,"591111,5801,07261415535188200481,5143042631121644414882458931432210946553850188053562210156271,345161772291211271343348672234567108672866228110257177124405843114102677652381441166523324,00159710327251386119367445183301",1748.2813800000001,278
Christine Sundaresam,66,"811991529163137331772142181445620280154445214164406701142938279581023345148371527191124211741842325048024174114311560204541326028109351,1137712041218220480233",-1.151800000000037,188
Christopher Conant,73,"441884113261397624214296791,59214582906024102113397882362,6998,4001221062882,800492413225180651591,29055387111551422,13580422631,320118331,1371,180147148318680179641373132104621188391,7631,201624223115",5603.3337,287
Christopher Martinez,56,"397509211,235137185179272,1211,274391392836,3554783269611554169739627745814317152764682714393195556969695546922,02294054952416190443167105137222126",3010.03432,198
Christopher Schild,53,"132100310541752313474048270504387744826333244106328118321,22022424282522608291331064762161825823454543384647315521815810844330123019053262168",2080.04256,197
Christy Brittain,49,"64349800191815971435841901744921031027630195992052,54427760272629353490321,440154274060921682787405145147106103671476722045962",2087.0836600000002,194
Chuck Clark,60,"5977577610746164928269361828177181119181727293121571,126968241372323305710188091212676332132171,27316551834374194168728737284766714263128165812848209",2940.51086,229
Chuck Magee,58,"4532014237148115231128806922624477201,1473998923163245364735991303718521683051358575125227359311531024582492754271741,62944412,84258235817362",1476.65568,224
Chuck Sachs,70,"157168293214197159231249815831295573511119747311255244342,67420333735262314332932636945296459428235158771,072613,063231167137135585326319786128824734437933242,121848665562384137153311",2943.10958,236
Cindy Chapman,74,"600101565158147693691,221258213796975301,774354681031131112840311121,58714416245394654352011912211686553534151,4629528435132112110781,8557814650311,27350244942730758645121021653051441539849845859",4034.85446,246
Cindy Schnelling,62,"20517226982351072610101,086109655715111,31419624315413719738776771,73135810822496108101302470556220757431125741841442330252212159142906243118918309525710338731",188.87189999999993,197
Cindy Stewart,42,"19365293582018838132612371881430101333141705435652817153961,7153221014863613524,5004576025828963121171682776",-6151.558099999999,153
Claire Gute,52,"108451523113153332462452151014452682711099663516469674496924945899778271507322623584183,5701535038385333422735994220342146520292",2566.57842,184
Claudia Bergmann,72,"202655186201079851072298123201,0623807122301581237357261333443021171,564100821770529151,50938329414772373128144018112126223430043267332014399147449421820811,5493229301,7143353979131410",2167.21744,241
Clay Cheatham,60,"34887220725185524249172051183503165242920306109139392661012142658591032829384020516613169361601007443225103583963641,0285368456034157489239451010",1524.5489400000001,191
Clay Ludtke,79,"133803551935219612311211,48722334144809544125451660443139435308361792,549288271697566851,006255811105582621321832344441146744384087627954182195304155171,806310291,05251616421181183931271145612239145386251",1323.4289800000001,284
Clay Rozendal,41,"1,1611281091371521181134395891612301056191,36211369110825321461,487188641227512924254391,6732001132,6797311646",1945.9958,164
Clytie Kelty,79,"16430201,2443212330829034125631164925722923341,22662936529251,327796368773229301156323180602764121311411574994481701004833887082463754226983272273312375922072120982602220241335924412042684315339",2373.63598,289
Corey Catlett,61,"1,729266244511161,20358029211,1332472841754767112,28443562670141123944912031174202117153293411581219116333381099978424481462526271492841,95417588615253121352592",3003.011,212
Corey Roper,77,"34914485020128945318596192219208534919252011816616119827337983216115101,870168951462,7601221076795315815138361,565205373914417294895225016115675341,324254820161638603124221482020283,499613568694145",2345.12208,262
Corey-Lock,68,25017911317122738276547246143271891237119317252144510751303314749342755862953473652513427111192613458171355434937070665437926319722571566815530545474533180185100534129,1196.03996,238
Corinna Mitchell,54,"16971401431,320148443836649509418348209771,21390431572281253094115344681120711731423132952,28015262,83020538474761167515214351,7058815522",-955.0624199999999,174
Craig Carreira,67,"64191393260244728015810210124155251,250696713742484654612502117228043412114163230124241,140116245413135200645772131295782292725693220791839278747232022218940307",-280.98170000000005,210
Craig Carroll,55,"51851888717320422163106524373991880134806161,43183393164492431,30320014115132796644211276811821641,829215303625094312033851765781011,843664311",2249.8603000000003,210
Craig Leslie,69,"6525194,4991,3081658584341514955713054223165954244618866654160331,133231,32616346084293511186027947720511212541,031137450960101769968421279818744673991592214415576165559810218",2670.3287,248
Craig Molinari,54,"482437205217158162451751,6803364714977332913412167207561218623101,228556327843922852455753597714629825198132412525024121797506445",1210.3413,179
Craig Reiter,77,"3421744204100381,5032322544640677350223451794511411753417892541517387322317932308202231031341143545,1753336416271,480740491983347139160643074492081221071986115845515535415117117149051,052313",1435.4373600000001,224
Craig Yedwab,60,"3190525444421030691467306226512572,3663833412580547606463101140129668231123321419732723501478728663964833626414716632831481312114275528961896050910",1542.243,200
Cyma Kinney,69,11572863502621992392497354865517521216293996266117214415117277639183196147151222556269512493206977262071441417837251094248151693644910318878254473106526776563114,525.3842999999999,211
Cynthia Arntzen,61,"13035101,22833641313191313505228662219163933,547211131740175126232362523925678235,75219981,184275331239740221243019810119957136672587431761864924916498339",3891.2644999999998,213
Cynthia Delaney,68,"1216514817503312743851,63017060371185149467646431207560285934157094431527850920171872,4424646846869122292013619284431360273495241392291025686210685731205713632",2154.3026999999997,228
Cynthia Voltz,54,"2,5451286846953521935922935427302371,1431,1358418785749771319146311,1166201562210422142214202081681101018829623113335142522203354521591971225842180",1910.1065,181
Cyra Reiten,54,"344355131281902911,9023441711427330128364523414182158301138943817512615239765158103192198230936345320173,1954765959317657581372821,601543035940",3312.72046,188
Damala Kotsonis,86,"8530374292831,8521493266271551,58931113535195215413322552951023594273015103,802333736042034724657549337418032662459981181124807042175931,03380363226311113816262552623133884782857605094652291288735546134218",2917.8505,274
Dan Campbell,77,"221281148133141001051421681101687145283011943147112466516144583867422276362768175681924207824016124103138248331,615424272322415216489122979494611074450435898616439193041,7581634619",-70.48979999999997,231
Dan Lawera,68,"2,8753016223833241289052395291134418883615182321142547199733020181711917820224187451517256483480453011561115245656503032755772422301081810469352141821319521295",426.03500000000014,270
Dan Reichenbach,84,65814831102552923288854412122689001823648825412644126204034981475538523411925672732503324228712082485230179847373651481671761143891611710017268274146392531880230355842198322116281436982354719985444716413,1984.3986000000002,309
Dana Kaydos,70,"627835847759423594263453373770861513151299420731035375893113593662951,78186223109611,77286821241049504627401271321419374588845278219230017524347101534257295725786133,309395339220",1363.56276,242
Daniel Byrd,65,"813051113227986110459007169553181389968115474601555881322571539624483169159896376243279257503221153672611,2281,70959313427231853944129811,18812474034461483515",1656.9395000000002,209
Daniel Lacy,72,"62551,300534168324623231378124441,641164130435020526413613158743336302012517923257238121,574273413694871,700256591220478514699628022253131170202106745221179151070502524",1108.44,219
Daniel Raglin,85,"257203252630254,624386634013233736716126350117104111,089124611153216131,1773745016199451213158119911,3945,400301191,2442890242393420191651115546515261,39544541847855714558301136501017347963441124133482482128899301431,39729450",6103.97292,289
Dario Medina,76,"1401,928807953091017881513346681362867142863138345714847578560262654219426712162522766502370925989649725155991720124781301939760129109558610496832497121,946863,117291511391,02112128825515176",2306.92722,266
Darren Budd,31,"146880361733202,1233,063274553461702261420254867313763702211842915031130244100",586.9649,98
Darren Koutras,64,"5859649171315716181791976467248208261,90338472278348772281532841255735122819259246633010553,180357131174332817292101314526238661247247483526162812187312484",1287.9167,226
Darren Powers,82,"169871163947530393142169311,3831282516514745926136157163821,6571139075593832116120203613691585911376343561583453421381379756391252262241431323073647790344495825530296446577244130677236636382191754",-517.4512,275
Darrin Martin,66,"91902882,800601464288684517116211957141824119142792997129109862310313215135211387811981761,75471439925104875276461024562151298017127824104111271050187402441906071911",1991.7519,268
Darrin Sayre,68,"276120321468103619272,54410552693447066138222072091,03528138727965644292245523417622011341122773911573354419243180851002819799551932401194184864301526821014777335414614",1487.6673999999998,252
Darrin Van Huff,94,"614038932288139107371,39522534723198747110341252478854587114045235341964153331,1677591,76817114672262719463063251041,46419663867139101207621,0763082231974994142,1891382425122045731062221318631,429709227111810746269189722657414",616.32492,298
Dave Brooks,70,"458880151,32343,6179731781,2751081,235382819198431113421501865615725813193828111,00399114504087271428972261093620142261,3063,73925368259923084311347473241241621228865732,044266955639273",3652.3608600000002,255
Dave Hallsten,83,"401821050816616102215532301372693662919437595185286624216171,088200845024900322519550448450106514046511061459247862820749532602,09616915613939643795533222026132750129304994927718448113351293851314824495145",1681.8685,270
Dave Kipp,64,"38034115466411625518277467788231131,65531550118524824461913641044049724686181,42845148155101021,42988223207511055065256614162,273479605611475822,1884183282451994814363",4080.5637,214
Dave Poirier,62,"71633155645248102,5272,544351,707331043275835092112,4991,2282118691129464138285174725461692671817413739525118513969480222850100221502317620637215135,30183582913253321",4600.1323,247
David Bremer,34,"116301346151071736441182915692118129311829594513322131,54920471361817076115101130229",-2270.6965800000003,116
David Flashing,52,"55433418857985813496141,5937039191491122132131,440626263301530334531435791497063146462547245536771042617558133158127251677516358",363.0722000000001,169
David Kendrick,58,"20635254395473901,4163340925324,74824110010117192,96975410475096626184529137183171493049705526031171351194441553049317551426864811249782803450",2179.1376999999998,206
David Philippe,68,"19118422012158871161146486725025713324827441411,667981,9176876433219288412047153373159200147531012666739945047498168770731,4696581329914493151233,8111,7896246950178208911171221494560",834.5305200000001,260
David Smith,63,"2131606775736095152137261,4621,731563526246622222586811342211714403320370133439146445219434834033137811352195246492552051,10665736411728126065925204716452",1713.4145,219
David Wiener,56,"6542896963614210966552413124355701584825279382,187756142101753421250770325921177131443181237213121333112231873252527614017710263639220940",1739.0983,187
Dean Braden,73,"2523838259414431130181425771212268191206820317122365834611988758718536519265707856367114803807310133655793574287141,7185741715198619654612710598343515482282166701,31446134",1425.8078,250
Dean Katz,56,"113133342648657916325091151482300538034437706771553132644707470730241745313832662042252563460291,2962942288276243736264245148276728",1007.098,202
Dean percer,81,"488813456398195,725383114108223546115256492,3221838192555256392171327495260081,0341814145728210329821452840283448711942861358693938544185043158396057425247262,3143421201012275812221555019205746658",3959.16412,260
Deanra Eno,55,"49132843712201,27313418939858664681012443757947621,640390183971,408156316165331292927564484550245588111829824614135171191220144431255337",1735.4974,179
Deborah Brumfield,58,"34835873120125770193291310376827726190344448262604596241554537392,07963072404184577584907626012149291796432251708849241532722121,121661279127",1640.2389,193
Debra Catini,54,"1782280897626831514203,17866923481202544815097173146144719011427788607601372,61715760101639342219150111,0123421554214896352119168308821291074112",865.3341,213
Deirdre Greer,64,"133491,0382651657976132108946649362921682837591242192942692558287618427115636955298719171093037412,58260337289493186323518271042339726227532281838671,980807833",2374.3181,240
Delfina Latchford,76,"1271243019954103941941,64884846719113321913323132341444065341287321248492335711381362687539868571,3997039345544110871,8463,2211,27038522815479144193636120715227158782702739404923027310932193119521",2798.5357,304
Denise Leinenbach,75,"38102693186662620380713619558487432739319201313,18716295856715149296046062078446973386394842011452293150103108482074602872,06816422013282410617313713152641241588411,09425030830240411113477",2747.4922,281
Denise Monton,59,"74445139311985512111,018486768554268163421283521,16968013080361,110141917377263,08542823512040540741222,691561,8662061491492,098521547585511071209043228813152",-2597.8029,240
Dennis Bolton,52,"822,1344243226891662493054320451435148146207692722237533212254154401541527286100299151853339452640337945469213410483247109121171392321",1922.71686,196
Dennis Kane,76,"6256051359378164501,381161992,5501,95216486713724814212085131180311428708821251312110966322919822345057312259631224397331116499452244591,008418775226271142426132351,01819134581964024853227221120467",2965.5079,287
Dennis Pardue,57,"1939451097181364206321557154171303714183593771467221738711731180175114811420144,5361133682741644543467344935647843631016195911911681532",2688.1890000000003,170
Denny Blanton,51,"4536617881363981,771836018932244811440878227151192944460623351881,249460241687015,049117107577212059471979743382991114850526148863",1958.55586,199
Denny Joy,63,"2,3141,113553172960715979402461485346814494382132022295742831,853393458442,528154463091,091174339552280311,45516152215311911133244165151872,1032,671137512084515229138158",3255.39614,232
Denny Ordway,83,"20428641,37857142561432735645201067613371,166255284221152881470123758439562,673171262602503522924537985493,0952,15344252736119512128762654410526211813103133143910418214247293033544319321316710052542615194",4137.6354,252
Dianna Arnett,60,"6581468610171677155190531017173337561,1371,031494063654018319018649522631,027843487463612223322132,180349903643840104415427797397736384477203429127314",-297.8313399999999,241
Dianna Vittorini,63,"142502162192,3254775061941375437533278362301512420547553298356321,5131,303554531331421890024512142031,275404138203016227776291231,0943022569948501340647010631799533",3342.72258,218
Dianna Wilson,88,"68345615423111517218281351,5032,00216748266672298134671,85928279985652518952111,9221789121061402035781453795086336850913852152,2704984509710114966742041854058792729344403113456130914463181032230892311655983488135302667217448",5029.0892,312
Dionis Lloyd,56,"101781,20088114716246498092993171595861617417397031613074158316145282326887168381,2691,02087941,072782073631,802841532326780373715341087731287677",1560.868,206
Don Jones,78,"52724917055213255334011418131171341396231501,272489174977530293501,272915319459853181,0511,603265062778044131,2563091067367121716531128193,146117479220812439227371160742149638018834546108453025166219923073",4310.462,276
Don Miller,52,"213201084142518451464718870632,8761172684821177379206422313232995236012926161025826423742121031052022403491301138120365526329578",-273.4155199999999,196
Don Weiss,62,"1153553440919613891657942264282737054536680821,02333431951113415964262461231881231516886351,0582991473272310312031732891641036318514463738938211740231,954",425.7092,212
Dorothy Badders,49,829731137543791641420146230394439233701272051716263174244258606843591122292477362311198521499437424639682026922111318,1242.2766,177
Dorothy Dickinson,66,"8544319268401498085610320391618179120238382139252987989492158111856666191459113632741,10377139021613349231558133944141426603416521393153694415830323718014425",1399.6512,234
Dorothy Wardle,74,"139803117962619648316951332316717225621819044106288678929928485576910132802448328180483991331878602119834542360151301419310030827346698522655563794822151507161658197555279371,27299",870.557,289
Dorris liebe,58,"834416202,3641,591492167354332771463024856464343393838199819023028537626595228306591495326996461,8602452569885206628222122291563684214811133",1851.7062,162
Doug Bickford,58,"33266928488438026544791,01725021412916121381323611792604015960145591731963973817715603883523415184316288217548651334402,180130561,40944927513278",2967.6800000000003,209
Doug Jacobs,54,"74959246491245182123166124762419450973207883445788507576341971,889222228170693165151427148275767141438391503578133178601,7051,142393",2675.7544000000003,198
Doug O'Connell,68,"955978742374114132348834244781051077605087135976106099187822133561,0051,10335430784154180157116758765381210722811071521851982910410673971029533742517200132725830318213",1816.73452,222
Duane Benoit,42,"27867662813071613472821,081341,2831,1421131,392632410453166362715781048933226738316712850538117832,52559595211731419",1417.79834,147
Duane Huffman,54,"41496705018211159483163581261,95433611541141727630854041124711132622554261,520151,052724920571,3144495359036396139368171179062502519",2151.1435,177
Duane Noonan,60,"3450840818363164601242115391739038141799015416132152975571,97098585077622570171137712228434245030025857347737630217959125525927127341514851740977442416",233.54249999999996,187
Ed Braxton,65,"24058738861231491506611302718994175502197715844446742522988263241388035512323731333523581,4611,02846211,2937063951382531714324879235415309017284516888931783228466516",1488.6075999999998,230
Ed Jacobs,45,"333573613250436875736350141679684232,051111757731100276232288833443366622029481,0491705712680543233369318355507",1209.9476,143
Ed Ludwig,71,"47147102541524262479716643198292922106084170621828777531183713946319347415273251629631821217098521821772,635810572344367339737536757137224826840815221017030507020384093814",1155.5394000000001,260
Edward Becker,49,"16042528521765911434931961,52324693239935112278751761863935524635283614169947726951520381,7041999719342403439142433",1487.154,188
Edward Hooks,84,"300849546254086452187531013843841471,3633442852227718279362627294,91328132162159013134955523011722302877491,1828725187925563305115291,11822713262483894301583035993137169915050489646348845311788197749575",671.1933999999999,307
Edward Nazzal,46,"178102266472121161524016012926527857283514761,3501376115383841904230564159713243655173453532601663572075860728413",237.69949999999997,147
Eileen Kiefer,36,"1,1985711,285846649705235485625139237344213537823623177944071144131937849491726040838523",765.4778000000001,127
Eleni McCrary,54,"1809018925414310511533,077822341341,349700284262325132213121521601488181,5083971587764375465194305933109441761,415624124406971941,07314640",1897.36954,166
Elizabeth Moffitt,64,"16290339533281615618325275628138402011416375919117280312211,0847119105177031960817257255121,2822399819818213643725452361601,74517325721630390416183614315205493",1988.0723600000001,194
Ellis Ballard,57,"379248141,0842915019602273153429450134282537922071293,39477449743,97942844388510112,0937791652262791,0631819737339873445298945352131322514745192811940148",5848.74774,174
Elpida Rittenbach,53,"36358914215515653423711111111094576,5172031981731894145226363382742312769822061102782868761854576662787591645800181311338503264278246",2585.7182000000003,187
Emily Burns,35,"22812849380334492122191,5872732021822195251,045985785219291599414141954244494949838",20.558200000000028,108
Emily Ducich,76,"309672971315116530211,2362488302,2801371,72011567352,6216342311011513120527257151171499322207664505512203533714615145135645321,07217047518761,270579738123278552523397517681136546101251346122105",2572.4465,259
Emily Grady,63,"23219101,1122601041055313642871986462072,757407361,580301148935955431834003462846737925132,1121,3947511,68794375194704947130399851,175261314549524613393128240362395387116216",2604.2372800000003,226
Emily Phan,72,"2,5401326156085267085119477672178304083141585810854919836881,6861092943328530838124206863957172134606267715129124823881811001916431776465546131103436035018212632013913932713",2103.96474,254
Eric Barreto,48,"181185816111582674935473551541081,63934199204571983724202104182009401,90880029447512,0647745151452611891397588022057524465",2091.7421,150
Eric Hoffmann,71,"150492424466746267639496351853161053411632987442621119112371,1903275650154650407191337210158411110217911138562612802411518160716826136051561765125746230695264138",2250.05482,229
Eric Murdock,100,"22682482657471848889762291,23314651897117981729184340282137321004653593221489694342373573109388838175455262452251141111,21196938046632718112071214232,2497811911397450532951582378255986660485032241191,267282997702963182729316101,0231083018719214581324610755121,613",3306.01548,392
Erica Bern,77,"9143161,659124101344685295714264123141,0541535667939431513201965617122345960624691,954905116194915745109044214524311306226261146138504713420662713945331475120313072594217381,2643347559232114",3030.7344,250
Erica Hackney,51,150392289107171382336641027301405569666684152071214611717187495591501912263732816528688623515126031234431612661021553441537,1556.9195,171
Erica Hernandez,57,"1375853839871,26629252293229107301471657194193224633486126738045295919118457195743610012108101,032530331814242286515830142311981110563231,279965",794.6513,199
Erica Smith,67,"35657945881822101171344811310610762510768178457494232932071252402,476586263619042188343473530142558839372338268595678719145371272,357370185336415682102513012424842261",3127.37644,220
Erin Ashbrook,72,"297150196922318098173730547150611718721101,06143976157544153182860058202926357136147135267847381795579186131,1293822961210961052841342207632926121740821960103941813320345537",868.06012,246
Erin Creighton,58,"1071365135881725725353431748532444223715911156433826226326556331,793338773212141725049115261066021291704947451224241545737472238",831.7727,177
Erin Mull,62,"160611029800166185651,16236620651248421,51925193421326971439437601128375130641,9012,606725148923110115048172110231313019014715511587637123377301311393111112",3939.46018,216
Erin Smith,74,"1,05238169246895971,2451131251931823013155974941065733431025725129281515234488151,7621,3253483421731011982638993815223546424362544859111626461291941682717456105181,32012417013561479615120",2175.2919,232
Eudokia Martin,61,"83417332917314196103702221277794487521934952540432617235255961913749449826239218601,5543141558424595204546619273715112265885648525274641687976106586",1764.7839,191
Eugene Barchas,64,"3,0702305331,35711174802425181972016833395914101,2863016713176301610161137132121740340223334035225416387922011,200380492221198077151920625968113232123771521739524213",2893.6639,196
Eugene Hildebrand,86,"1393861941211,6304861079812322231191116813910142151304481581033494749219308226881219411927047012113455521822270125088126365121913381,13789040523517093605919144882636741351279113830174,8778201640024121,27015919171616",1660.3308200000001,287
Eugene Moren,94,"451,05420711762586799241696642317183582270989310617269658812069303934124824137103153379536106341143171365629126475015456251,5001364229320538227451133201,771686762219403931462,195414508163951561141022325111434442167211411423428728571,228",3624.25176,346
Eva Jacobs,49,"6264171455385104433143775743654921,993261,065411309423395655479023661381117304574561734917146237614211944433653240147189462091,79146",2794.5691,174
Evan Bailliet,47,1286512607401028081054288520718515811944512394391433611326880134311073080725320123691405038831836255457361211196179,565.6232,176
Evan Henry,61,"550894644411364533377511,3062322241147521102459206172,1311,190401301371525971187116563311181973418545207246589315221028729722724583748921282034471,4675858522122",2281.5105200000003,193
Evan Minnotte,66,"65351953,742178100347314531279010046186363492615521278817710646404526211553457426194285061293345992512988223341638833242,805781709567992471625225111,704869334807859",3647.45576,232
Filia McAdams,69,"1332058814733155384138011948831599960136399854291194181199336196118982,036241851323821,55312498442610838174879244019619325129817231311,0581,0485211,03611125115121941,3551441943182",1394.0246,237
Frank Atkinson,62,"2137776525619436404129271607493209310745198440608891551618137284659419121417160552128020458939913714245290402955734822266431051,95894161,218859506161281",1496.1937,229
Frank Carlisle,51,"6679760316149196154772483549243536146335756442062491,87018314074992125233551,92845032341287206241223941492815862162641,22251331",2780.7909999999997,177
Frank Gastineau,44,"448246181373425497071517601,135440102152635492347227112222144821,253165114853572982627405320859882041179359",1034.1122,156
Frank Hawley,48,"36300667159119531361498533426569565015288382120173,707528231121170187597274518117202291199362754917593143178425412",3547.5756,160
Frank Merwin,77,"1775431001,086871,381130283214211337567211312885103861273162,076746123122313242632441499233642597551194191031732441,5008116138141352592529619125445545605384160414526171724620131,4443441",2601.29072,272
Frank Olsen,85,"44571305336147591,4415041563895130396861,045297558040665955918541029924498561856248247180402,13220281671452661061028232489828149691136253844550548631281012175907335154111495119424847638616742282288936172495121",3023.7504,296
Frank Preis,55,"111167250871,56882485191,08031610240211241010644217515124442638351,31764416400125343841181434158190136107896216117491494857081461194837374",937.1935000000001,211
Fred Chung,51,"100732330149762561322531812420248524532292571191,35251,20115719368255441081046379222328581,641371272888941106485414051460364",1496.69624,156
Fred Harton,42,"1,6746566252543981942126925344238939222181,81923942116773014800108715120401582848071081999577121753039",2888.03482,138
Fred Hopkins,82,"204636442433584232998654656193,1501,24821075100140402,5562,9693201041191,4493,47422241138434801323136932013813062265364189100935340654838254367237136592940286142,295391826214163817301,2742036598705243506811927115445",4609.29112,290
Fred McMath,46,"1,52727382914472603074257153902701211121192317264148564143420313937469122424330112019919303253514880731011514019",1015.5115,142
Fred Wasserman,72,"522126314311013946362959928352251684556101112058433518914274171135491681051281011,8951,7859403864231612622184495516751813844627132101172691061,1143826581713669652115429710637324913769146138",1683.7903999999999,234
Gary Hansen,76,"70258054711422439372253181821312615621568261251726283133617178107100541,3311,333752154124363632890143147146911544116612393024037116636232026546251,0025691414416546110135600660391,4622413853",613.8054799999999,270
Gary Hwang,102,"148429932243,2661861563216281136316762614410743923661257223119104179534632182,6193251784339127668151247206198862013276162124339966153378058271,2361138182018022543227401,040102501812119593422811445017896410161,29443679653261398456720825911224527527126794112017",3908.1151000000004,377
Gary McGarr,58,"2185933283401681,32657236439991,27311973226156321391421213,181392313137731153117249564124223322120258181491,3713760852061,2136985038204021146531118011618",1665.0138799999997,189
Gary Mitchum,43,"758114636229441263323615841920533143604361221581580071342212255222,0704582522825398726159149877675013228532",2872.1064,148
Gary Zandusky,78,"8752731431073123848950807673773797474362948842301483201431269029722002,21819313610195933416115501524619545100101,301872591,652238543081234529212118552121004632981,1679944030275163563348034165781,1062,5533113",3742.4389,255
Gene Hale,50,"140212,8591644645128451,05029114987545277232333273380536240185368112148186821,09819149308125161,48244272115831891,15796267126032913219",2295.9524,208
Gene McClure,47,"1251314167551606375401715860630793410197841,026427721861540741841,4671,48119797531,13714438339850820611241052391232827514",1553.25212,175
George Ashbrook,58,"9849465561250524430318132311,4487843231261617959116395541824362,36747333436667114824935065818332922125185025277173100152241942181084632141687632",792.3443199999999,216
George Bell,56,"31178277142,757842852245342523024121750132128423320739131612155829352121952421641139944221891286327884128729214,44847249150241015",656.2901,185
George Zrebassa,52,"3,31219127514846223531403291361214482142120105473067149627109622246126832521884381484504912322151,6503621,54123336514484633462192825539104",4105.5978000000005,200
Georgia Rosenberg,62,"384803191,02621323101396449262736822167237988154607183748137159222212898523473,79935522264392205839482769126228769512813320633517271411657837087115",496.27974,212
Giulietta Baptist,66,"1241149888872150397152718559432120525516887831,69088863011412286642415728481333012967114691367103784601024628097354938680782253502931826429612716104102276625544",1633.26568,234
Giulietta Dortch,56,"334105444725874735121324701327043225284382,27697141359688723947453512252138357298662230421,707680452831385239713392146278571,9547636431091,100264",1888.1499,218
Giulietta Weimer,57,"37713725223439238154744398931371676654728014112437265635337318612131567562143671,29211259383,2161,44537537315158745891178167254941,1201,1375361817763112565",1199.0592,215
Grace Kelly,65,"2812326472935110033138683226657573444802571754398121158452165925210057372351,8133632,424658491,7942,5762544547499101161304584531316112,5343203222617911693357708432268",3495.2934,236
Grant Thornton,48,"27171,24440217630547249921501728181,086251,2981941781431157286152168142293328521128752261234061051058772241418,0001,1736061673205647",-3577.92306,182
Greg Guthrie,75,"206413191612998070232521464068065191216111581467352599744201,225158376315148161,9731451701388144712240226986219534434271781226346433821157977527512187159191184711435206731516898541426248",1523.52326,279
Greg Hansen,65,"423406029291,2962657381048951216392671753036515246798514411141504553615426211853503092605206626463450405825303269589246720311448232649659774233460277125792720",1584.66962,240
Greg Matthias,74,"19850229379531,432257404123411265337531,98354915063578847302540911828610422913116316520426372217750449476308413222465243311244057411366916528658119911897502414426350373626233425549",-1337.92006,235
Greg Maxwell,64,"4,164292323136617299125218199393121599221281392686324823119272664978127824152461,745162171471295129817092126266713821,14211888231,9501241301402051,322250915942",-11.358500000000213,203
Greg Tran,87,"2,8556192081855241,839724392,1534,00893393024181,2681,3802317469815228693925041187165,7851,24122243714439732985502993784030582134154177308216138204321571902484736601,63512128440447208994677488820371535145212312936171,83815051184",5214.13118,310
Guy Armstrong,64,"3336165521510206119242100282,6064972602491106911265311786138353157174104643543727614621153028622499217401922073451661012374142410839122191147454140323114",771.9774,208
Guy Phonely,74,"451274478441997037294025419155114215971675399492381,7451,9179849306810314095611056115111,2351,4571504151261452842415340371717528126591525196171721,8602171110883392115061531686761479161",1250.1096,256
Guy Thornton,62,"218222518515553718147861361485670249260134339242117878623229655571785395326968208100153187128469136616159532924617368752014324347791,1175542828",784.1793200000001,195
Hallie Redmond,61,"36893856048626024141,2501595661161,5505942959342293275231296878027422320717311160676819191211397842191612315162,842569252261934855141272,0776037441012",1705.2724,206
Harold Dahlen,81,"1051751280153894377393876326188241261849314141314520196401881118228191156017977222,5831,2371881,2755332791717238914141674495832272892539575372488925030193461422639622834229178632273128141,9642,06140014",2631.1922,249
Harold Engle,71,"162201731034183802744311701032505241103141032566246157872133691007391632418483082062740191369129803029361281521418911013533048431449485717514284402919481,600100802950",1710.43802,240
Harold Pawlan,45,"1491411,303567511165852387303256491452077069318525634745821331621348965500202626156325168482196036181,24368",880.2212,157
Harold Ryan,44,"108418442055148619826123415141076562642334884312750241122237731583481071037632146631645470208472,40031417269",1456.03576,130
Harry Greene,101,"52188242561852739917249191722641381,90121820748471738221021152155285497299741485153202630979494846667213121871847646145717658092355721627457149283892,191172639152407110654033271,0751761141901914824431087314191318185,72925021394500238445717231513466",-291.4922799999999,343
Harry Marie,85,"17426658885113551447894953812054126493618349730286127217225271110364,9001051843815247384280132632101504638429572,1421,4214029521486262203141741241993,201311983158804911988133101232457113284451,01017720087242671,91329215230",6958.2864,313
Heather Jas,68,"38456211,340512347241119330116129455311,01820309176703914169152392329621031161141692,21530716461116505170149274942581,955829157116225611389058561625443934917412537222541998",2618.261,227
Heather Kirkland,60,"334273167336492874115820227653791051272514079141487729115969630535512614363367815516542603631272,400144748732122193541552496203411541078247889455144835920151",2494.9302000000002,204
Helen Abelman,62,"3355797401142207234138342326912121,2462917360167380510104411,1796474016712398298116201463938517953787573818358524922603780259416325311941338426245793131511422362012",-761.6941599999999,234
Helen Andreada,63,"26911222274343217824171,0351091678352168210115264672122107243305413335703145591921401686201,035138264331,2751921033686056668505610211117111544246402432614",1561.1586,209
Helen Wasserman,66,"922383211434926164411411,01193141313823366990507479717123893555833336922123117216222662,4051,9268440174591631024242891051,49684421410382518732425563713518027167677613818959",2555.1131,235
Henia Zydlo,57,"2,479395128211118433114231142110303338921720445213668129535288568122269561911781141,452612125653812261223423629912474140593313755370368221724",741.4829,174
Henry Goldwyn,71,"91612981237865502610397993212578253253618101444394162063140611,387371240209225991602295591322352,347441002157918439184441917537623041,002325132401,582199301717414839371194711,890",-1597.5109,271
Henry MacAllister,64,"39239619276716223944230322450454121,4172387468465737620667692243,8562520227309471041,2804484418721214042920917035210520582311012632913418550274927245201121334822645",2673.3391,222
Herbert Flentye,77,283322524078603919164031856019354363646482712991351324826061083474423632311224632557371434213302532721345847358151383757316856408481180257422310533111754324514338614423147711423310131,-653.1279,241
Hilary Holden,57,"54769059271101338260239187526881,200251114757962380225592821,3951537055374314170160282771066233716140550760861360123281324631322499597816540627812874",2432.32402,242
Hunter Glantz,67,"119411299541971448658292219130361612,0003984153186571,11851296856642832349168974035721740836325722224734759948175258028861384497384642,910234498813310227962272733314",1532.9159,244
Hunter Lopez,53,"2,7971,068700405182107612339182371,2783,195150112151351,241651,33614645137710774132023344131626437271443813646817570162310,5001,3885261336546271,41554",7816.567779999999,207
Ionia McGrath,39,"402112611,661336297467997999363452718857997383830242,80024178659441703819742146191064614954",2447.97986,129
Irene Maddox,82,"1412751,82015377192413247254425221,10022481612365525885552870134741514191549754484368734840171733251221471848571330039408174137411606211681,0448163621,19019118624444241836328886835222126432101,27542416880668",-680.30418,318
Ivan Gibson,77,"409100265312981903923316621112241,0733703433914967919812147127703053162213601371685445431124280705347954130264821977122208351,0948481,11338145703663714011514640139731,0381421224312018460702778",1911.16818,234
Ivan Liston,64,"1703820835718144661651,26928461521399288720821,3261561541151431811145582815347351156242811,71622955429083481613250721021246735456623240571197771,4541217080100",1181.07276,221
Jack Garza,62,"81714277021,800246231,19070314315770677589494144874951044423170105489739961067891962717110661317292619183123691333677163291,278396144218142111601511,2498110640319",-922.2610199999999,206
Jack Lebron,83,"188103204425621932141274442161212,4732,2248651313124425242538574427371922842232982625454462,545206541802226116267241094203901672485276226271728118192199145805810877191437670396131421494543304410193559472623",1040.1775400000001,281
Jack O'Briant,51,"134382641121,29378560706252311318200841431791748711512127841,56610685983736340028227538726438813476321,13472289140173697122557961852",3045.2555,178
James Galang,83,"7042531,21512148106262014814251243146619128221,491971491041041913821347107271,0015623951348314491,2666763429871625,45171714266159532277473171418991915171521924654113246302477351136698301836943061439525304213302394",4549.1004,272
James Lanier,53,"261,01615912839361272793720247656871,207108228984409116493341,236384491,14922733261,8371,8293571754101451182021153261963655101,064298429",1701.17116,174
Jamie Frazer,74,"5511,50441108768491133325429655201525121432,439144485298574148401121181161,08690882061641040104981585855112415553515461110846625854482213902752581191968857823911933152,6731,5596525544108092",1722.6054,275
Jamie Kunitz,50,"5134527230716562178031833329912191,872155337159568371426492126416102264150644225132315381,10143725539216366446261661,7024472201487",2763.7822,207
Jane Waco,75,"52229511871913621031249629688348701387317052715418479445256458868023691122123261035283,2711,2502011613,909160169467489461582,115146121117218571998794923281420727183681622175166105,0842103210395237117",6265.8457,298
Janet Lee,69,"949712610476295451,0221704460441212216295265439010524131,5118568124379177813936011158307566142141131343175831675275215781339123719483625237639353122,1951,17584037859416871102321,65761136",4730.68904,253
Janet Martin,67,"15114571111184832993613242134931552,053492499159736414413013252,959257110233391,581385158125473963114551412514151314156173909207436281194181811718416181477848287428351210050",1664.65432,244
Janet Molinari,77,"17658412362386854901709549266733621957931624351911279951077164221011317352641848213278672583741604505731347823013513968117641831689330541115322012841,03098111152221527511417354241,2751,53928828",2780.094,302
Jas O'Carroll,44,"123621717744996121853045696511051,03948873402395613240193650869174474981644459928726510607244648147329140",1905.7893000000001,164
Jason Fortune-,73,"83628133211053205533249175206112192,1993332,81823171151,27188651710449371941942936216714992825901,432949355221,550698263564916121,3381114522140439613144132512714981329608516058719521961571581512052",2692.5273,296
Jason Gross,55,"45826624964638888342851486410456550144331963516101,778331665634349481616819918114996719114155163433101311,15325186311,3513914156103143101695221341",2254.6355,224
Jason Klamczynski,62,"952,7541,05724633715681115771,02823813426821014622653059710999255161196645647231,023170271934163371062214901195829368150661,696415159218613621971,631911831483822362168",2022.38702,236
Jasper Cacioppo,73,"156423826819439137334651191291071282,0713663168139116248541412899275184942181507110280101163515261735769977099319262931991,0611,89485034879313664584381291787035343920122,50440207",337.791,264
Jay Fein,64,"1,1133181153416516233844195345248569256215218421922411481301212205192191,03218515168458141314535641402811617813331193662435519166901985618603592763225118543",-1874.6750000000002,215
Jay Kimmel,67,38433610766024514327514267217101593702441381264348942995731316339463831512702474157456743354118209589308812831873198206342203820327816014494608431321663494945242947148,1550.04784,247
Jenna Caffey,75,"50204100921,264452515261362510045426898171430317853407522391783827227747183161471495729112,2902561204852201012332381517320956571412520151378619850232,1259193888841963635113635311388466892",1304.56232,242
Jennifer Braxton,73,"13980681224520952202294389114887910138431279138100120794013527179252934161,0583192,2731,6091341026535241488934918109869932197481064640222825583238895468731,259552622392221639614176",2451.8621,235
Jennifer Ferguson,66,"30042146212392,880289401232402414779280981,31025445791,12434591609142172,6062,615519634762572,519458603859178521024495781,472178807119228952626475104741141231,1152532372331514",2666.84548,235
Jennifer Halladay,78,"3,0293323166155391472850110719841282634727504343762219638654929182976258578042231642955118964952729959472141758242392991221112961908154792731100117419656024293521987982393812021",1590.6942000000001,249
Jennifer Jackson,41,"1931,23673742352943081,557831160307999143101204213283155166351166913291311229538131,377146107323952991,460204293",1022.6992,152
Jennifer Patt,78,"780191417291051441313263967027923825149914429341235221955190567652629422322101,98123177341,04129213822293265162887924507118575613555233318897162163761207954423512946117273772573112878366110",2079.42932,277
Jeremy Ellison,43,"1,74416156353137119172255105306265113894243477653110029404020242446273407721968451504251124100944342",1318.1717,141
Jeremy Farry,57,"181011714313182301313044934715014498612829166442732051331343234791723354911611084152836645294291571019211830119151,0804721005634959527171,582",1200.10256,178
Jeremy Lonsdale,48,"58140131262112441772276716528781667762027253893417834382,1155789067229632151,70045502371,4737082075652312512548926127",1186.2773,169
Jeremy Pistek,74,"42854180492213161,1073434297043412239563936185242821519616141621327691561771331,150491432954933245758357152112403107953808634613610496762446922366987472015101644086391175341,09046017828618",3170.16016,266
Jessica Myrick,51,152766723317559721182972521611100621135195785469399186821724510205257334120883920429302822800485855073138323322010131,1358.9265,168
Jesus Ocampo,53,"6650146381,5191002045419820198471953503494027102232574185467248406496281810041242439849501328726242492384091793321741645452",582.7569,175
Jill Fjeld,78,"56124925310325339431169562012821,7794808521321520546325371461,58217113279027817142754111,035108697325641,600111,75220184354019401063122043128142534765781716145133291199607455130308715002593113289027910191,83145",4877.68546,274
Jill Matthias,58,"42022013916290611,836842,125850171274776697505311591928719033301825554542611461034610616636354563164112331565351,554190113112812580666618191750603",1716.7324,198
Jill Stevenson,49,"30245151318313842,8221,2306272742651740151422715257293910454314331461221641378419167137271255132268473575711823616640350",-161.19349999999997,156
Jim Epp,64,"942702391294444910475389321291,1241,037564250796149490245815351971422284041528350273137263247591623873,00064352416339243593020231844152209887335222225231422",1371.9133000000002,199
Jim Karlsson,69,"56660114145170111160446887310714633225025047853714152326084445022628581022528991,42411394783252342818526561311363217421,5395081375228602101111,07529946271431311335313561498200155",3976.3415999999997,250
Jim Kriz,43,"6299490478212011453201,5421,39518417918122825110541351113214158516182684821752,3951,6886082053061054301083023",2754.2758,157
Jim Mitchum,84,"95192188891113615510385416894212256210325567111962761022,86368823491271,23547576522831371493892545217210338498510561026871369464112152063841955514299012324243313037423962911933046082,050276491907234288116737184",1798.53406,275
Jim Radford,48,"82861124143317589423491462,0401,27549301655222231,318101590144916975024115115531,69741281,091266312020250207445155819639221280115758",-760.4169000000002,143
Jim Sink,69,"506144118682440247316972870831795023986031,1352601936374412245428283691351497533716207420616611966481352322,566591,27221185139793571291265217491116501551861142163898120214150941",2350.4863,255
Jocasta Rupert,36,"425532524102193356332,80012411550152814192101362764142420769566571,29234023827864314962011013",932.5277600000001,129
Joe Elijah,82,"5292115142612189414724977239786158862134494649389565933421503626143251,3582,1901,362242221674812131,108159663332091,013473309191723772488866542774425654132,5631,747698847839716698782682824734368341219",3620.8885,319
Joe Kamberova,91,"411,78256912922243191185494500424382292399106603689485265351931512049161,36114097170984,242361191155826434422925981,36410216531,023201526389304110135821063268652978111956349101,4316516962181334071,183375299110287148181551903240974632",4373.5003,330
Joel Eaton,87,"19716443419791,387382583273972151318199239207532,453264397165765891321371233028911911381,52414125258596062154592823133291825180173876152141181472636047206103343163026618119233427731,2982,419116923530205284114171113904147457",1528.78066,276
Joel Jenkins,83,"3114151,29256827629377853612637361190188522572852297821159395591494629541,003873,421373478244142120372124676337541114764436887241325131,27081546316208872583801701021084131231284834271,076312961291121544844273737456",1848.98628,264
John Castell,53,"142786265416917511782057133453364222899406182501038226970611347043196214362601393821205411326281191041,27010738119458612387212,38668",1858.38624,178
John Dryer,48,"36201809043796242732728433064311539177221710540244566561,80260875566599161462228954910531,7641071306111791171317101736322",-1198.71274,173
John Grady,95,"5250976112815131136236751610738937225558162019475109517636195272644889130214541291069286046325816213659220910570415455210401,3781,358498249131279419879494211963779244840279508578733520185346211852311823251833226710235410623631159634867245",3280.7801,370
John Huston,83,"7181154486251695739280242310958243,26396523258181,23965742311918123374163610013613223324212697794855449311859866029331,8171251371087214825192,86320248246775302291310764826161219676109431,1772149302361153513,473",5395.8237,289
John Lee,72,"43110262881112139439517269902,625671,086331141155134343501,345691766854730321214230542132,0583957565671548132132045,21114328139864757311191,8903972396291333026397220272252241,4002151462915166",2393.002,295
John Lucas,50,"80618436862724927985246133724070181,12043588206135411683212114291004901209244221114605324257832151984951402407572211501316313269",354.24659999999994,169
John Murray,79,"5124,5491221046446526484282050434199744411642241035418282841,880313521441234981261,705364832324213731334833371278681140056113010444111210748285427248851245062171,7152722151656184312081554405816629014166",2318.1149,292
John Stevenson,42,"172956381206312011463353231190010242321151551,6181001,35016146241524111420785729411322010413524125615711,1033422182",491.3969000000001,169
Jonathan Doherty,86,"66166165107218312553542121310513122586931295191019832314429464315040816560762224106313118831,082577832141,0852,105637514161698448148957528846993557757481,15850437310753523061925701,0965453002532781179430824210405710",1726.7910200000001,325
Jonathan Howell,81,"2192251979522561261,037133175882460815125986647450561839251307013267245151591425091328521132,889257125723735522930293911216482631221522568545781,84610914654942421232282730542011214474253132821916",705.0602,270
Joni Blumstein,59,"1691745336374252502353331422,0501596462512229614312822480732327206179292,5711291472404091036486170174219195936474717730820462032826132827753326124359",1130.50616,205
Joni Sundaresam,53,28514219221831317393825522132343425732026523957312589834397921395116175411228123645743433887951516766512982532417120,11.973400000000069,145
Joni Wasserman,60,"89332959719094414610330145508301212924990171751,0571074421993269241631256111,9459042561951051223118697102126474232221741522764591189050896171930496",657.1068,226
Joseph Airdo,76,"40532152149563040385629121334920623412264755240163054748259024285921537728262430129421822219111917827230165101,39261288671,10143935554301,1511624,66480652231,123152133764011135462340",842.3299999999999,254
Joseph Holt,85,"120114555562273472,0611438539825182446154254,298350297198321372962731154332940223313163990010451794427562888229852486929223671,48519396412253428294553146508481729510055401011332212718448029132928452161023210750",386.67820000000006,317
Joy Bell-,84,"770541,27822298256108111663413546174483944145707623643206729441712572549712240229047123,2202171,036791446263293739247571723,201251127273744717476551118558595188894238337142413422491503853910310349933175777022319328174",2867.92322,325
Joy Daniels,67,"326278411147134324711165020643629841,0462496635536839464849532541436433212552652920429211,822104938972922118150611255021571121952301505349961331856501,45918",-604.4102,221
Joy Smith,70,"5191,097123444392,2661,04410859842496852644048019681233656672741,2439251122211850524618678889114162176472761402719212621274116015028188383598731,038556451922,584141604029591,2681284449",-103.00052000000001,258
Julia Barnett,57,"30112933612966632214985755401422251,56876710362449661117587303221,5084326821,26825192,3481185911143952201,770181116432262778148934620747618087492717",249.04518000000016,199
Julia Dunbar,48,"10322136212341645231310876111198314151161,393699646168257136121595445148471534128221198270261233471,2391413249488941666221",564.90306,142
Julia West,61,"2,1252282941948429962295131,145523202826333215310111018979915345175724867025482111,6291929437975291431031,8102304813578774032124948123,72011215939387272327118281139",2950.0157,224
Juliana Krohn,83,"10411101,11230152181162991,587324702101922183131,2152496015912838061747461,6095733018046457464478171137236131464496313823114625954312384965241578811642968169128571422189539232,48928636029827914792,4806572433302125",1798.2473400000001,287
Julie Creighton,63,"2,076309525698601256602490979616729214316116118075448814269201954555014511648377720483162,171418347111615314873236295125601763515928513343100503156926361212",-1889.1059200000002,228
Julie Kriz,65,"3092051681203030458649422800113413049922517465211,29213198123194441448462411141601224229162661149073101341375290048112519748578593,279218548608531684630205642",1894.19924,216
Julie Prescott,76,"14133171241018371562512992352,012529108504741152355726444765623720415151153409420481775011471451,2754097511913091241446247072381395481621313750572610137501333483511573426316238243641011",3479.0402,241
Justin Deggeller,71,"7644582491171367456306345801,488106928876646382183548410554718415201999449411,23497308524191,12820968711740861031926601,52736991189122654137878482412266851,28553251872,50517645302141,04929321",2625.31888,248
Justin Ellison,53,"493182255418736243593563452052085951067167835730921222,4711921332810049641751,95238415017280834171577471,0001764110484724242146626137415",2928.30396,178
Justin Hirsh,81,"639381703458423567381713244283902,30147537691584626721813198271,20014950425077781,36324517322328161280195252837691193,17222617111712411841658019573151613586211,0783851702248429516327527978901616188317177205312519614",3994.6644,283
Justin MacKendrick,53,"382617551712016282654142121319529156612614254118367701,0646324313042576312418150894181177201641416811402224944543551761272510116122",1519.795,170
Justin Ritter,57,"6351461811245136389911712717508874110745583746313,7093451347190329219519334938316926124412643841103514116465139144091927324224167115511649815817",2884.286,184
Kalyca Meade,43,"728538523984602156125142,043394465431354527261486222823773183315805881641031518918283190150443061726779",369.5323,172
Karen Bern,55,"253701513556494183851929191244316453437251324391791480419020944239471,122263151510145754527976151,28716817265660472651293419801151,8211295316",2319.0706,174
Karen Carlisle,63,"78685321477822843327671016463596274465273240152282614365769561982517656017104351961861,3201764862515565346315153488302617149323223887712049740996",1979.5,198
Karen Daniels,64,"4436816114812544897262241148682212,266613929436433241480013733002647633134,900837363267694573875401,0785042610744291681,96240525210832341,27071412353382756408861361889722",2890.6947000000005,246
Karen Ferguson,62,"5861916719102472929684154,159157111234918729743152,5924279431315650931320593201841917026444285517334341341160110481112814480172,0542213901614161318627355534",2385.1931,209
Karen Seio,43,"32418135032840465010124176130231424274515928223888521,32129359437920221521932875245264913109425143111",1113.68218,147
Karl Braun,93,"9913729206299239187111731,076104401,0392759619221818211862298352553331332472151421,2462098399048131219416121,226951127471648157324557448506787236343296373304947284266283492994515811144614814480311011623835134474585332122",1785.86258,291
Katharine Harms,74,"67645268956834352613132911306621843,5026847532610971612733912130540379726426981751659624141274268064215248155378282072991289203084927658637601223948416131028120457051384444362",3611.0256,221
Katherine Ducich,39,"20158155790426448626359256160144632351117762,4867861857711457788462999352305518878808161546219432",2428.8306000000002,141
Katherine Hughes,75,"215241320108561854131045322526816382875937294022112106131210761572312997147492482466211249966751781,0379118171119476346960900236653558702515100174431625659603673211431,2083012593513",1842.3875,225
Katherine Murray,81,"13980139813431718741131303042203253111,68860619634215120873962291,181122341059318962766454613318619382,89319710252229513834444925553110821211938733469513211242610841220781717392823715240604860703813814",1451.08384,254
Katherine Nockton,59,"8831091203,1191,5534661031,527275611859826133536231149634,100452911788661,029121801,22724914221434170132116161518482138579456737967432797591638323273129",4145.19254,209
Katrina Bavinger,68,"607406156272153582331315611922144324122154521116334172322823139292327321423614139151,7272591,4481371,6323161333782941918291643137675844525134923151556332240813554544610",618.2365,247
Katrina Edelman,67,"16062111703912178321,1224537114702,148144266008138985423189266125268491510617813379544847191117520326051553027928653679299261,169302765552194776229487041432066211",1286.54742,257
Katrina Willman,58,"866163,080588801001221031,5671,1101,536516641135242561140322436673781335721846541260347218331481424650551896263746489472167731664618391482498",3107.0106,193
Kean Nguyen,66,"276363671,0753084381812961127672926129026495074798473582942769860252596620621105648054861111593389225178462031,3555428241472043574154952683375274442,8631671191098118",2257.2164,240
Kean Takahito,82,"2685762305522215921383232640152316493879671821848567251465834543926181554471201078048204620955215281339344316520296803117260351372521592511,46254296231052979485634212841747224321,9351,496988804340",987.5934,312
Kean Thornton,45,"63683624241,800700402314383130123813258034141693635632198241201947203015315362053529414916268049433328",-617.9192,123
Keith Dawkins,78,"20135126296112319196502182736010373245012,5841,621265244,6445785506712436462802599192243704356626969031927417403191345041901155116104602515474012771102649550220541,35753252,063412187773361001,1169836",5486.1725,253
Keith Herrera,79,"8788311003126468450613533164125181,33383248182884468330108564928438596058102,1211712005746183451310121371434914213929361,04634521947322515614573388242616294701,3371,0041,20018011456272810124110106533249",2196.8332,281
Kelly Andreada,86,"1091934311014120312111810277276599442871366366950138013110988741,420140167781103211312108471768218192172992932173176328959584124213120955154371418622135101354293,25731014689572355194160695529459752328432216816131921,4737116",1401.39752,301
Kelly Collister,55,"934858106074981716982693321361,826448136690128828565253,34781584242710169631,6491,71117241087263281621,8103748896341033228847522914511137616338",2358.10316,196
Kelly Lampkin,86,"6272798100925723021830079281451,195558796353173262498377915982328929848463728281113743153201611464471153353620889363622724818160450151124291685261734385723119435848381,0021132101465541325241,36016045139",738.7484,279
Kelly Williams,71,"505033119413691442284951071,272213281281120852521011937756722229351438532455155108181,6525655183228155448751645248471831817591,272421111102249192073435972111524358961414727538",2371.1463,234
Ken Black,66,"23310019132732052056167161061,01429035201,52110121221104291609191767080818633271633211,6522171394727443044919931607060191,23911816035411,41957178548370452440642,08888229",1351.0226,266
Ken Brennan,56,"78681133,27418098162196475102939689171149342861170181162681591671723655453635917335732112796865488511411041092292956301027101203166210",1046.2450999999999,178
Ken Dana,56,"5742613491397128239963958382533718210132207452538191121434961145221182451471463294,6187110826331014170202931214221156153174530124131484844521",1750.72552,224
Ken Heidel,57,"5848613358797948108321812253401,26050063765421,172140641715331188941261668115108114101494024662496428757124588514419710534248042751",1505.97316,204
Ken Lonsdale,82,"9121596969729266571168,1885478375101949187769543175876983003789042211,980420177432261272253291123049123850381027363628311919916528643222128478491821675792619547281,05022456148821371691193223223822115127",154.90049999999988,269
Khloe Miller,61,"31663651431,469153117552869112510686449912126121314823026302741176531110226298177412132168566191911913654682662292,03927732129782943411091975423",847.8977,216
Kimberly Carter,53,"100361217810314506931525063333401093117197193906263212761,5027952991,52712124919311934638626923220826311,38965110128149233071402373551121225326",2144.96274,212
Kristen Hastings,88,"3,50012312314917093538524535917214211682248451285143721974100121,0867466147811646222715079179719132204147146901121341483463123271966984951108825217572176471445890142227371311222519523471120252176120391,327411931146262726",2370.5742,309
Kristina Nunn,46,"36114721162025352156713509167121105652215302204410022446732817919451683,36975732825748644342341,13810035612914",1698.5085000000001,148
Kunst Miller,69,"50301731714922831,121918244849126741341713045380293645819205291,647152316505611091478026144642961334607255269832392521083667436319720643132942943532,1531511571121409802874",2759.1905,251
Larry Blacks,63,"33821161102129627053071333201141761761626412048298621844423204955123124147142133026421370635167211498521772967183674892514430221972,171696239611719271,318348816726",1664.49192,221
Larry Hughes,50,"782323472,0451,819798378105101257152142981304619923126201925169023302024517020237170976324367272549974648244332811759",641.2019000000001,179
Larry Tron,56,"1,10292048262411827375415940634140202792334312610120466279942817916159171574144386363464791771,8567796238316374,29911299569855260605361144235742915",4213.65294,189
Laura Armstrong,86,"7056210046732522855177198124141361109172,322451225424234226616713050334822519610287577114933783503,505315144787110438109424241014611123131142081064542881324521,2721641,0602656409034571398791,44725612532891453,427710810367181013110124510",3962.3098,323
Laurel Beltran,88,"1927782771412728128122719143481868627218313683110611728158558411487113485,2741,42920117910123315663133,40877165596836670468121823464151376721031,113324823481,611186293728287200148104672461248501211211217217831519201582558720",4303.23822,316
Laurel Elliston,61,831748633466589111107371608151195310029861743254463030266256978568820302927585747740304951875264222150402672321941111051111822229013216304544454028,2025.0286,199
Laurel Workman,63,"1093331464236402657653212724731997235111696913441429335117133215614375501327010148453599401,864286212814158156131,62225933152322160501312327312395484",1148.80494,181
Lauren Leatherbury,66,"17205116103102628273148323139131,19752395707707037974418861101,602158107175636857905212340326118874323119803329731934117112657932336613847718109856793529245194168",894.9398600000001,220
Lela Donovan,71,"23258762243422981433295517762803851624834415616898427334385914147660991481,51924110124105826026320358574159691,567336379235727421117193273481617067591191,637555413281494",1486.73868,260
Lena Cacioppo,66,"59271481961319873405062975532528210239102371111,84629214615922199391275171248343186378865247704976406587136203292333206181881,172961417340211024723167717101388",1176.76826,241
Lena Creighton,69,"1113021,11410015537667568011216256119173,0501344382925727395184715210311231,602603824832667621108854122650764366352012417826421661301771022612117449808139621112012776826346206975",1172.5113000000003,248
Lena Hernandez,55,"2541588639357243397351233271,649355182502221021,455300941244636276158456262343137245131693087305226214522286584725068172071793993336415116012111144",997.38998,229
Lena Radford,65,"1,397106561,841491,200446328762214110568225371,402751052,1462,7691551493369861141836136681,09156995192471,90816727573891932436215812386688552049521131115910612281191218831630649",3371.71596,224
Linda Cazamias,67,"622024478169339266121965605711,97943834170463342,3961,0122115212213021,02516025413577629188325421103657642313572110403422521341283083135914730518350161087739527720617425305",2273.42396,211
Linda Southworth,63,"45667127215012129614456123893480336305821124148545445943382164881292948137105685217111,58447771709511568889841062735562294440173323116116637225925448",-67.85193999999993,201
Lindsay Castell,50,"4131,27272711111372043111601,2825646332,67751814639241843235415962161110339211152169169681,2355629102113586790725296103157243849391",1420.7137,179
Lindsay Shagiari,59,"106331350532024948260797463344446451927922274191426733355923981196526558962234112822101401541233429632982828637676845783123121,04921235",1778.0724,192
Lindsay Williams,58,"66747615257107135071551373281407834710131109262372,0371,686616614645241518054735271520200184301187232257651195827247541618976322166245351716",1486.9264,179
Lisa DeCherney,58,"13849387205381611,396117781939565911950549195283356078829221710267693736532125825825463821295459610182106154434734386181256751624865216314733719",1165.43804,181
Lisa Hazard,43,"10017515451661084399176269001,5843059711330562020381,10618415775714086431725132902110325279258219673411666223",1338.0789000000002,182
Lisa Ryan,78,"4932821110691264395298427212,174453,228990379220505345831856115562357137921058775319773279245834155645593421042122234558657517070281737394162420426298949108227172984518540535293208152940850",2449.1383,243
Liz Carlisle,58,"2911,1984895405019837959910919271,13729332,12110818926122189866981,156214165943613801261311021584137533541,6835575,2115753903024448721513859453191119025",2847.60982,214
Liz MacKendrick,50,"1739331306224864231973041021730320110711711234576475738164156361454611159724116214127158145933372032,087561,696837962,5761,5731911971208",1868.1509999999998,205
Liz Pelletier,54,"51201759356941162101122161621371691,0011922251,25010117641115766595023715451423296648351444312871422141211348372638816088283928443",-265.57719999999995,197
Liz Preis,71,"5135861201,45734780466422922559463729934415510326567140447861325291223246683262341530632552492,0036932938436473767861102820415617922165499085126721658416736875860171591073754",2122.698,239
Liz Thompson,74,"25251340788214058223123653491394163646961,080573651245219535551211797123495587015812491201377211124132931018192254451,1283631747461138203271412201,8851,4871,72741524514448615511186251,2368460221",3146.42816,288
Liz Willingham,41,81531285445228153455944824195741333907529627572749027653436158111016355322745983116124353911382,1400.0412000000001,126
Logan Currie,71,"423111622136651716750117527267128358949633811480325510292984868113686652013853392048632016512179147714921699841225732869774611,00230740817140383966261,0711273510925636623266661315",1925.2869600000001,257
Logan Haushalter,72,"2391099224171321512,60533016132131399855411122122603772818142,1672,4441381872512613150153152156254679556624504033815412721141586062113223225543622538137851431547673658825246273992",1519.531,233
Lori Olson,69,"44151730115191501366771161670574381801859746514298506424327147305944638293354159528583140863276371463321,168349589247751757282231834335211,514290122292048164653113832",1788.7198,232
Luke Foster,61,"2,1784311717952410294263845632936414386636231023727313138541257401322521184552302612157601051638249488801,661491,27562169762812412652972921256012930",-3644.3475,246
Luke Schmidt,58,"8393746054115742791168450481,20150530910161584861551868465361,2393423124108417249622377016141443726912211438515618401,774244516172811983132225201936",1653.96822,208
Luke Weiss,53,"981172603,7855046712823006881231716173293187140150445737502810124616431238323234968363602642771171319327743200426512112471,2412081984555",849.3825400000001,193
Lycoris Saunders,79,1924396213921411143102351712471414701280716196174881972729801271055942237620626131668838261449488462393722174122882132698311905067641845338433836475127685561456411984211822207902211,1377.4046799999999,223
Lynn Smith,54,"481815221801493280171213129454816903899842868212,2789114972411944813173180235954668135363530124868965692764132122289183585013312638",1498.1314,201
Magdelene Morse,66,"3144715781372,6171,2081,06154254541152532317325311,349114461541103122,8423248830309113891011032481409168431496326191014920432314850122,748339252781443102719166638181002676829",4380.72512,225
Marc Crier,69,"8381389763044866231801421422123051451026621280503127221,42127145188812255387949351013168988126261618323345211682,6065594805342954249544188227826121458796352271664323415116",2113.4819,212
Marc Harrigan,64,"666122113112266492007114397304119296595487166108821644931211229755211,44836599689995184136134552494785371358537257771554312442753108660364452951214843735188151693146",2316.01286,255
Maria Bertelson,60,"1219642046476601,31925713651916546751724347165314665491053104273,8781681,06932274084021367931611382254181201195,4871,23622129523441322572546720176181,05556371",4622.34732,208
Maria Etezadi,84,"2,5746103927563175987065206749191325114460443250167868157948611212489311731081384446150283,02447827111363286430191998960103335512759453915131093358857222341,3083512161544025239724192096479438191,1093814893266383",3418.5585,296
Maria Zettner,53,"99360461592717085433853314525723725322177443,156382,287354422181701364276206441722,7589930213020715832238948015750837696181572814726400",2254.5034,179
Maribeth Dona,70,"34655851,0531,0802745852133,1726558399995143126713319514546249109533755201053914538364451985992667612924196132301791722601628194611913383111182793348309541261284550271,275573138",1230.6333200000001,252
Maribeth Schnelling,79,"44527438827143642,545137129104524623371211181601151364491201920167935772313291,800384181121068902,5444926536513677022374428288124113,40759565376783702862612262153013102452782815502341334827635232220",3529.3421999999996,280
Maribeth Yedwab,56,"60223670766513362896524287198333116728980233152321,533348692286362131671,714831,708102479471749084211,565480197573323208116347940547869284651210",3559.5073,207
Marina Lichtenstein,57,"23924082202291842602551021182461923725561631612266291,22018336410668055221063212913114485,72683506592093702326411636848074932621624812732331,091",1284.23268,205
Maris LaWare,60,"94833441,609101369165059894774453576215740138720341693928220362096847652012358533465438685138832656312802162168724265127481,9171591742343161413",1154.1427999999999,193
Mark Cousins,74,"2703549720638732375419481362737061502411626887118121251430545468735623010610189181186221376811472792775106841849626767691811585153,040927134618522401362715638451115261711253,696",2851.25848,268
Mark Haberlin,73,"1730331316111155726318516212830648822868951041007723321841730306353713727891416733893411251911321610036432421222344973316148152414450131,75335441401424447318796182,066196472534",1552.0084,216
Mark Hamilton,64,"274918454151914828643924486854961,196628823415423331532618336221749146641327263896831298883341941,425912243010782848937972341372231956914038199241473082529019202",527.0470200000001,203
Mark Packer,52,"25212733616764803328255818821141120183212201,1938996267252203841124237962745115550281863110159472433215936176696361102001,9541,0637193",2172.9781,214
Mark Van Huff,57,"19191165122374313247376178418218347754851492315451937810912247147482141324418171923881971,1243213602748645272423521476714029617587055341621146222",1810.6390999999999,181
Mary O'Rourke,57,"31582481763214132203343614413792931,30917087596361536343137475611221949657739832722603481392912636524140223121,063180742778116647468918432",519.0089,187
Mary Zewe,77,"6821,0557174761142,03410223403922591819431222099555162753585151514310381622014832357089237473621210110663272781311,1423974635252074112232716865814348484801033525471482529213866367118535421589",1883.04214,269
MaryBeth Skach,63,"3572891209547156132035524311210136155274904013263162888223,606302717591617157110150622886233122501710278205927615488362551,42985412154264532872231574",1987.37916,187
Mathew Reese,76,"62386661932555473101305337210306563051597878825721214251272916141621840167951,0487942141168056413424137642287401491,227378577446498595962331781667536691,337676490382600216808534870764371,8384833921",3711.2306,267
Matt Abelman,82,14548712955030016838541351271116219921551114576124824573855944626017115539406019194800185417994723322531281922651053825152311107164364911271712116572521346529301951524240371460299732946277,519.90348,255
Matt Collins,75,"191412,473149332271131827035430318774139227010455397204020440295196118365496491917534286515434901473229824122532455347481144141,97127816211644362436275621257185149319521452924393259318112",1749.34736,277
Matt Collister,55,"71933467211010461,219162566356828275118303265825335548201,11938340482645971635523840293472541519151111,2271,2182884147249233164172510064",1907.18878,194
Matt Connell,58,"324170262012534186741,1137628192382758176350857430656224035215172222804162153923110482162512111,2132487207659656381685755224216024311710311553549100",1366.9685,198
Matt Hagelstein,60,"51723929411511,029282545446519242402469423104140285350267238182895203272071421234918577424453149443197424382576110659121,14615101494826732172782019",274.89098,174
Matthew Clasen,80,"4764266464443517065108854548311110819732114923737145221102484493119131697223715418066499513529103413,046110411542360454713794301821445165922386310382225403411,7745152232255183101,0311,8093391131131,9141,50335",3643.2892,288
Matthew Grinstein,51,"1,09121932724206428295256112142501327012736632332745124716663612453021,2418502361814658332714445486321930028934129222792370108866185114",2205.32168,199
Maureen Fritzler,56,"229713819861044193441941,11273610455237726485144914121061511543837034494211022024652382751971,83971320753508329217731185232185591,24415432101852729",1420.88584,199
Maureen Gastineau,83,"2241111439434714694832081481,237780421,2671,0916871,903115193953301,041921252965422101809581631516934167612071,68179426120930237318811062671,4981857386427280344240642116882358533213679534533487591179713298",741.1927000000001,279
Maureen Gnade,74,"1,012587531136281722782351821717530198321432105951301626844261,1764122387617520974968359171862,847158978059293387951315940547292042917301011741526885513,0486499177617398264145158521108300",845.6976000000001,293
Maurice Satty,61,"1643407951484927534223116195543627736224512455620170177403886410144520607062836896645242553246261020034152411672,54948312306028827565328",1152.74306,194
Max Engle,72,58436248019361188503627547316100179271114960887161622568361559836539817560491091812219741751335344696774024169675820411147103991173916640873730741021118720743651567027241,673.2612,224
Max Jones,60,"920214421111147301767282493398108357339641037810856161415410355667714,477241105461350725319025742401528818155843601018965432059331889024069841315481",2437.6299,193
Max Ludwig,63,"91511,004392615499105951177874313979777257893922122255074741172,75399391103510488124517427178900226492895915962366510640967111529551271126259106646309368",1837.7616,216
Maxwell Schwartz,73,"12022167792072864742553545466472729736286251,49537481366065343617838533136433516581323232572803,23363450812261511635293973463531478336239298010554194822,8986938703257339264",2851.78544,259
Maya Herman,62,"223166443595671089650415511515678543438307301386744141141702514911971355530530653852210623395364496880836150121105634761,48413023451188373731,01693134911465294",1470.52944,220
Meg O'Connel,58,"1242931312294971,47919035544532207222133264511532171,21513552251,6592241274325413610924362769519507742361127241062461572474,306427671,381151984402781331688",3104.0855,230
Meg Tillman,59,"282321,1585175219211225907197504867810034471,594236397412631048281465451541225067142,430668241030071511931681642985798868159135722303166289414200562335",793.4146000000001,197
Melanie Seite,70,"319554956738773044513611519339822516751121482,564111162551379521260801,6534281471166486459404246156299170173262346255649239659188104161841149165771410151773210178127126651245175121",2060.2845,231
Michael Chen,65,"480191579824121577252244175474881554745455249313282223671722173812193581728828456314441,85013362185131167539861461,0691,28667178510151312424393040129131,67022990429276",1213.00542,185
Michael Dominguez,59,"10828758401672420689592267327224699463,188282989338214745126616437523,9551,9045532333615522517103546511411924560125272,29357241,92250458813791232522690919",3772.40044,250
Michael Grace,61,"7417438854221852,2211251,79668157966689249483222218411,5452720759191094169641598975030192243712331661,1002122421474072442160156772110522371357032355131211",-117.61077999999989,211
Michael Granlund,63,"20790141,40380161235177212162167774991525545271511371218389586387478217445121192,11741223074424615454919113027342221415735141593363277671,8282,1057158233",-999.7799,226
Michael Kennedy,74,"16118222131152768594010113839371611741591,4914120528906916933283438749514164547547371477622165103736515258304431101351001,2724421,044105237111714610310419544628728362955917485367261",-210.64000000000004,292
Michael Moore,78,"373885213614613154676339888325181,01867227415928229155423912710847489198323454267286941,653252,33144958230331291,3581283551847732272,6171,8242113198319812411028220577104839012425303821,69319953372929",2058.909,271
Michael Nguyen,55,"81576101,4297681,1004746111027318119941362690639834514140111,8101512232621471238822856041377428431181765191036929191574110130720998013515193",1392.17082,212
Michael Oakman,29,"3214748503295112498054217034113041011,49810124170417020211380592724131,136",286.2586,79
Michael Paige,94,"21910913290127206122142459874574116841426232592782536259542751611074641121634880621634028831151211662419616216971153615018110096332961,6533831,00332867168231,6032004416117491,3014892941025218249305733127154716924591539822319274604219",1632.695,314
Michael Stewart,77,"881013821262171334961729271172186512715113910911752133841686916385392416251034102,582544967321441,1953461167605929271213318211,12030721015453264559534,473118257631852562405524132945451265",1247.3462000000002,259
Michelle Arnett,59,"825494815647442031536231592882311394061,14495111395710211196620531450410288411233413067063841610540521,60386221,0303444119253130511,17310490771826",1102.67554,199
Michelle Ellison,49,"822199424626780227399527930292210145124512717614517131106536086723441094148339242194551411615257101,6304483793125751312519",655.2183200000001,148
Michelle Huthwaite,50,"1436448288356893298724705562139444923913825153885652532360211283606246273192132907183681,015408271,5052611490174717991228955748",861.1837,191
Michelle Lonsdale,47,"82524144610443943941553663122163520356271411657651921053420142,47920618848502727617310061635988114659580339876",1962.8392000000001,149
Michelle Moray,66,"15544432171068792200360103131,057103384311391222301031,908748800132514651013818325872253111134251214492258701141429283431648173664428973676657308914699210860388",1262.7827,210
Michelle Tran,68,"1,36030684215734301343357654354028253415211117864916158224861,1383702,6164167494297362411401651007842321,66994331361,6773581959291824508114613353122785143028065797735",-1788.0442,253
Mick Brown,71,"2097554519156141015662793121111717975,2453526735610324419117134231,1282128017682473442359237356842621648314627122692083743229791351466130713166823113017412341393444042801760",2595.96358,226
Mick Crebagga,62,"1505153414035238677634118612921464420183820434714676259527318042135223317411682568271,35293292115974138156312397301054194922390327151442592171115930519",336.1498,228
Mick Hernandez,67,"19792129791,236234137198259456516736186727666231511056340198826201659035114543644753004558221545830131,094114201106504127339551770170139327361,1701365224120662990964",1488.1886,220
Mike Caudle,57,"80645051293885411771654512372674149835740415721319413375145158133165169143104749743299033021465418819412060207461547225389381,0202152",796.6315,214
Mike Gockenbach,51,"891281673381,9135712535,72566653363,9093623202434731113504520123104456232813975454326322392,573443323775911,1161298071076141521,27312",6458.6762,185
Mike Kennedy,82,"57136202831971225201428399494711248515551198206111792931152598926327213168421721252812148403426280704025501218141427326235713217926964385282743426928612572295155130311,1631,892871937224861455824557",758.5966,278
Mike Pelletier,82,"3313976271,8886234292581,118276866325267776541,0001862141801531986212519166249147495413957267331259334273413251381745648720429314257168221810927075668356439345110131,2722421525814924659106240202,191644753670661,725446526",532.5997000000001,276
Mike Vittorini,62,"230111,0967317819793139157943240050084711,0363284022117010319643501,60395012732222024023124914489611961373864851830816593135939368641563,411461381484240232,550252",1360.0398,223
Mitch Gastineau,68,"1,5272,06616917491384570011229232071361,087100535344082445154912128101,283505233256156281941671,01547043214712614826174412124451887535072725710239258307782944816662282824934318166",1822.4352999999999,218
Mitch Webber,74,"12553402675261,0088021,350632630753128222111615199423843935127385531491662,18342136371641351012641441065811394101254019913264682485458165321,30349114,1927991,2407304057041126231100184622802932131",4086.5403,273
Mitch Willingham,66,"7522,7166182531915014621559183874232361693853012365530481212481151449179873972572421,721554912999861022298127241,2782327615215610745299661995511411249891924818619541,92053378",145.51290000000014,217
Monica Federle,86,"2126501297724521210433272815243394614410848172981,2653361222822102246516448775333181,6073136397254022626015168611026202220539624182422167149565835431368947567291846159116502,4521712773212036949117172,4572234953681836245",2573.3404,295
Muhammed Lee,71,"60441,4329028510112322912011758533478413178207983895438745141043985513218551306024871249157603372281,8991,7265781546114727611044464325115720747712563235644593612882974239728018",2314.36396,236
Muhammed MacIntyre,55,"671,27946529722593533534993891102731605083612517144955208322267286129141,6291971711985231599753040725214113172312861910415115413821519",2166.4666,187
Muhammed Yedwab,108,"998012149821535792401,593286137205884539897301,0506118172491611403271799195691,586415505411371,6761,1417131,64972941785115105919528221333831615112125019651,83925716741387820511578231282289229162239481019662614161646712428813243643127181629731161,8061,21327657668753368562",2642.6540800000002,351
Nancy Lomonaco,43,"5423547440144412055113710106414027222,5717541910397614663611108202631,3642511,19185614851363759045377259642",-566.9291000000001,162
Naresj Patel,65,"12215028510437718237170129162211,0537626317291,2189803973081442483834742116386145163382191201692634345344720291644630342742694681,7141012037524127939150434131117",1804.326,211
Nat Carroll,76,"3111249111293854092869516006441311622820036730298441,789107951017211429545431335301201214791321,008430931713416588171262873636010460111,429705132262271,28713733912121271520984068554429134202",-460.87737999999996,246
Nat Gilpin,66,"52267915527595381441521971625789121995612814561625166805691219814913247986651206203402275334826165472641,035335801511219146267611901,10710788384010222944395853991371",2806.44286,186
Natalie DeCherney,63,"54614288981493858104441562568636638141,39486159111,931121030793464117275388118492342148459481388261571261002006582033263985231985472711695524510148901615",2620.28132,223
Natalie Fritzler,95,"1,25623417739821530520620281117117651715525542763749218200132243166343324545719144130614881114172,0251,80026310216811451151951112579326632475711684274892,900845732852,2063805278242378348661604922401712212,5761,6166731077941,241595104975422271,145282254",1542.8211000000001,325
Natalie Webber,79,"18521112623221210207962544945,1001,4742186694381682,8003587912819247401045840201,0578026094627816201,003901116412142662833219489386123182928546429614524180180424471476314717153869434223020124514843",3821.53806,258
Nathan Cano,49,"40113926423325313931511538713271431232,1477968034626351999310335233913103223048524851,3351182562281632869381,5251319163",-724.9872,148
Nathan Gelder,65,"824769162234801,77437554624851024246202,44825969520344338150961121013972181,431223181163341,00344238957617111591,2321106618536184401769912540223162,068153167108151581241,07052565",4211.22484,243
Nathan Mautz,75,"79151727400100491,0818543,9922763601364424614116441422707138517512821181,023439475224839614243879342599581,381365367359872048617218172568126148662896151292364191711954314268291073783324881,250196293110",5789.1168,253
Neil Ducich,57,"1451621542267418755842991,36739413148174501006811821,87925365681556713281,84352917418576846261,348119841064524171,085448161103625912595261528134282",3168.85352,195
Neil Französisch,62,"912234912533810754917415270101113961112061917619677769492490070110830327221116211131943554121920354211916211229317301,0071,6001,350931725663975112658678",2920.0567,186
Neil Knudson,63,"5997153192104243063664373169301,18019460111331209571477528241351601258218652141782015334284181118951,661862738203382772041558146060280674778331710211870",3040.5326999999997,222
Neola Schneider,75,"11531117613624159102,582174274105641734195212932752513819564985449127201447351298749542144821888743032225751,65626162736322913929215682312554291112233824262109143552828014795473048414264",-687.4442600000001,292
Neoma Murray,54,"121,0581,3221935311635514226241571,74260118323261,09140710157220180725930627291416190128231,65011266961,11618810094241973518576732213013483106",3142.6994999999997,240
Nick Crebassa,50,"29447141160605302414550089720221397221191373951791285201175145885106970109154834,8001432391512855616625107526419131912",1335.378,149
Nick Radford,68,2698569109364325913641592138676738218385432244672122624851331307603672831272451243153161217427247129117593336504206110242241655277604156163581521322656447658104686364215,1669.96578,212
Nick Zandusky,66,"2231,5081283827212195076383402,372503903301493417544602441042,892350575424523338222568719182,432112180991052498351,1761643314884191385089423423871951513875110240132283842",2091.27572,235
Nicole Brennan,31,"100696414413024910112139187012552175981,339194738711382351,13128714597241015010",-691.4278,93
Nicole Fjeld,43,"2,174764081056131710107413781479153281088291114282160981332057317010963911653610165501,940237263130383237363527115",1371.54862,163
Nicole Hansen,72,"15133301223,695822901539583575114531784710256885280122661503861555146167624492701,086107673834531,2461017527307274233863697113613282257684211390968141446456220118185937785474931521814320",4075.4649,276
Noah Childs,59,"533,0799627621032391436843421981361602421441088415891,84863334045288190221562885461539866127991311753291481976772725127109663872141185933388550200109811033360",2262.91458,212
Noel Staavos,92,"4484226374893236360114744437056051742312123571331287832348291444011554240164032557474971,075318671416531097117773294583876514603611111326121795855217615156589357416171,27051318010973616216175631253220558122754335010927",818.7196,318
Nona Balk,51,"441713571,0661583528348173652237941077392113327370161,54872621,0212338351914211125360791257769338767553394985661154025377",1453.4044999999999,162
Nora Paige,48,"475539156482621645437274992105512312696859785387226591,1361,34511620668655610344291410651759188198945151,286192,155454018298412",3035.66246,164
Nora Pelletier,66,"10810268133151,10272631995035117134491571,1982551021,000954156142701052867126166417418173352841,885546211724595623391,1831,0102042271765555251,0073044121091102187241375222551642210",1559.0269,244
Nora Preis,62,"264541,2953,61176525512413218397013620813011023247190248511241,5911,28520914320910740974116690166480401171143118351458858121678556422314432176718413648302261481162194",375.5511999999999,247
Odella Nelson,74,"4,5442772849010926289596791531175882401476116479576742462712311573314465172947716221711551231,02388316434831181601854617193443966242220211506528559181630594737847946339974964104151534",2783.30724,262
Olvera Toch,73,"49619264198181471791,0719620012353527640621,33632211,3701779312211672704735625131575412926961621653254113108924124369401123991201584200681072011,7601,158884436971635725270642,05729216210010385496",1831.00136,262
Pamela Coakley,48,"1223845715365785334431,5737214658177801116339508841647134586641256987107821567049613242731558451,0711951261335222348341",-420.10256,159
Pamela Stobb,66,"13526375242951410757681491618551711,145400105106215238152022320963275235518112044275686819922191,2752652662182752823117773139263,873253241113128181342071,02969677105285118338",1293.1114000000002,252
Parhena Norris,58,"23557190101371317510722731412191,86016984852645641742013264460736941,379465973402642676935643843445538745783684248838318415391832894645289772418",2205.4628199999997,213
Patricia Hirasaki,41,"382381,369198145121191892524855107640126718422438334123601,2861,1931176574172282384311111061805999221,3086844661",2743.6261,135
Patrick Bzostek,62,"1096047442762572531434137112192121,5331261353518411625241617396311111,1401558510060534642722,125982073715625980286285238233192,08034823511711147331732008431949",1743.07944,210
Patrick Gardner,78,"41841168681036270441,23957282509815651210024195563102011470303548653302100351,5012631432939891018841,3141374932469192721187165644837595182625836287117172052773984752354235281,8391,1572241478234869",1975.1888999999999,262
Patrick Jones,45,"2985728377162801,30351626160478263460383722214710114940573521523434429191333123125381047,959252626810154112",4019.1325,155
Patrick O'Brill,102,"323101,713808218315891066524507159402515348060735371274170994226370346604406141,02714419190116161422,5441672107228514378729110054381,842340228234360335385133242178301814345442739459122265207144,36816150934812540526854134216916874741406067132516185175045745",3778.3637,370
Patrick O'Donnell,78,"26344028641232072543605330481887214583782121954,44959627784431987411527633825917313756613071,909244842444194191,998110192155152944827171054,14139584302685154871331268071414997311,01689323239153",4618.1191,275
Patrick Ryan,72,261268833259355671381522699878204392679360742157158167122916698389247204185131602057837049371951167322201966228276808610716448284805891823235694321302045211717341592521885944432732,409.1254200000001,283
Paul Gonzalez,92,4771036341238461661650646416715101586672212449238104287150227143164522296648013638463271014010974252051369316751525171866688194851158984816621453212889960302768153135139621237275141821825043220636747233238994639524189148,1620.1805,337
Paul Knutson,39,"19443992920123245391015618249714811752486360261436934522010201,141281758963932811091100685128032",-308.48944000000006,126
Paul Lucas,47,"215262444212,0638572501355874101174310147257884631,4881,549361,1754421,392221125169291766246431910583104402491182171714223112514823",2006.5049,173
Paul MacIntyre,48,"114164779247313113640172171,036263253,638199102273332,0171,0822835758191142318132511730639262381521,0572071456752588315761968",1178.3952,148
Paul Prost,79,"5256640150917342,34961,422969196685592462843823432447648563021735150154853421682403491541231058191989132832811983335179901487042229516285653222130707115431,162744674476188788138384167015741,4644778048",2687.733,302
Paul Stevenson,68,"889825548114013111401154118810717676880462131921,30511100171,38960424262253062227217199117954151098701,0263593122131,792188877551522981202635252474242794435365081106645182036732,125",1834.19372,260
Paul Van Hugh,65,"512221632,4533198271220191178771672,29843430760132573171371849014299792591201652412020420064271,2251,0028771247576931977423651113321,5751124305668596604377724189608029",4055.5694,243
Pauline Chand,48,"1,52412338250102473140281201,031145201110126141,0057228660832057201649109713713642839424275456733231222818281412,4791274815",833.3308999999999,169
Pauline Johnson,65,"969411,983244344,48713673297279132913228216960617516790120781921125147102731957644814642419542221,400184745941083412921358352384415145329731649012660130",2102.4930600000002,222
Pauline Webber,69,"278522333511241,09444381291189141193332737396205971,0711781378080353197311556208421,09211211643788139198145137883185111266478192271,287126191413716964601715755330338711889638015279",1944.80136,242
Penelope Sewall,82,"1,002640345145169200184936163531,745760566282,2444551226279683081,3203021621774434251013151,987448165149594940581501,2721,050884324331075512293131,2731,44114710734836173,36044925643582583187311599284840135973818232,12526231621",4338.8111,282
Pete Armstrong,56,"2,785842546512929010210484223916129107373109283402671681566322653232042311213854556327265321936738941465516565421421151,193242634019475",1555.35456,193
Pete Kriz,73,"13666624617634176141891,8091,2364267526233168986239201616415612335231127104122547556331146537311952437191221215587539723211517656485382621625221784,306321,478131011529351502624506130",1664.5781,251
Pete Takahito,51,"5317109271114264219647324504453003240128102579396753551514532713514810760271042327332265528498613612744574121,6496871,054919198108",609.7002,184
Peter Bühler,47,"342121974035415619565268605733727601225159299322472396317813916812894356778160852451,1615131371131118132,0154186644",1936.1847,161
Peter Fuller,87,"502597266720611113812482,8851,0181,071150511593825215336421780384463365824010153552,0042006604,2291112108895681564377615240191,14032358111103,70225411592,8203249442626017830620156624319331,086379133601762411,24250108108810",1063.2913599999997,280
Peter McVee,46,"6431161004317105331376882853133552993836619140122,2501,0533010526516755801406031393392036911570923550214991925997068",1018.6375999999999,149
Philip Brown,76,"6353561102723771272510248231822731411064657870504785681682160484319829242669291142992841211045638434712393954825621012341,3036047137109182155310247155020063501469665919136944",1271.84916,240
Philip Fox,67,"1,3234522451401197403618677828251260452031012522114333931724501,97253312470190971911246761365221,26736590953265783442412948070824941356416213434131403276815514159244461,17512",1908.8786,249
Philisse Overcash,73,"19767521705314135614108138121,058281371589860621,6201247167965502975523371231,198968259311330804341321,0083138123147832837763341713912038512500126942,951463711210143920255944002419",2175.7896,231
Phillina Ober,69,"2731248948592242127819382854282,0183711777349984111,5824913171524211910564143444273873324427551992732969902943052307513351192641278514442,2811,7155916161761,84956537617035",-1026.1020199999998,259
Phillip Breyer,84,"17648260927410189541936362531871,0933732161322935631,7152,1981,3568821484595245134884264864689664726151415544381670127583675117175494651,19858556845030273767953423704315562518391,88810042209733797428412611971296836438",1403.958,319
Phillip Flathmann,68,"812482244962,093710410152363492693642451904750047511102193353018136332303723175925501,1012188388531332291044312182118661913351755274562681803674504043324514718452143294",940.8555000000001,219
Pierre Wener,61,"942322223159377391461543653432,542733546440810810495875316308394417133591913751342731192721385162315946282419625541624111112443720714581",1942.2988,189
Quincy Jones,53,"13387416612713966453431123539386018354,405781,232758266142,59434229037224953233674384581152891195281711166913067814229433453,39234414205",2243.1929,213
Rachel Payne,74,"235684410811813312783721388836118147201939692202744099789373,068442369573661,16796134131519552651723343568375150241464312524678231,5061,0761171591228164533026151,1677958110107707",1902.7221,242
Ralph Arnett,88,"1011435613844119185634797612,1058152253043513176698330330345673147446107271121158255612115602581,20013182929441,0751,091409164275121779820165101021,7251463589594239288105217625969318543811513517246249227744882186537937192",2613.0752,263
Ralph Kennedy,64,"25639985221492936050831981073514126532101761321,572589126257137420308646192174112214613927332581,9383421387561,21961022917663115703025123461269250915518563937211",-1555.7894199999998,208
Ralph Ritter,54,"781,7184632623841322394693366641,13977173762714039470602571979306131297247891591,422125381113482952285452039753947276549124125207810",2838.98338,143
Randy Bradley,83,"37246361,814373263291,6962651118654492987871376581219171591867377918165193723344985898330271741526650334264322877101112744824853224221,244254467717757162261140541,74539760917899191090951327122640162595514108322727883",4151.35242,299
Randy Ferguson,63,"3521403933551,3549865087343933788529166752758109503973272859090941164026331,22115259876154141,1261,26310218312877276356750921,13728225425951412351696108379073813",3093.9550000000004,232
Raymond Buch,71,"28513346362,39820813018526329014011781728831673064231,9522491301722271844734926416260353010301,32492621472451141521103169501614,000322085845515418310068313615932322012011745302320230",8453.0495,262
Raymond Messe,62,"39472136626349112,301434271200193571,0361011468448111344344841771,52465959682732341250311119721193552161,253841,61536231396614554380122256385820369386221318161074018",1855.40302,210
Resi Pölking,91,"493369322116411181452004923147617617446122,8084715309474232619811542261,43145147382876251675675824515041636644340274884101414911271634111054147277251082,6113481,0275997390331,16457744932314117379218443115537107749314816495",1068.3838,303
Ricardo Emerson,59,"25448292411397173,024309309481,14012592249254394382302221123831281672898911014561119940065212316379937810812511101478149624127491514726518755590252",2643.68018,181
Ricardo Sperren,68,"1725011660521,133795835419232738111566214353117189205576737142212358321,008284422941852163166311169948198935122829711272782075058731801346530162150551,9839282571411317",1823.65088,208
Richard Bierner,67,"268309266288592513210621121021811272554071232135310201,1731191713293344571346332136191373141002046439611529281,867142,7233631391112192463752004546461693157749237364023",-1125.65658,224
Richard Eichhorn,67,"13362162651920824892141354916643773583307155118100643070126148575888173895410470382401962,375126503073013431382311420191271,5832,5713776575491047371512424156771231910",2391.41164,208
Rick Bensley,79,"57581,161358109180430162191201322620204136138122545785314210354517836520016630177931,04915177722544815966528434503472684366493591682,57119610519134883361692246569952517213265644914945791,814159131660136211207815",4066.46,329
Rick Duston,66,"1,6776820423113598546312765219159562025164311259157688717881281,24012715659729741137374532357571725621254273775582,3661,12365819450559138156245302189910931786691557",3587.4449,236
Rick Hansen,56,"2369046264982160317431682,3101,09119337255141661420504146671003991815332259587141,23187882,8332436774536314246344122212210204741,269213892632183",1850.8903,230
Rick Huthwaite,58,"2077314660563535050210854927410058721475292305556147161399631653455315323,35827664272565027244471,6068725017415619354252552602431723037767",1664.66446,182
Rick Reed,73,"24246140543667861,32616626446288161,697848538277111269138885544321991105210912972465352093641210328012153924442637791908533912284143561831014436014719573332172861064620855120903673155",-47.98279999999996,264
Rick Wilson,68,"403333472234773520540777551,20083821373562524430233642641207773866149825390117811068710218973455657381,868976939983613391,45947787271,5911952,51854122172239141482843156893083,52418214",5177.4288,265
Ritsa Hightower,60,"5421,758735379333247205141204521377001515783775171132491416550591,31766277445834705271,00121496214326481751096539515252301971967414111525223,41057147105968",2002.8037,213
Rob Beeghly,62,"90821924414104122271718241991733144171336313728297225323473044014252542619949216151701083143353,0638257281981152284419925891,188128142661993925520",1495.9239,241
Rob Dowd,90,"1,050155161,2077416118812779445188371,066414167102364031226142232329871,28549529780342252373324112644942493629872641,584833146182532911455492,09730522551214957433231688825369591484929924395379587411,23452124688142110100141110319710574",3919.9697,301
Rob Haberlin,47,"2762110492440838243669111,799271066898131602261874426628441,1821191014720129455711137227188101711165769921625452313147",1222.37166,144
Rob Lucas,65,"2685847792324601,5271,27251825104926151827055386593841487821331,2201032716231,637863223473953350980233041,3632935644391,3032810023851414345506845288713161719723048",2703.98888,220
Rob Williams,48,"105623833956604875930483771,29537329010677149134487161831611531415235192141,114611353563345312896523029894566379276425",2252.2208,144
Robert Barroso,45,"50810321,1845287510446433156201859612443071762928147723562131771720322474135412610739363074691031853874185",640.1234,143
Robert Dilbeck,56,"90391705851,409123414542,070220205278981,12932869727584144123532021123920319633175368532710332267131698698822549558634033221,578997151211,51516493",3965.8731,187
Robert Marley,47,"326911504150297117254504327274731633012607312221,6412709306121943072630545609364022422311511201152011123133198722,8809094",2542.2423,162
Robert Waldorf,64,"23824131964235824018281033247525429221,98747133181,26664228021110113939334613831812078159371,9243435919541222776169977314928611329768342416142575436631465",2137.0023,214
Roger Barcio,54,"42594143334920246152175282442291472751983041076423719791916187332362132104195073363373541811581498117112,55030019857112146272,545321,0805897130637",2879.5411,150
Roger Demir,77,"7941,200386521119023948071018935758689667682793867602622355512763471615121,208252418101,03782382226920649223306824419716348238628140841290287468911,21814687541655829464592126518344011",3037.0109,269
Roland Fjeld,59,"1609845455546322520653357788113146116429763153338782062,89219198881161603036015510378194627627914811361893034621383320210123133791251021585857317824853",1123.5285,210
Roland Murray,37,"33634191,334310225342751626921,1551823347195220109801372262153212306869771142254205238815178",1250.33376,118
Roland Schwarz,49,"630123115215052281,261191,181206503268312593152841364426612172822762,1475543511914691981195173002813086361762482411751020572411232879",3472.16638,175
Rose O'Brian,79,"613394339548343,6711,444821702271074061651517863252,6376841473044812512491526055221,598371741331619010165159786271944530811012859126174981422242801093030699231565291101910310104662212446452011854300681915",868.8818999999999,291
Ross Baird,77,"26515572051205412349796821583141436613128281052524236659114173126724092921905780330978122268100226359975540108698666295402562833620474604318158528222215619851,3112,3338378642,0651,007516251649",2350.5301400000003,310
Ross DeVincentis,70,"2153821799805310012105075193336246121517321150179147231893584032364931609622944025717419662252485717119101126137242419512393324652529814411912601063430351,5712643033",1939.89446,270
Roy Collins,45,"1,384103379496848813063674414232142225248102374591181822066226328911621624722189021111,051592491140258123747128149",737.7457,172
Roy Französisch,78,"124120255074741663404742208881571603813072021479105943731,64011362343737127675925181864623815118679272912043044232339910422129139384571412833925112281,3165313283492801676626473451112925307636",2841.73178,272
Roy Phan,72,"552522257171153113498532932220231700135140253138734611916186824737971567252732162337636010379445351,5546544956625123555255191062272727118457813432983166734715612745533153121,587",138.85420000000005,254
Roy Skaria,56,22734431228251961836732472657197175723128685121871887110334585985942863321733916851793790125514723387292833157012653233475,1463.42858,209
Ruben Ausman,75,"1,216122387246753201611297362231681161484493394348252122430298884341835455125406356352440552421722678537314549111082612162,3011,2733631751241707428238964475541431420931721793616020680",3320.46868,240
Ruben Dartt,86,"10113001,4711,24458826619722162481731690274014286025340624011472823201697131195192643820176425141,8361,4551745402199566438219946586294222065515125132223128991362828246213141041820402728038127260183373823427181915",3330.6742,284
Russell Applegate,76,"1,6481496685195491,984431,00034820624129913385154398510011966451150151172108222324242190103806088383713725522532114311921033691181,403460330131476914312012002171,217986146115492,4613451836159161512012047",2164.19772,267
Russell D'Ascenzo,71,"1278591518244321554241620613722194951,17534253761479614397100571717494866242835087321,12622301440317628976142105483,02914762924833596101,901279263791711521261282124431275612",1230.36572,231
Ryan Akin,55,"2305051743014089532,172485195838376200251844444201502082783711435518210451952051965379677122167334161461,1131,1181,17413725154161381352572582324418",896.7278,172
Ryan Crowe,50,"49561616442813040245189225027553314623163571032246411545673334107158116313768100983649532905531533711,008828254813173518247",2124.0154,161
Sally Hughsby,77,"1,244277852728518322881333891266986698461201973071601328031679712411,031760458191351126714632121774042981249521416442550205304808619191168325183,4501,2212130144119111311191241614428541711633",1795.36144,293
Sally Knutson,62,"203230111,001172538684110484861878516802022453818610652234584911,2642101413107735341254100707509751669671,05714564123122841,547147722842745750244139220226302",2975.51382,231
Sally Matthias,54,"1122393111,1081108423106116239593918931,411921265191111132088021361442412366114622251762822313269381426456536045364344821,1801363,83449",1528.3608,170
Sam Craven,69,803177933271864655094191932021612395221122853556463131643091744860356628657813598420215485291565437465833706338114348141206459114910423201618488965502551571202150,1116.0096,245
Sam Zeldin,77,"4901155811110265132441115120321972014722333250523,2001261141641639217251,123403172841126601637526038997969289355761206797825811899583187471286051931321531331331143722146495720617122780124502355",2915.8473,262
Sample Company A,90,"1585291,8561,28011172454814141073142428116327210060683228262,875433626514122178556110579426271521029477141115151913221072594530513782734042113671372535425615113823120197175202912431124020615164294721285837497981126125121735228",18.425320000000013,309
Sandra Flanagan,51,"4894921262194838116187076812255821,7423763451454630273595432146130191107624813452736312059109113311135421431697170610431161904133",1865.6513,180
Sandra Glassco,50,"95396314885241,285186136423706357412431351,296426323398471730205245304562623168882344575819670341164401326401495535578883932",2883.7084,148
Sanjit Chand,69,"1301625848101431,7941,9687379,45040532136043813022727147472211041109316242992936751,08111220751712927668283282422561206936051151349674173442062914811,6551346989568932754229108",8205.3799,244
Sanjit Engle,82,"102597155189169415116502407852249539949173801881355181254813877212140972027242588,75036195473539054151,3311,6236811041601147551951911325619046666011626467190311,3321,23299030917015091,745691110110313839552638170124",6015.78392,299
Sanjit Jacobs,79,"968115215475122521772025123317911286379332853515191416115135333089381462893204616311121141065484639511,1233422821,03450880276791412811144351,59978444930911212526125851,41631810641912810346",1828.0039,268
Saphhira Shifley,84,"103936193081461247429414958791982243466581,125294178623121173099986207301,44812215111021235715518247172,7512401008993,4004636445220121201,115511211,227242451246864561071954122451149651342620435755738150131,1526210",-612.3282600000003,326
Sara Luxemburg,82,"195404347118666269933018131,8941125513391671361,167585897299195157751229342326131278111444881932824973255534722250281933020161811622315128513231941438351231981482013142334393962711,440262641311986171167117",1899.9305000000002,250
Sarah Bern,50,"25141908086532,4711,69391242253394341116833409935957935339551095286713229368875409271035551385864131910021502068154123319516",2366.9597999999996,158
Sarah Brown,71,"35814242834931118795266364161,440441732,9737761058743426239114626694246410304542912415925964255416177348721351327271317612451321161242202,2445118827219401635971055926463,04578448201433",1668.65412,262
Sarah Foster,73,"1641,41327111946441,11962222073631861249346320338391612146167755421536429914555436267232331335230622211011303673597761762331299101115332619522787226941691271211,275232,66625941",829.7639999999999,256
Sarah Jordon,79,"2132635107411829204221631701211813334812531428899712514135321241276774027938979216397843229050317161536453,046101751,44726834600637416291367131,234329841021302167344054208601026131722071639442720",2511.86098,290
Scot Coram,64,"1,6192,6371,286371,4512118104631235325733744484292421642071001051,27814114273262539106864482,8872559232481313594756536304500212877730313791,716934387574041337163334461113314",3071.368,259
Scot Wooten,56,"576220583760159021761522627453875331431,285952511224478151,48899243912,645110482624491204081421541119916023219711786043444113135242392518876050158",1948.35962,209
Scott Cohen,74,"9365434395116110207579610112711471336348062016947550010153401,553240137372743367164032631142712261332072869145412347452421,273553439714691022813116520121916925937435132517822",1222.6707999999999,242
Scott Williamson,68,"285223922206223603481193023442612148802359811938222352159484092736567454311813421678824595107462,1747231650456287813678125661501,14596731271788852258112766951741,3801503741",1044.1871999999998,255
Sean Braxton,53,"83214591,799834004232653,0602,520191144914266153849519651011169882,6716910455769511163292414323219102,6157140202861742862956946536111933",-1896.9793,208
Sean Christensen,76,"113432092,80421485,760368249120154816768137251,900388127821821910309192176168321326514865930678110734914321,091158140489944161,256404478447661551332527231223337240484439916876449",462.27869999999996,257
Sean Miller,50,"82122,6381223119218392191,25448291,1241,2856631005022369329101,2892891045713223362229158251,93752633321417684460768934918558128",-409.70634000000007,169
Sean O'Donnell,60,"41311,059965878294211844535501,11910165295496814766787881529582239364362402892771830877973,00141321138952368481551851351912978239312125817891456114242",2407.04362,204
Sean Wendt,46,"82,167612416883245185291,088196464311282976941179431535939756420731819098727147461121122234269266157676637",1031.54774,149
Seth Vernon,85,"1026174440245593211214321821551,1091,1857732451524483342654601041232625233342313129762233920281018734648602349031918401301599533153834017514446251666673199600922146151312,8882,2541,300273213105816073453914124527368131",2222.7536800000003,317
Shahid Collister,85,"36213064194611173251625413589830151952575572772059453321724532713718411716367351831691692029341154140465312724622881334849411742322345734401,629287378686981478233185811,434216561,21834584409042431341234901,782384",1692.37974,330
Shahid Hopkins,68,"3244313028336164224996198643634641094526143073892993210259431517296489399169490594728923268835561149922652146122354453147049642832618780702072901981,193579286128",1059.23294,223
Shahid Shariari,67,"355305134772201033856102241262113434164681,2561497763888831701021,25311198964969434806491325093132151042325324505254221,70555181382,7642,195304121039710531961446218516",131.5111800000001,224
Sharelle Roach,52,"486440224213349421523382232071711521321272685117356198341027382612,5502212219684622451713364349236204264177188501,85462315511052604769142",-2551.18846,206
Shaun Chance,56,"151613531715247795281,15815139821819110821121,308467751971825549223618315874529212334133431724935401958781621553997271554242023090229",357.01936,185
Shaun Weien,42,"49911076822798984841,218145244478612019714541491,0023219973092182773556612712986225501621811330276562049",1163.569,113
Sheri Gordon,59,"195521636826616140441431978832281,900380165316361,52731118197115790154202246152392626251692423243289281,1435999161550691,045629633274921151433333519",2338.9888,210
Shirley Daniels,85,"1749018815563191712102117155107312351417261154160117463822708247223,81318721141441,429309100277827482352013837251014146130619312343784428251428309108151105438566824141547821160181470165489123563544735879377321,058158",3647.2210999999998,303
Shirley Jackson,52,"73695541545460552426216293867814516271631845173912,36412043331212531,1367251274543456935398411117472,0415331251212875288207439724",1581.8093,215
Shirley Schmidt,36,"394661810358251,314152809013521307432319571,376522048316312228863556492302741481652186138530",416.34612,150
Shui Tom,65,"4051611422432131,313121729206139132132,443753332332459161341011,48819724191352437151452874833244481138100388328217211349315790795551114104770731,833372914944184",2234.10296,207
Sibella Parks,36,"97225598208982681,28617460102454910423333194018519107335745722746198301109578653124174179",749.227,144
Skye Norling,67,"277379730576548772595155742521014875759070258759125526264210111313993341936917181,41060294338133153,499613103891862232564404017444302026276320142278417105820",-2637.9805,232
Sonia Cooley,57,"7556459648256661524742167473322146230109202242593283129371122754333437372444940974210837066775177545414571035014622726991353822551,410",938.0015999999999,214
Sonia Sunley,61,"46161629273041155517973771632116885926426096944219953875882166392002,13030250027154136141,53434011113012686224765545814117568155648183111785734330299",2370.1265,213
Speros Goranitis,66,"6259242478986333710432192010508749784498415057324331682748210613121,5541,6204211465715830226125705912151432061459735371710811084785172275098347661614145281,483",1541.10256,224
Stefania Perrino,78,"6717522,2781,5161,9003322732522071418649281221832948132302683341343012210234335317040268174123536673472421712114105352204291,4224591,715683054386051934781,93225914196175531815544185120492062414376",17.04149999999992,285
Stefanie Holloman,55,"4110451,40427544632,794431088635028270138746928557975975691371076080624213317865337049471468585069592251285486465129291194771618984914716",1978.1796000000002,202
Stephanie Phelps,46,"1633949141361690221068158661411151620714422602472802997412233093727424232613080324221517143861,317301,123222,4734301,163",1682.80564,170
Stephanie Ulpright,72,"2066951691012515318426029396575313128992204119115149696021090343016191705013302811361459167291820154151951,58033129265142270922161222649739191452188656606144456003946193",510.2519,235
Steve Carroll,71,"697781,3309007688575278211,34233011572595778945714712268223079911,021476561421511453433372212116794111020571,0201,09110880334651251278247331,564184651865947725015279335641231253892833",1708.7930800000001,258
Steve Chapman,74,"1,047382541529244414221,885331143401058653255431542763697141022,46646120525056114842222249846846538274581359891,1071691741549757271,1455206950020269310330637982424379742351776351,3126741802215871,270104",2165.6836,293
Steve Nguyen,61,"136190985733310891646251,70974421038251823316494351651142959711410813137121253211321220146512928237100301,5191044325549206514298223561,133253382555843041518",2384.85126,233
Steven Cartwright,73,"516171,274683411413921297676491,7962131537693441535356641620412939825336301018191,114232263106107657305512641525985227115473168146181043682474645212767261192401,027595011944820839",2066.03938,324
Steven Roelle,65,"131,20748781692932626513331319518901021463245414105811244813927180244762,0797608444842793137922429215162932171109883,4051015901241,0034121371351007737438481,0594521482195",4387.3584,218
Steven Ward,106,"3882431259010150132185342911196511373726361262254135235231562073292342,898381264267518172291081241099361,4953838692781537448771579421114991,850451191384119491611439515511462411526630823114782271,76222847181,6804501524418260556651941641151106369980702022592125115276223821450",2794.7316,383
Stewart Carmichael,83,"81203842676714535394561683025465285824726322412710652671401845314412625867496349586271836811555344938738054012652234155208178044547510195681514517951,07799218217254193061271281101848195153523372718328058",318.0876800000001,308
Stewart Visinsky,75,"19525645324701082893572409621112581066784460772818248365757151752183722114854561,2441,2435313111910131932170325011017317410810281525111,803357264432183874852194852473676655738699561,768413",2182.7873,274
Stuart Calhoun,45,"3137999711631,5691,2362,7381,09315414311563155598274416046511367264166665751,19058978733027101934913972346612462",1276.3538,168
Stuart Van,62,"1524941475265288126732972594615151,5702983944626910642558928738411510152,9523325961431001421106528311,59128219022635875277926237896061,7811242363471831634884433,86411134",978.6733800000001,227
Sue Ann Reed,64,"1819482,6244233462341874590334552,7367463122561192360333144154393358211411353213845235464545312312196973115277172521517133167441,167402585194657198818222218",1354.7027600000001,227
Sung Chung,46,"1722,056533232361,27876330214582291255143102574217250166910669147382034913658330141704749847052101503237237442959629",1696.6987199999999,184
Sung Pak,52,"22661845511329599936155520254311010433764101317353235311,20755115502,89246431666456605601,6854096042251591,52315321801040224",1750.68106,168
Sung Shariari,43,60618910049219310222264137323313145429063177339666525554841486552761883975872892092023654338,-559.9772,150
Susan Gilcrest,58,"112904074720017034184170264246171326324101241791,1693437883254199158882753812499152152473601522011825655432272611449722,172334542863215441417919",541.3085599999999,192
Susan MacKendrick,41,"2081125036267912920533026141324140341,40969033424743219622513352661922495723912911491039554365025326",1528.2749000000001,133
Susan Pistek,68,"524687465183054248100105888291,51680553701,8571,9171,420405867454512999995646506821013161943,7131,0783571623,9791891161041,5371,47544911017259612303332110421604454515763918459411241821",6484.40726,235
Susan Vittorini,67,"329735633518541,1055167286364054927280884512534737841174798211757362793196270315420154491634524923522545115522392273814625386391633682,53432311427315939131184289",668.4789000000001,229
Suzanne McNair,64,"3721817017521,802409556721416526192441,08513238470116572591410622246734519166642124416917766845856251812138736575356556113793905062759479491079268852555921",1170.85834,212
Sylvia Foulston,47,"75618916361030422778523555302162213823671031,2061,404422187042311,28831412737844991761857936306215430139316221911",1895.183,154
Tamara Chand,88,"1,131424252455962813458372650380387426498244752434232546239219561,455232761661242,01210332821214201427217,5007363432341591531,0221,09324572818633252971,3923933170196743636185017141767891,300168114441441011703948513126513521253",8672.8989,271
Tamara Dahlen,58,"343585331102075093212106317109211,01315412770441441,6914154129117112220194125830810411321358443055204125138115518103052241952175322357",-948.1228,184
Tamara Manning,55,"94842326520430630924142611,407323167010629272191774213344473951,2846580146360249515131341113235419247594301642276161,45213344172,971337143",1928.1339,200
Tamara Willingham,59,"1945324615223021843449241,1826121131025729725681628658235135234025273730421,9132,00414711432631582032,0191,20091822469637122592629141396139104510260",3275.0801,194
Tanja Norvell,53,"11563153111271221526423459823233702182456092411,054682226125640981108391,2731857828242862494052264328931521932111099201571910515455286",-706.1821600000001,179
Ted Butterfield,76,"1061318369169641,48652014126978193103805268895882541931271006869103542399176232523192093248301521,374245123826029121892536614207832711563216330917171478011776399653,1511651069821153461714",1559.26902,326
Ted Trevino,64,"159149161021045273147575088786262624432,75628527021628114867672644318362221033594475249541205401041034953249558221533929121231738504382,40556334591,5372539010257",2320.3586,229
Thais Sissman,60,6914694724235471364442683194021140992991222119156483021557410615333510433492018117610112413929338144282953979016281436798879354104138543,1109.5608,188
Thea Hendricks,59,"9260174604821,50235367126694111174532162,3687033341943134153241232821950241925469258110407181052661181021453396791082071994016125407436703337733183346138126",1952.4961,193
Thea Hudgings,64,"7122311277613204111292348827241831411,5004182721961,10647133591038616913418289110378501,555344128615261106231413454315432065639444038727471235747710590859209326199176",2265.68778,222
Theone Pippenger,88,"6372,1217818943936826632306731844378351,760971,0813458802011107014151333414223225505662812268012567244951504629250531505857003376108519102348351221027330173221241759190323212242415876281243082141840014394941,5874128520014",2073.88638,304
Theresa Coyne,84,"278105242353961581,41164169595935691,6961,69743589714038277762198259897891194429140636261732925146296632181407001530259112144413742491982715219011410945271398241931920726051339682471,05424030588103578971,28588571,189281",3359.81226,332
Theresa Swint,63,"3033617744381,40276171531119455581015952881320358193167980576482235252835226181523292544223898242966341311165312015256681912350522551450731854",1134.0224,195
Thomas Boland,69,"1,06829822769100538841582160110751621111413052101,112445394370148495158198146153124731111477216206081,786260143811638186491268761003070466685971092,2509766051565295204131641033025",2286.4019,256
Thomas Brumley,38,"15718137671712,54587329166886212333858311,082236458900171207106906019215959338685135675311252835",2052.3113200000003,147
Thomas Seio,68,"49538516793718493413887342411002082187510615053227401462213962191061391,252301719311019825191,5122953671,0404665206213382461202,24024012191143773179653558085283923116311784",2349.54862,218
Thomas Thornton,63,"20649275172351031246425462758324225810799145771831,815146401934861,006770264310104122367267202645522538293126150882051,055312317372668289223216212761,4021761849",1661.20726,234
Tiffany House,67,"3093217812335968785233439164855357728521124196111717941,2151983294496441,0721011737421863523,4222692511493707023532581,02138230030810389297104107438285241,5972754291220",1656.2869999999998,196
Tim Brockman,89,"4394013201045328391461210374381992581074834511126913224632243432,616137221215167576543549866176142211848214743338270574419112261,066935412762199601084822194141963563484331118515512240401091,4832402606771,75815538224520759",3065.7062,305
Tim Taslimi,55,"1341,744985711062277260173581773233676156284977654889535799151,07727417471818071611235516111175122830660024402044411716411610417",1284.8362,150
Toby Braunhardt,67,"4082757125861820608962823160152330238215656235188775975501524892620106965538420541,287411913104192789911593265391917619813427239391569947469827092821150428586",1247.46136,212
Toby Carlisle,67,"77162,22937401,62917779448512215998111,275326365431,1787786965581174254309981,799345526443182157304852897655914859470277141721954643651261325018601041181853443432223616648",1497.4768000000001,238
Toby Gnade,63,"25414712839223560618195220515553109745117861273128442182378027482365130702183886161,0001,0173887681811011382595170105712560625294232239150281080943125164195444550",2986.457,221
Toby Ritter,65,"139643146183862428393273141953342064158301965811689922141,01215419345602836460163116562792151627843311,63731846103213191122136279862536274767311206572214624010221109104457",2436.90546,205
Toby Swindell,76,"18156109321083129249414251051,82253956232139516212163541171,777148277572821232380455913119324716534711184552,17116428829318111432067514215332713546340145283163141119168137314107962473163751818163",2602.96458,249
Todd Boyes,67,"1,0692331911218721026874226100711,423291892528423521952765121151347801442140128056182829289304116283031145635177744829878115180667988151026012033107402622",772.014,234
Todd Sumrall,75,"761,31470519537401,253281841182,0772617481141764392539114215143491371622120015950242,800271679512220118146637389274107231,4648272291713444517422910767532101393666378867592815,2002218817163550520977616",5093.9654,228
Tom Ashbrook,80,"19133235857412621096741144988399235505588425281,075278640850749963272764111861242421233,387132211940301,7442501020916410871844971,135479162114791121246340346171,15736025210571,25978413132982,40011,20064538521158904,864116",6311.9791,284
Tom Boeckenhauer,93,"2584133641186317113682210543581334517,0002751107069064467941093820275298135136807574914727176545116813931451011619171,4289902122052072937271132222451221671,052605808824165680371245491432122938617410338182442211436892071162411,655",4196.3499,283
Tom Prescott,50,"6194235512464933012126820717013548316731801752817316726233233691492585199163451561310231448425312813467184,4164750135131511211",346.1872200000001,175
Tom Stivers,69,"1155953465449062271694753122425758392465541,368522243401521,2573711441116997828235261796665573382329323230371594172303,234513246491474338532734281339883365690403629",2364.9883,240
Tom Zandusky,73,"651391,3836984374414211644431131453959815829933023415112245541,11097425097843130447951911313242317401918825612350412963217427361271001857068932784227368203132759284646181454851130",367.4914000000001,222
Tonja Turnell,84,"5201,2323118956107705331949222254493364020209503240918526191,718361355022518452417619635547554111152341521323333131921104921441,961634555825506893242571977448103274231,3163610147633791321993051,88082925890276",2230.7893599999998,283
Tony Chapman,67,"1632524722013289536246432612413210310317444667142428532,0403203111781314286216751858925417620598137751,467663449341936041243347377122104444177402773201468350220585",1401.12856,227
Tony Molinari,80,"523931120470828265968717347524955422811312952521632732213229965631,09552321511515628310151172410172815731463326511614141,533224107111717911636911430445441518059112621015732092427710917417415171,0541,0781911",1500.9713,232
Tony Sayre,66,"36313748442751591002354426663131,765190368258106523138511127695540671372442545412312458141,4472,05147516491332286244784154257144302361021210110122,9061,145215340416440221027813",2149.3462,219
Tracy Blumstein,91,"224827291662691549685229411201141012286217871772519224796146339433,083124861610739240142313417367812334301453625467551647981,269489104211715110977222741101591365376469281,4647158135815162659819191691271123833248143139474",257.36161999999985,314
Tracy Collins,55,"3422137651363530210255102846278212644983827598169204713034225155390367844911384171,288149483672886168397823461876140370505843116124135",382.99710000000005,192
Tracy Hopkins,55,"9897551422112621763714161256129697954359020191,8551322118333921958693320697382109317052654416531277922581289825717357301,63335391036",-733.7475000000003,189
Tracy Poddar,68,"7281271,27251199633463911024545637135284263112392933835960723280131981312731273045438457629650247481051815135144169169763403415154292379278411,168273111731910335648015399102",1795.66,253
Tracy Zic,48,"80218453692291886760456031,9703483025172,4784463611509330141139978012589133504416324051311096527750183632421412446155",-80.11549999999995,163
Troy Blackwell,46,"2521912126426341711511286121554091498623010963530015840610137370537587103686831806123754383271,2441093730316408100",1438.6508999999999,163
Troy Staebel,83,"2,5711,917122621063239723853384276953770240145362273371292530642117492521294468562144708261873299345376595087917031152952071532673436151071,2577811417532391791,213191,560133351926924515763971084614021015244234417",1719.5679,313
Trudy Brown,69,"2091351581339995553130320019943844964351705380362711781670727611125360644575213154312181,1802251,06117580591846539154778414813366412019320268163816723563115744654292611,079",1500.6631,230
Trudy Glocke,75,"1,1251343172591126753183041251,015132919355140627826043161207244962,489293888944491652291,0582774395244139451,2756917643766454023521746311141352122,1092479933394345735232230479472736530349342120",3096.2398,288
Trudy Schmidt,56,"1014823682,004671193272583097552610951563811138351693512276762653341656293400344106209133723252219794215338673221767698454219726167",1025.6195,182
Valerie Dominguez,67,"47749231,0904484001591316143302233182793263615171510439016226972631,4005042604314387124186248521692502664323432994546477198322117432,106532672542872089333424923555717433",2031.9158,235
Valerie Mitchum,68,"255820189306387315016413715851691112101,3145140493531645133752,5715111,29554176639967333969713804298327116604764529501,18911816448389593311121164999364646935",-1645.79878,219
Valerie Takahito,72,"100127929028932454210196965014056547564352984215810488777347115835182505121,32276086223424413759461,4223072071974641205135592312259070803,3936716417124127576228136167942331427143387419",1090.7832,260
Vicky Freymann,49,"634171516626311694446749265672,2227026312405014260802159752532,070452881133831096594051031,03386181316508528893341,72628",26.11299999999992,179
Victor Preis,58,"1449386371458097594372943604920948722622124861923713451327420156462318349624104551,71870736510129997679182014710691,19673175059546269841251022",2232.7958,199
Victoria Brennan,45,"267366896261146218171723362724728231915022172937571671,115333648214613547208166189125306718549145013094021211812",908.5638,184
Victoria Pisteka,60,"8611934258386266211237317428941678635228317202379231140382144233410447829114659569770250255799910122392,7121782641,00123272945532272436416791,7056681,87519",2390.8627,226
Victoria Wilson,66,"1,2137326727591,081931001,188452639024526443479199562169014861411516412258725701771,4711325744341915661360100122504103196473402355510106216135944051,24896560110912128510",294.38090000000005,249
Vivek Gonzalez,50,"386812755236815524515215745662064732815713110060151,6839819211151120892010815330518597577974710920211678544429421114444834127",-364.4246999999999,167
Vivek Grady,61,"871,51616034911115332576083733353342232733631041004082491422536104112,43733012348684457311,0931013896955161458143422779402935,6682,872259210232871032392934217118",4046.90616,209
Vivek Sundaresam,40,"77101,8951,66734231755243439313633560389856451605148311091,455719623141270312510611971714922639152219",1586.6187,143
Vivian Mathis,36,371628011178092351371319114816959469752151308313033120940183218242130658115343547,656.9143,120
William Brown,84,"11510913102112557981873591,1011,02217324066644857422194365195071243813314043153494519614717153951160501737810710527877802420514168461945889236421012012383503631236706171258961316212113026797162465223399510988883",2547.9023,298
Xylona Preis,61,"2732486744301914152,83431337912890641411,112111665219605177924361621936218691,2431124187208068315116444315199431489257044301227761446351684551",1304.7226,213
Yana Sorensen,62,"31482529324811730465359981,28217087207730759374964813849889432812424171,18885112292222361,3716850291962,05311743735322346102,7941,00066870220261123167986231101,000160",3450.4063,215
Yoseph Carroll,56,"26981211,074122,934124581,1813148323641116137697437881,2392591311529027126927255316244571,2002864117688330422,491891050222,292751915812642207226295143751",4347.1766,203
Zuschuss Carroll,85,"3,0191,21014571211,2992142612245173971120022112814918715788678163661,51620051318373121,364102852117101,089432963,0411,237117809088452,6849509253269542491025881544342513143167146207062783496156141752715964853591,411237135",436.93626,334
Zuschuss Donatelli,54,"1,003164302921323960984332410799242148161591,128147924788465103341361342607187217744824164515717255386122267199128893361590445109239588216129",201.73710000000005,174
