product_id,category,sub_category,veces_solicitado,unidades_totales_vendidas,ingresos_totales
FUR-ADV-10000002,Furniture,Furnishings,2,3,159.0
FUR-ADV-10000108,Furniture,Furnishings,3,7,350.0
FUR-ADV-10000183,Furniture,Furnishings,8,31,975.0
FUR-ADV-10000188,Furniture,Furnishings,5,7,125.0
FUR-ADV-10000190,Furniture,Furnishings,1,2,222.0
FUR-ADV-10000571,Furniture,Furnishings,8,20,2195.0
FUR-ADV-10000600,Furniture,Furnishings,2,4,206.0
FUR-ADV-10000847,Furniture,Furnishings,5,11,290.0
FUR-ADV-10001283,Furniture,Furnishings,2,3,178.0
FUR-ADV-10001440,Furniture,Furnishings,7,22,959.0
FUR-ADV-10001659,Furniture,Furnishings,6,10,146.0
FUR-ADV-10001855,Furniture,Furnishings,4,4,89.0
FUR-ADV-10002329,Furniture,Furnishings,1,1,7.0
FUR-ADV-10002601,Furniture,Furnishings,5,11,497.0
FUR-ADV-10002632,Furniture,Furnishings,1,2,36.0
FUR-ADV-10002889,Furniture,Furnishings,7,19,803.0
FUR-ADV-10003147,Furniture,Furnishings,5,8,186.0
FUR-ADV-10003326,Furniture,Furnishings,4,4,54.0
FUR-ADV-10004159,Furniture,Furnishings,3,5,195.0
FUR-ADV-10004223,Furniture,Furnishings,2,2,66.0
FUR-ADV-10004395,Furniture,Furnishings,10,29,614.0
FUR-ADV-10004499,Furniture,Furnishings,3,5,250.0
FUR-ADV-10004718,Furniture,Furnishings,5,9,124.0
FUR-ADV-10004971,Furniture,Furnishings,2,9,393.0
FUR-BAR-10000560,Furniture,Tables,1,2,1.003
FUR-BAR-10000831,Furniture,Tables,1,1,320.0
FUR-BAR-10000946,Furniture,Tables,2,7,482.88
FUR-BAR-10001039,Furniture,Tables,2,2,212.0
FUR-BAR-10002449,Furniture,Tables,3,23,327.051
FUR-BAR-10002710,Furniture,Tables,1,4,364.0
FUR-BAR-10003465,Furniture,Tables,2,2,286.0
FUR-BAR-10003532,Furniture,Tables,2,9,907.171
FUR-BAR-10003576,Furniture,Tables,2,2,636.0
FUR-BAR-10004434,Furniture,Tables,1,4,2.058
FUR-BAR-10004553,Furniture,Tables,3,3,568.0
FUR-BAR-10004561,Furniture,Tables,1,1,518.0
FUR-BAR-10004682,Furniture,Tables,1,4,2.012
FUR-BEV-10000326,Furniture,Tables,1,1,531.0
FUR-BEV-10000388,Furniture,Tables,1,1,316.0
FUR-BEV-10001048,Furniture,Tables,1,1,924.0
FUR-BEV-10001217,Furniture,Tables,1,2,1.07
FUR-BEV-10001853,Furniture,Tables,1,2,984.0
FUR-BEV-10002193,Furniture,Tables,1,6,1.249
FUR-BEV-10002369,Furniture,Tables,2,7,942.0
FUR-BEV-10002803,Furniture,Tables,1,1,925.0
FUR-BEV-10003414,Furniture,Tables,2,2,694.0
FUR-BEV-10004805,Furniture,Tables,1,2,1.843
FUR-BEV-10004919,Furniture,Tables,2,5,536.134
FUR-BO-10000002,Furniture,Bookcases,4,11,1124.3220000000001
FUR-BO-10000008,Furniture,Bookcases,1,2,465.0
FUR-BO-10000021,Furniture,Bookcases,1,2,243.0
FUR-BO-10000022,Furniture,Bookcases,3,14,2201.0
FUR-BO-10000034,Furniture,Bookcases,3,5,1451.0
FUR-BO-10000035,Furniture,Bookcases,5,21,774.541
FUR-BO-10000038,Furniture,Bookcases,4,18,2633.0
FUR-BO-10000071,Furniture,Bookcases,8,22,3046.0
FUR-BO-10000087,Furniture,Bookcases,10,34,3168.066
FUR-BO-10000112,Furniture,Bookcases,6,24,2394.0
FUR-BO-10000120,Furniture,Bookcases,2,10,74.189
FUR-BO-10000148,Furniture,Bookcases,4,11,818.0
FUR-BO-10000155,Furniture,Bookcases,4,20,1799.0
FUR-BO-10000160,Furniture,Bookcases,1,2,704.0
FUR-BO-10000170,Furniture,Bookcases,2,14,4.943
FUR-BO-10000175,Furniture,Bookcases,5,17,1933.0
FUR-BO-10000184,Furniture,Bookcases,1,3,158.0
FUR-BO-10000195,Furniture,Bookcases,3,12,1179.0
FUR-BO-10000203,Furniture,Bookcases,6,19,2891.987
FUR-BO-10000208,Furniture,Bookcases,5,33,2163.7290000000003
FUR-BO-10000210,Furniture,Bookcases,8,26,2121.682
FUR-BO-10000214,Furniture,Bookcases,1,3,292.0
FUR-BO-10000243,Furniture,Bookcases,4,28,894.8
FUR-BO-10000259,Furniture,Bookcases,6,21,1757.914
FUR-BO-10000265,Furniture,Bookcases,5,14,1330.036
FUR-BO-10000268,Furniture,Bookcases,4,11,1505.0
FUR-BO-10000269,Furniture,Bookcases,5,13,893.0
FUR-BO-10000279,Furniture,Bookcases,5,20,376.851
FUR-BO-10000288,Furniture,Bookcases,5,20,796.5790000000001
FUR-BO-10000311,Furniture,Bookcases,2,7,1236.0
FUR-BO-10000321,Furniture,Bookcases,2,10,894.0
FUR-BO-10000330,Furniture,Bookcases,3,10,1064.0
FUR-BO-10000362,Furniture,Bookcases,5,14,1130.026
FUR-BO-10000378,Furniture,Bookcases,4,15,1288.0
FUR-BO-10000402,Furniture,Bookcases,2,6,834.0
FUR-BO-10000411,Furniture,Bookcases,4,24,1786.035
FUR-BO-10000425,Furniture,Bookcases,2,8,960.0
FUR-BO-10000468,Furniture,Bookcases,6,21,724.0
FUR-BO-10000490,Furniture,Bookcases,4,23,7.785
FUR-BO-10000502,Furniture,Bookcases,6,20,1349.093
FUR-BO-10000514,Furniture,Bookcases,3,11,1313.275
FUR-BO-10000517,Furniture,Bookcases,1,8,260.0
FUR-BO-10000533,Furniture,Bookcases,1,4,494.0
FUR-BO-10000567,Furniture,Bookcases,8,43,2451.197
FUR-BO-10000596,Furniture,Bookcases,6,24,1542.499
FUR-BO-10000610,Furniture,Bookcases,4,13,1377.0
FUR-BO-10000616,Furniture,Bookcases,1,6,444.0
FUR-BO-10000623,Furniture,Bookcases,1,2,311.0
FUR-BO-10000624,Furniture,Bookcases,7,26,3269.034
FUR-BO-10000636,Furniture,Bookcases,5,18,1688.0
FUR-BO-10000655,Furniture,Bookcases,1,3,1.109
FUR-BO-10000666,Furniture,Bookcases,2,9,291.015
FUR-BO-10000668,Furniture,Bookcases,4,10,1340.039
FUR-BO-10000670,Furniture,Bookcases,5,30,3063.0
FUR-BO-10000676,Furniture,Bookcases,3,16,1361.0
FUR-BO-10000684,Furniture,Bookcases,5,16,1048.061
FUR-BO-10000699,Furniture,Bookcases,6,24,2467.333
FUR-BO-10000700,Furniture,Bookcases,1,2,233.0
FUR-BO-10000711,Furniture,Bookcases,2,12,852.0
FUR-BO-10000712,Furniture,Bookcases,1,2,251.0
FUR-BO-10000728,Furniture,Bookcases,13,56,4476.911
FUR-BO-10000734,Furniture,Bookcases,7,20,1255.0
FUR-BO-10000746,Furniture,Bookcases,5,17,1323.0
FUR-BO-10000780,Furniture,Bookcases,5,22,2947.0
FUR-BO-10000786,Furniture,Bookcases,4,23,2268.0370000000003
FUR-BO-10000791,Furniture,Bookcases,1,5,483.0
FUR-BO-10000797,Furniture,Bookcases,3,7,1072.0
FUR-BO-10000807,Furniture,Bookcases,1,4,473.0
FUR-BO-10000820,Furniture,Bookcases,1,4,598.0
FUR-BO-10000847,Furniture,Bookcases,5,19,2007.0
FUR-BO-10000883,Furniture,Bookcases,2,8,950.0
FUR-BO-10000889,Furniture,Bookcases,1,2,206.0
FUR-BO-10000891,Furniture,Bookcases,4,18,2148.322
FUR-BO-10000892,Furniture,Bookcases,1,6,759.0
FUR-BO-10000895,Furniture,Bookcases,5,16,1976.0
FUR-BO-10000936,Furniture,Bookcases,4,11,1867.0
FUR-BO-10000961,Furniture,Bookcases,5,21,2198.0
FUR-BO-10000967,Furniture,Bookcases,5,22,1827.5230000000001
FUR-BO-10000980,Furniture,Bookcases,7,15,2377.915
FUR-BO-10001003,Furniture,Bookcases,2,11,1556.0
FUR-BO-10001010,Furniture,Bookcases,4,20,2267.0
FUR-BO-10001039,Furniture,Bookcases,6,19,3043.546
FUR-BO-10001042,Furniture,Bookcases,7,25,1960.0
FUR-BO-10001067,Furniture,Bookcases,5,16,1033.0
FUR-BO-10001073,Furniture,Bookcases,4,18,1431.82
FUR-BO-10001099,Furniture,Bookcases,4,15,976.0
FUR-BO-10001133,Furniture,Bookcases,5,16,2159.143
FUR-BO-10001147,Furniture,Bookcases,6,19,2785.0
FUR-BO-10001155,Furniture,Bookcases,9,24,2900.0
FUR-BO-10001165,Furniture,Bookcases,4,14,1322.128
FUR-BO-10001192,Furniture,Bookcases,7,18,3156.422
FUR-BO-10001196,Furniture,Bookcases,4,17,1425.364
FUR-BO-10001201,Furniture,Bookcases,6,25,1811.0
FUR-BO-10001212,Furniture,Bookcases,7,24,3006.187
FUR-BO-10001216,Furniture,Bookcases,5,24,2128.3540000000003
FUR-BO-10001233,Furniture,Bookcases,2,9,754.0
FUR-BO-10001254,Furniture,Bookcases,1,2,288.0
FUR-BO-10001255,Furniture,Bookcases,4,16,2271.635
FUR-BO-10001256,Furniture,Bookcases,2,7,821.0
FUR-BO-10001271,Furniture,Bookcases,1,3,350.0
FUR-BO-10001276,Furniture,Bookcases,2,6,318.0
FUR-BO-10001287,Furniture,Bookcases,6,14,2245.0
FUR-BO-10001295,Furniture,Bookcases,3,11,1233.0
FUR-BO-10001309,Furniture,Bookcases,2,3,1236.0
FUR-BO-10001318,Furniture,Bookcases,1,4,418.0
FUR-BO-10001324,Furniture,Bookcases,3,16,1411.567
FUR-BO-10001326,Furniture,Bookcases,4,10,1447.0
FUR-BO-10001337,Furniture,Bookcases,10,28,2970.0
FUR-BO-10001342,Furniture,Bookcases,6,17,2346.0
FUR-BO-10001356,Furniture,Bookcases,9,28,5124.22
FUR-BO-10001358,Furniture,Bookcases,3,10,688.0
FUR-BO-10001362,Furniture,Bookcases,2,4,1315.0
FUR-BO-10001369,Furniture,Bookcases,4,7,666.0
FUR-BO-10001370,Furniture,Bookcases,2,3,1140.0
FUR-BO-10001372,Furniture,Bookcases,4,21,9.099
FUR-BO-10001385,Furniture,Bookcases,4,18,2053.0
FUR-BO-10001387,Furniture,Bookcases,4,17,1181.239
FUR-BO-10001390,Furniture,Bookcases,4,12,1097.0
FUR-BO-10001392,Furniture,Bookcases,4,10,1572.485
FUR-BO-10001393,Furniture,Bookcases,6,25,2738.108
FUR-BO-10001405,Furniture,Bookcases,8,38,4482.0
FUR-BO-10001436,Furniture,Bookcases,2,14,224.19
FUR-BO-10001452,Furniture,Bookcases,1,2,248.0
FUR-BO-10001461,Furniture,Bookcases,4,11,2123.0
FUR-BO-10001471,Furniture,Bookcases,4,26,445.103
FUR-BO-10001476,Furniture,Bookcases,5,9,805.0
FUR-BO-10001483,Furniture,Bookcases,9,39,2404.0
FUR-BO-10001498,Furniture,Bookcases,10,40,3193.5389999999998
FUR-BO-10001501,Furniture,Bookcases,9,32,2153.417
FUR-BO-10001507,Furniture,Bookcases,1,2,485.0
FUR-BO-10001519,Furniture,Bookcases,5,22,1118.0
FUR-BO-10001524,Furniture,Bookcases,1,5,166.0
FUR-BO-10001537,Furniture,Bookcases,3,9,1103.0
FUR-BO-10001541,Furniture,Bookcases,6,28,1909.029
FUR-BO-10001553,Furniture,Bookcases,4,20,7.481000000000001
FUR-BO-10001555,Furniture,Bookcases,3,10,1235.0
FUR-BO-10001558,Furniture,Bookcases,2,8,953.0
FUR-BO-10001567,Furniture,Bookcases,1,3,91.0
FUR-BO-10001580,Furniture,Bookcases,6,31,2430.1059999999998
FUR-BO-10001585,Furniture,Bookcases,9,25,2658.0
FUR-BO-10001596,Furniture,Bookcases,4,21,2142.46
FUR-BO-10001598,Furniture,Bookcases,6,24,1917.003
FUR-BO-10001601,Furniture,Bookcases,3,10,935.0
FUR-BO-10001608,Furniture,Bookcases,5,30,1570.0
FUR-BO-10001619,Furniture,Bookcases,2,6,425.0
FUR-BO-10001621,Furniture,Bookcases,6,18,2021.0
FUR-BO-10001641,Furniture,Bookcases,5,15,2139.0
FUR-BO-10001646,Furniture,Bookcases,14,43,4611.565
FUR-BO-10001668,Furniture,Bookcases,8,31,2289.456
FUR-BO-10001679,Furniture,Bookcases,4,11,1171.0
FUR-BO-10001699,Furniture,Bookcases,1,2,77.0
FUR-BO-10001708,Furniture,Bookcases,7,28,3591.0
FUR-BO-10001714,Furniture,Bookcases,2,9,980.0
FUR-BO-10001721,Furniture,Bookcases,4,10,776.0
FUR-BO-10001739,Furniture,Bookcases,6,21,2483.755
FUR-BO-10001746,Furniture,Bookcases,1,2,171.0
FUR-BO-10001749,Furniture,Bookcases,7,27,3101.015
FUR-BO-10001753,Furniture,Bookcases,9,34,3372.0
FUR-BO-10001779,Furniture,Bookcases,7,28,2805.0
FUR-BO-10001781,Furniture,Bookcases,8,30,2578.769
FUR-BO-10001798,Furniture,Bookcases,4,12,1264.0
FUR-BO-10001811,Furniture,Bookcases,8,26,1966.53
FUR-BO-10001822,Furniture,Bookcases,5,20,1018.355
FUR-BO-10001831,Furniture,Bookcases,4,12,2270.0
FUR-BO-10001834,Furniture,Bookcases,4,14,1899.0
FUR-BO-10001835,Furniture,Bookcases,1,2,780.0
FUR-BO-10001860,Furniture,Bookcases,5,20,2457.0
FUR-BO-10001867,Furniture,Bookcases,7,21,1528.0
FUR-BO-10001872,Furniture,Bookcases,1,6,449.0
FUR-BO-10001873,Furniture,Bookcases,2,6,674.0
FUR-BO-10001874,Furniture,Bookcases,8,29,2937.1059999999998
FUR-BO-10001875,Furniture,Bookcases,2,5,368.467
FUR-BO-10001876,Furniture,Bookcases,1,6,814.0
FUR-BO-10001888,Furniture,Bookcases,3,5,768.0
FUR-BO-10001892,Furniture,Bookcases,4,11,1363.217
FUR-BO-10001918,Furniture,Bookcases,3,10,1015.0
FUR-BO-10001934,Furniture,Bookcases,14,52,4555.55
FUR-BO-10001943,Furniture,Bookcases,3,12,705.508
FUR-BO-10001946,Furniture,Bookcases,8,31,3014.0
FUR-BO-10001966,Furniture,Bookcases,3,9,686.0
FUR-BO-10001967,Furniture,Bookcases,3,10,1337.0
FUR-BO-10001969,Furniture,Bookcases,4,19,1546.0
FUR-BO-10001972,Furniture,Bookcases,7,37,1404.337
FUR-BO-10002000,Furniture,Bookcases,5,18,1949.0990000000002
FUR-BO-10002003,Furniture,Bookcases,5,26,1530.314
FUR-BO-10002008,Furniture,Bookcases,3,5,328.0
FUR-BO-10002031,Furniture,Bookcases,6,20,2170.205
FUR-BO-10002032,Furniture,Bookcases,4,15,633.115
FUR-BO-10002042,Furniture,Bookcases,1,2,220.0
FUR-BO-10002084,Furniture,Bookcases,5,17,2943.0
FUR-BO-10002109,Furniture,Bookcases,3,13,909.0
FUR-BO-10002133,Furniture,Bookcases,3,8,950.0
FUR-BO-10002142,Furniture,Bookcases,2,5,933.0
FUR-BO-10002182,Furniture,Bookcases,7,24,4120.0
FUR-BO-10002202,Furniture,Bookcases,2,3,400.0
FUR-BO-10002204,Furniture,Bookcases,8,38,3124.223
FUR-BO-10002206,Furniture,Bookcases,1,1,120.0
FUR-BO-10002213,Furniture,Bookcases,10,42,3512.419
FUR-BO-10002214,Furniture,Bookcases,8,33,2710.0
FUR-BO-10002235,Furniture,Bookcases,5,14,1195.0
FUR-BO-10002250,Furniture,Bookcases,4,12,1376.0
FUR-BO-10002268,Furniture,Bookcases,3,16,755.0
FUR-BO-10002277,Furniture,Bookcases,4,16,2662.0
FUR-BO-10002285,Furniture,Bookcases,2,8,1048.0
FUR-BO-10002289,Furniture,Bookcases,2,5,622.0
FUR-BO-10002300,Furniture,Bookcases,10,40,3598.477
FUR-BO-10002308,Furniture,Bookcases,6,24,2564.962
FUR-BO-10002309,Furniture,Bookcases,2,4,320.0
FUR-BO-10002318,Furniture,Bookcases,4,10,1118.728
FUR-BO-10002324,Furniture,Bookcases,4,19,1771.0
FUR-BO-10002325,Furniture,Bookcases,4,12,2527.0
FUR-BO-10002334,Furniture,Bookcases,2,5,403.0
FUR-BO-10002346,Furniture,Bookcases,7,31,2123.0
FUR-BO-10002352,Furniture,Bookcases,7,27,2300.0
FUR-BO-10002378,Furniture,Bookcases,5,13,1090.0
FUR-BO-10002383,Furniture,Bookcases,11,48,4779.0
FUR-BO-10002387,Furniture,Bookcases,3,14,705.286
FUR-BO-10002390,Furniture,Bookcases,7,17,2782.63
FUR-BO-10002423,Furniture,Bookcases,4,7,1048.0
FUR-BO-10002444,Furniture,Bookcases,3,11,1484.54
FUR-BO-10002462,Furniture,Bookcases,4,12,1515.3049999999998
FUR-BO-10002471,Furniture,Bookcases,5,15,1570.0
FUR-BO-10002510,Furniture,Bookcases,12,38,5490.0
FUR-BO-10002529,Furniture,Bookcases,1,7,2.452
FUR-BO-10002545,Furniture,Bookcases,8,35,3380.163
FUR-BO-10002574,Furniture,Bookcases,1,4,132.0
FUR-BO-10002580,Furniture,Bookcases,3,14,1174.344
FUR-BO-10002592,Furniture,Bookcases,1,5,198.0
FUR-BO-10002598,Furniture,Bookcases,5,19,1321.0
FUR-BO-10002613,Furniture,Bookcases,6,27,2419.767
FUR-BO-10002632,Furniture,Bookcases,7,31,3361.041
FUR-BO-10002679,Furniture,Bookcases,8,36,2886.0
FUR-BO-10002680,Furniture,Bookcases,2,6,833.0
FUR-BO-10002682,Furniture,Bookcases,2,7,998.0
FUR-BO-10002708,Furniture,Bookcases,4,18,732.328
FUR-BO-10002736,Furniture,Bookcases,5,25,2137.175
FUR-BO-10002738,Furniture,Bookcases,4,7,744.0
FUR-BO-10002740,Furniture,Bookcases,4,18,2029.919
FUR-BO-10002766,Furniture,Bookcases,7,28,2809.127
FUR-BO-10002781,Furniture,Bookcases,4,23,1228.218
FUR-BO-10002782,Furniture,Bookcases,6,23,1814.0
FUR-BO-10002793,Furniture,Bookcases,2,10,237.574
FUR-BO-10002812,Furniture,Bookcases,6,23,2253.361
FUR-BO-10002819,Furniture,Bookcases,7,25,2866.0
FUR-BO-10002824,Furniture,Bookcases,3,6,749.0
FUR-BO-10002852,Furniture,Bookcases,1,2,252.0
FUR-BO-10002853,Furniture,Bookcases,4,9,541.0
FUR-BO-10002866,Furniture,Bookcases,1,6,1.582
FUR-BO-10002889,Furniture,Bookcases,2,12,224.117
FUR-BO-10002892,Furniture,Bookcases,5,24,888.668
FUR-BO-10002906,Furniture,Bookcases,3,11,755.0
FUR-BO-10002916,Furniture,Bookcases,4,15,1121.368
FUR-BO-10002926,Furniture,Bookcases,2,6,742.0
FUR-BO-10002936,Furniture,Bookcases,5,12,1389.0
FUR-BO-10002964,Furniture,Bookcases,3,15,1930.0
FUR-BO-10002968,Furniture,Bookcases,4,7,1456.0
FUR-BO-10002975,Furniture,Bookcases,5,16,984.0
FUR-BO-10002981,Furniture,Bookcases,8,27,2387.0
FUR-BO-10002985,Furniture,Bookcases,3,17,1439.0
FUR-BO-10002990,Furniture,Bookcases,6,27,2182.023
FUR-BO-10002992,Furniture,Bookcases,6,21,3141.208
FUR-BO-10003007,Furniture,Bookcases,6,24,2806.0
FUR-BO-10003022,Furniture,Bookcases,3,11,1550.0
FUR-BO-10003028,Furniture,Bookcases,6,24,2168.218
FUR-BO-10003029,Furniture,Bookcases,3,9,247.101
FUR-BO-10003034,Furniture,Bookcases,11,40,3827.0
FUR-BO-10003043,Furniture,Bookcases,3,7,634.0
FUR-BO-10003046,Furniture,Bookcases,6,18,1781.343
FUR-BO-10003078,Furniture,Bookcases,2,3,269.0
FUR-BO-10003086,Furniture,Bookcases,3,6,617.559
FUR-BO-10003103,Furniture,Bookcases,12,40,3026.594
FUR-BO-10003106,Furniture,Bookcases,7,34,1762.174
FUR-BO-10003112,Furniture,Bookcases,2,6,778.0
FUR-BO-10003126,Furniture,Bookcases,4,13,1632.718
FUR-BO-10003159,Furniture,Bookcases,12,43,3631.0
FUR-BO-10003174,Furniture,Bookcases,1,4,182.0
FUR-BO-10003181,Furniture,Bookcases,1,1,89.0
FUR-BO-10003185,Furniture,Bookcases,3,8,1358.0
FUR-BO-10003199,Furniture,Bookcases,4,14,832.214
FUR-BO-10003206,Furniture,Bookcases,5,20,1237.41
FUR-BO-10003221,Furniture,Bookcases,6,21,1824.0
FUR-BO-10003272,Furniture,Bookcases,6,21,2071.352
FUR-BO-10003282,Furniture,Bookcases,3,20,8.078000000000001
FUR-BO-10003284,Furniture,Bookcases,4,12,1156.0
FUR-BO-10003287,Furniture,Bookcases,3,15,1156.0
FUR-BO-10003291,Furniture,Bookcases,7,23,1329.0
FUR-BO-10003297,Furniture,Bookcases,8,28,2365.0
FUR-BO-10003301,Furniture,Bookcases,6,34,2129.377
FUR-BO-10003320,Furniture,Bookcases,3,12,549.461
FUR-BO-10003323,Furniture,Bookcases,5,25,2444.0
FUR-BO-10003326,Furniture,Bookcases,5,12,1030.0
FUR-BO-10003333,Furniture,Bookcases,3,9,1317.0
FUR-BO-10003383,Furniture,Bookcases,1,2,399.0
FUR-BO-10003384,Furniture,Bookcases,3,11,1243.0
FUR-BO-10003386,Furniture,Bookcases,1,2,338.0
FUR-BO-10003404,Furniture,Bookcases,2,8,3.4479999999999995
FUR-BO-10003408,Furniture,Bookcases,5,19,2486.0
FUR-BO-10003433,Furniture,Bookcases,3,14,322.0
FUR-BO-10003438,Furniture,Bookcases,11,52,3768.0
FUR-BO-10003441,Furniture,Bookcases,6,18,1472.0
FUR-BO-10003450,Furniture,Bookcases,3,14,650.0
FUR-BO-10003463,Furniture,Bookcases,6,28,1595.0
FUR-BO-10003499,Furniture,Bookcases,8,25,3164.167
FUR-BO-10003530,Furniture,Bookcases,4,11,1213.0
FUR-BO-10003541,Furniture,Bookcases,7,20,1860.894
FUR-BO-10003543,Furniture,Bookcases,5,17,1967.0
FUR-BO-10003546,Furniture,Bookcases,4,22,1474.0
FUR-BO-10003549,Furniture,Bookcases,6,33,1853.288
FUR-BO-10003554,Furniture,Bookcases,5,23,3081.0
FUR-BO-10003559,Furniture,Bookcases,7,18,2271.0
FUR-BO-10003563,Furniture,Bookcases,7,22,1984.0
FUR-BO-10003589,Furniture,Bookcases,1,1,102.0
FUR-BO-10003604,Furniture,Bookcases,2,10,1256.0
FUR-BO-10003631,Furniture,Bookcases,7,19,1549.0
FUR-BO-10003647,Furniture,Bookcases,1,2,826.0
FUR-BO-10003660,Furniture,Bookcases,3,4,729.0
FUR-BO-10003661,Furniture,Bookcases,1,7,1.362
FUR-BO-10003668,Furniture,Bookcases,1,2,157.0
FUR-BO-10003688,Furniture,Bookcases,8,19,1192.0
FUR-BO-10003697,Furniture,Bookcases,5,21,2910.076
FUR-BO-10003706,Furniture,Bookcases,7,23,1599.482
FUR-BO-10003713,Furniture,Bookcases,2,8,959.0
FUR-BO-10003734,Furniture,Bookcases,4,18,1235.538
FUR-BO-10003738,Furniture,Bookcases,5,12,2738.46
FUR-BO-10003768,Furniture,Bookcases,4,23,1556.0
FUR-BO-10003779,Furniture,Bookcases,4,11,2036.817
FUR-BO-10003783,Furniture,Bookcases,5,20,1695.801
FUR-BO-10003793,Furniture,Bookcases,5,21,1335.2849999999999
FUR-BO-10003828,Furniture,Bookcases,6,16,2114.0
FUR-BO-10003873,Furniture,Bookcases,4,15,1728.831
FUR-BO-10003878,Furniture,Bookcases,4,10,1368.0
FUR-BO-10003880,Furniture,Bookcases,1,7,230.0
FUR-BO-10003881,Furniture,Bookcases,7,20,3784.0
FUR-BO-10003887,Furniture,Bookcases,8,30,3178.022
FUR-BO-10003893,Furniture,Bookcases,2,16,1368.0
FUR-BO-10003894,Furniture,Bookcases,3,14,803.0
FUR-BO-10003903,Furniture,Bookcases,5,16,886.1569999999999
FUR-BO-10003904,Furniture,Bookcases,4,10,862.0
FUR-BO-10003905,Furniture,Bookcases,7,30,3252.0
FUR-BO-10003913,Furniture,Bookcases,5,20,1670.0520000000001
FUR-BO-10003945,Furniture,Bookcases,8,26,3790.0
FUR-BO-10003965,Furniture,Bookcases,4,12,1647.0
FUR-BO-10003966,Furniture,Bookcases,4,10,1428.0
FUR-BO-10003968,Furniture,Bookcases,2,5,781.053
FUR-BO-10003985,Furniture,Bookcases,1,4,1.046
FUR-BO-10003991,Furniture,Bookcases,5,18,1573.447
FUR-BO-10004015,Furniture,Bookcases,9,34,3318.0
FUR-BO-10004032,Furniture,Bookcases,1,4,134.0
FUR-BO-10004043,Furniture,Bookcases,3,15,6.154
FUR-BO-10004053,Furniture,Bookcases,7,18,4489.086
FUR-BO-10004055,Furniture,Bookcases,5,19,2010.0
FUR-BO-10004075,Furniture,Bookcases,5,20,1882.0
FUR-BO-10004080,Furniture,Bookcases,4,20,1839.0
FUR-BO-10004082,Furniture,Bookcases,3,9,930.452
FUR-BO-10004098,Furniture,Bookcases,1,6,397.0
FUR-BO-10004103,Furniture,Bookcases,1,3,291.0
FUR-BO-10004113,Furniture,Bookcases,9,27,5134.041
FUR-BO-10004119,Furniture,Bookcases,9,37,3017.385
FUR-BO-10004129,Furniture,Bookcases,2,10,877.624
FUR-BO-10004135,Furniture,Bookcases,2,6,490.0
FUR-BO-10004142,Furniture,Bookcases,7,25,3798.629
FUR-BO-10004161,Furniture,Bookcases,6,20,2148.0
FUR-BO-10004162,Furniture,Bookcases,7,28,2771.0
FUR-BO-10004191,Furniture,Bookcases,4,11,1525.0
FUR-BO-10004199,Furniture,Bookcases,4,17,2084.0
FUR-BO-10004218,Furniture,Bookcases,8,34,2428.198
FUR-BO-10004219,Furniture,Bookcases,3,17,624.02
FUR-BO-10004230,Furniture,Bookcases,5,14,1628.0
FUR-BO-10004238,Furniture,Bookcases,1,2,66.0
FUR-BO-10004254,Furniture,Bookcases,6,18,747.3520000000001
FUR-BO-10004312,Furniture,Bookcases,1,2,319.0
FUR-BO-10004316,Furniture,Bookcases,2,4,549.0
FUR-BO-10004327,Furniture,Bookcases,4,10,1124.0
FUR-BO-10004340,Furniture,Bookcases,8,28,3234.29
FUR-BO-10004357,Furniture,Bookcases,4,17,1497.4070000000002
FUR-BO-10004360,Furniture,Bookcases,2,4,489.0
FUR-BO-10004371,Furniture,Bookcases,1,5,549.0
FUR-BO-10004388,Furniture,Bookcases,4,15,1527.2649999999999
FUR-BO-10004399,Furniture,Bookcases,4,12,1768.0
FUR-BO-10004404,Furniture,Bookcases,4,13,1484.0
FUR-BO-10004407,Furniture,Bookcases,8,33,3214.0
FUR-BO-10004408,Furniture,Bookcases,4,16,1819.0
FUR-BO-10004409,Furniture,Bookcases,6,17,858.0
FUR-BO-10004423,Furniture,Bookcases,6,23,1593.0
FUR-BO-10004425,Furniture,Bookcases,6,21,2705.821
FUR-BO-10004430,Furniture,Bookcases,6,18,1827.024
FUR-BO-10004434,Furniture,Bookcases,1,1,363.0
FUR-BO-10004441,Furniture,Bookcases,4,17,1743.693
FUR-BO-10004445,Furniture,Bookcases,4,20,2268.0
FUR-BO-10004452,Furniture,Bookcases,3,12,1546.38
FUR-BO-10004459,Furniture,Bookcases,6,18,1621.0
FUR-BO-10004467,Furniture,Bookcases,8,31,1898.0
FUR-BO-10004472,Furniture,Bookcases,8,26,3930.213
FUR-BO-10004483,Furniture,Bookcases,2,8,1236.0
FUR-BO-10004504,Furniture,Bookcases,9,37,3361.0
FUR-BO-10004507,Furniture,Bookcases,3,9,995.0
FUR-BO-10004508,Furniture,Bookcases,4,16,1843.0
FUR-BO-10004529,Furniture,Bookcases,9,26,3998.0
FUR-BO-10004537,Furniture,Bookcases,3,8,1194.0
FUR-BO-10004541,Furniture,Bookcases,6,16,1996.504
FUR-BO-10004547,Furniture,Bookcases,9,28,3271.0
FUR-BO-10004558,Furniture,Bookcases,2,9,312.815
FUR-BO-10004560,Furniture,Bookcases,3,15,1339.217
FUR-BO-10004565,Furniture,Bookcases,5,17,1551.0
FUR-BO-10004567,Furniture,Bookcases,8,20,2039.0
FUR-BO-10004585,Furniture,Bookcases,4,19,2506.0
FUR-BO-10004620,Furniture,Bookcases,3,9,1057.0
FUR-BO-10004630,Furniture,Bookcases,3,13,1649.9270000000001
FUR-BO-10004633,Furniture,Bookcases,2,14,1901.0
FUR-BO-10004648,Furniture,Bookcases,3,17,6.477
FUR-BO-10004660,Furniture,Bookcases,3,9,1279.394
FUR-BO-10004665,Furniture,Bookcases,5,21,1538.555
FUR-BO-10004670,Furniture,Bookcases,1,2,730.0
FUR-BO-10004679,Furniture,Bookcases,8,49,17.433
FUR-BO-10004681,Furniture,Bookcases,1,2,244.0
FUR-BO-10004690,Furniture,Bookcases,2,9,1072.0
FUR-BO-10004695,Furniture,Bookcases,7,31,1993.896
FUR-BO-10004699,Furniture,Bookcases,6,18,2563.0
FUR-BO-10004704,Furniture,Bookcases,5,19,1968.0
FUR-BO-10004707,Furniture,Bookcases,6,32,1969.667
FUR-BO-10004709,Furniture,Bookcases,12,43,2919.898
FUR-BO-10004725,Furniture,Bookcases,5,19,2840.239
FUR-BO-10004771,Furniture,Bookcases,8,42,790.809
FUR-BO-10004773,Furniture,Bookcases,4,14,2127.0
FUR-BO-10004806,Furniture,Bookcases,6,29,1750.779
FUR-BO-10004821,Furniture,Bookcases,6,37,4221.0
FUR-BO-10004824,Furniture,Bookcases,5,17,1114.069
FUR-BO-10004834,Furniture,Bookcases,8,41,172.233
FUR-BO-10004842,Furniture,Bookcases,3,20,1655.028
FUR-BO-10004844,Furniture,Bookcases,3,13,1798.0
FUR-BO-10004852,Furniture,Bookcases,7,35,1452.036
FUR-BO-10004878,Furniture,Bookcases,1,2,171.0
FUR-BO-10004899,Furniture,Bookcases,3,14,1426.0
FUR-BO-10004911,Furniture,Bookcases,5,20,2363.0
FUR-BO-10004914,Furniture,Bookcases,9,21,2665.0
FUR-BO-10004917,Furniture,Bookcases,3,4,487.0
FUR-BO-10004924,Furniture,Bookcases,2,10,2.584
FUR-BO-10004926,Furniture,Bookcases,2,9,305.064
FUR-BO-10004935,Furniture,Bookcases,1,4,133.0
FUR-BO-10004947,Furniture,Bookcases,7,30,2660.218
FUR-BO-10004980,Furniture,Bookcases,2,3,685.0
FUR-BO-10004999,Furniture,Bookcases,5,25,10.372
FUR-BUS-10000332,Furniture,Bookcases,4,8,2040.0
FUR-BUS-10000984,Furniture,Bookcases,2,5,616.0
FUR-BUS-10001187,Furniture,Bookcases,2,6,1483.0
FUR-BUS-10001243,Furniture,Bookcases,4,13,1493.312
FUR-BUS-10001781,Furniture,Bookcases,1,6,2.183
FUR-BUS-10001876,Furniture,Bookcases,1,1,43.0
FUR-BUS-10002040,Furniture,Bookcases,9,20,2167.934
FUR-BUS-10002138,Furniture,Bookcases,3,7,882.0
FUR-BUS-10002192,Furniture,Bookcases,1,1,143.0
FUR-BUS-10002639,Furniture,Bookcases,8,33,2201.0
FUR-BUS-10002989,Furniture,Bookcases,3,6,2475.0
FUR-BUS-10003055,Furniture,Bookcases,5,15,1349.0
FUR-BUS-10003368,Furniture,Bookcases,2,6,799.0
FUR-BUS-10003708,Furniture,Bookcases,2,3,197.0
FUR-BUS-10003724,Furniture,Bookcases,1,6,741.0
FUR-BUS-10004121,Furniture,Bookcases,3,4,278.0
FUR-BUS-10004336,Furniture,Bookcases,3,5,471.0
FUR-BUS-10004475,Furniture,Bookcases,3,4,565.0
FUR-BUS-10004622,Furniture,Bookcases,2,2,250.0
FUR-BUS-10004644,Furniture,Bookcases,1,2,731.0
FUR-BUS-10004820,Furniture,Bookcases,6,9,1786.661
FUR-BUS-10004854,Furniture,Bookcases,7,17,2210.0
FUR-BUS-10004882,Furniture,Bookcases,3,5,649.0
FUR-CH-10000005,Furniture,Chairs,1,2,564.0
FUR-CH-10000013,Furniture,Chairs,2,9,513.0
FUR-CH-10000015,Furniture,Chairs,6,36,2645.942
FUR-CH-10000025,Furniture,Chairs,10,33,3971.0
FUR-CH-10000026,Furniture,Chairs,15,47,5350.0
FUR-CH-10000027,Furniture,Chairs,12,50,3102.245
FUR-CH-10000042,Furniture,Chairs,1,2,355.0
FUR-CH-10000051,Furniture,Chairs,2,10,3.979
FUR-CH-10000068,Furniture,Chairs,5,21,1288.0
FUR-CH-10000089,Furniture,Chairs,1,4,137.0
FUR-CH-10000105,Furniture,Chairs,16,83,2676.0
FUR-CH-10000110,Furniture,Chairs,7,29,1104.0
FUR-CH-10000117,Furniture,Chairs,6,22,1626.0
FUR-CH-10000133,Furniture,Chairs,3,16,1251.0
FUR-CH-10000136,Furniture,Chairs,1,2,53.0
FUR-CH-10000155,Furniture,Chairs,6,14,3528.0
FUR-CH-10000171,Furniture,Chairs,4,12,589.0
FUR-CH-10000182,Furniture,Chairs,1,5,77.0
FUR-CH-10000187,Furniture,Chairs,10,34,1614.0
FUR-CH-10000213,Furniture,Chairs,2,9,1326.0
FUR-CH-10000214,Furniture,Chairs,5,14,762.0
FUR-CH-10000225,Furniture,Chairs,7,25,1758.0
FUR-CH-10000229,Furniture,Chairs,4,10,2032.0
FUR-CH-10000233,Furniture,Chairs,7,18,535.0
FUR-CH-10000258,Furniture,Chairs,9,33,2671.0
FUR-CH-10000265,Furniture,Chairs,8,37,1631.0
FUR-CH-10000294,Furniture,Chairs,6,24,2959.218
FUR-CH-10000302,Furniture,Chairs,9,24,1680.0
FUR-CH-10000309,Furniture,Chairs,5,17,1778.31
FUR-CH-10000326,Furniture,Chairs,5,27,1980.0
FUR-CH-10000333,Furniture,Chairs,3,8,1043.0
FUR-CH-10000336,Furniture,Chairs,5,22,695.0
FUR-CH-10000343,Furniture,Chairs,6,16,2805.219
FUR-CH-10000351,Furniture,Chairs,13,47,2558.0
FUR-CH-10000373,Furniture,Chairs,1,2,167.0
FUR-CH-10000391,Furniture,Chairs,8,29,1218.0
FUR-CH-10000399,Furniture,Chairs,4,16,1030.327
FUR-CH-10000414,Furniture,Chairs,7,23,633.0
FUR-CH-10000422,Furniture,Chairs,9,34,2647.0
FUR-CH-10000423,Furniture,Chairs,4,16,861.0
FUR-CH-10000430,Furniture,Chairs,13,58,5321.058
FUR-CH-10000432,Furniture,Chairs,12,39,5078.096
FUR-CH-10000438,Furniture,Chairs,1,4,141.0
FUR-CH-10000454,Furniture,Chairs,12,51,5836.8060000000005
FUR-CH-10000470,Furniture,Chairs,1,2,552.0
FUR-CH-10000479,Furniture,Chairs,3,9,850.968
FUR-CH-10000488,Furniture,Chairs,4,11,649.0
FUR-CH-10000513,Furniture,Chairs,9,42,2952.8199999999997
FUR-CH-10000527,Furniture,Chairs,1,8,3.72
FUR-CH-10000528,Furniture,Chairs,5,25,1208.0
FUR-CH-10000546,Furniture,Chairs,3,14,718.952
FUR-CH-10000553,Furniture,Chairs,5,23,687.0
FUR-CH-10000568,Furniture,Chairs,1,2,68.0
FUR-CH-10000583,Furniture,Chairs,3,16,1201.2
FUR-CH-10000595,Furniture,Chairs,8,27,3767.931
FUR-CH-10000602,Furniture,Chairs,8,36,686.888
FUR-CH-10000603,Furniture,Chairs,5,15,627.0
FUR-CH-10000604,Furniture,Chairs,1,3,115.0
FUR-CH-10000608,Furniture,Chairs,6,25,1306.0
FUR-CH-10000656,Furniture,Chairs,5,19,1816.0
FUR-CH-10000660,Furniture,Chairs,7,27,2073.248
FUR-CH-10000663,Furniture,Chairs,2,11,831.0
FUR-CH-10000665,Furniture,Chairs,9,32,3955.0
FUR-CH-10000666,Furniture,Chairs,1,2,69.0
FUR-CH-10000667,Furniture,Chairs,4,11,421.0
FUR-CH-10000677,Furniture,Chairs,5,15,586.0
FUR-CH-10000685,Furniture,Chairs,3,10,826.52
FUR-CH-10000689,Furniture,Chairs,1,1,36.0
FUR-CH-10000690,Furniture,Chairs,2,7,165.0
FUR-CH-10000694,Furniture,Chairs,6,16,1101.0
FUR-CH-10000727,Furniture,Chairs,2,5,313.0
FUR-CH-10000745,Furniture,Chairs,6,30,1584.0
FUR-CH-10000749,Furniture,Chairs,2,13,580.629
FUR-CH-10000774,Furniture,Chairs,1,2,274.0
FUR-CH-10000777,Furniture,Chairs,8,26,4273.702
FUR-CH-10000783,Furniture,Chairs,3,11,850.23
FUR-CH-10000785,Furniture,Chairs,11,39,4996.013
FUR-CH-10000788,Furniture,Chairs,10,29,2181.0
FUR-CH-10000790,Furniture,Chairs,1,2,116.0
FUR-CH-10000807,Furniture,Chairs,4,16,1917.0
FUR-CH-10000825,Furniture,Chairs,11,31,1645.0
FUR-CH-10000836,Furniture,Chairs,7,22,2499.0
FUR-CH-10000843,Furniture,Chairs,9,21,2845.967
FUR-CH-10000847,Furniture,Chairs,6,18,3172.455
FUR-CH-10000848,Furniture,Chairs,1,2,835.0
FUR-CH-10000852,Furniture,Chairs,10,36,1069.0
FUR-CH-10000857,Furniture,Chairs,2,12,1562.0
FUR-CH-10000863,Furniture,Chairs,8,25,2914.0
FUR-CH-10000885,Furniture,Chairs,10,36,5641.248
FUR-CH-10000891,Furniture,Chairs,8,45,2849.589
FUR-CH-10000892,Furniture,Chairs,6,32,2711.906
FUR-CH-10000920,Furniture,Chairs,1,2,243.0
FUR-CH-10000932,Furniture,Chairs,5,28,8.184999999999999
FUR-CH-10000953,Furniture,Chairs,8,40,3861.0
FUR-CH-10000966,Furniture,Chairs,6,23,1516.0
FUR-CH-10000969,Furniture,Chairs,4,8,1976.103
FUR-CH-10000974,Furniture,Chairs,7,24,2714.678
FUR-CH-10000981,Furniture,Chairs,1,5,750.0
FUR-CH-10000988,Furniture,Chairs,10,44,2874.422
FUR-CH-10000994,Furniture,Chairs,12,47,4840.013
FUR-CH-10000996,Furniture,Chairs,6,24,1322.0
FUR-CH-10001021,Furniture,Chairs,1,3,282.0
FUR-CH-10001037,Furniture,Chairs,3,14,804.0
FUR-CH-10001039,Furniture,Chairs,5,20,2064.0
FUR-CH-10001043,Furniture,Chairs,2,9,259.0
FUR-CH-10001044,Furniture,Chairs,7,23,1298.0
FUR-CH-10001051,Furniture,Chairs,5,21,973.0
FUR-CH-10001114,Furniture,Chairs,8,32,1095.0
FUR-CH-10001130,Furniture,Chairs,10,35,3770.0
FUR-CH-10001138,Furniture,Chairs,6,16,2266.0
FUR-CH-10001146,Furniture,Chairs,15,51,2441.0
FUR-CH-10001147,Furniture,Chairs,8,30,4288.0
FUR-CH-10001150,Furniture,Chairs,4,15,1140.0
FUR-CH-10001153,Furniture,Chairs,5,19,961.0
FUR-CH-10001187,Furniture,Chairs,1,6,352.0
FUR-CH-10001190,Furniture,Chairs,3,10,1088.0
FUR-CH-10001191,Furniture,Chairs,2,7,179.0
FUR-CH-10001203,Furniture,Chairs,8,32,2333.0
FUR-CH-10001204,Furniture,Chairs,6,12,976.0
FUR-CH-10001207,Furniture,Chairs,5,18,351.978
FUR-CH-10001215,Furniture,Chairs,9,32,3116.869
FUR-CH-10001220,Furniture,Chairs,1,4,178.0
FUR-CH-10001237,Furniture,Chairs,5,22,1886.306
FUR-CH-10001262,Furniture,Chairs,10,34,764.145
FUR-CH-10001270,Furniture,Chairs,13,65,4670.0
FUR-CH-10001271,Furniture,Chairs,4,14,1250.43
FUR-CH-10001278,Furniture,Chairs,5,18,810.0
FUR-CH-10001282,Furniture,Chairs,10,35,781.0
FUR-CH-10001313,Furniture,Chairs,7,28,1959.0
FUR-CH-10001317,Furniture,Chairs,1,1,88.0
FUR-CH-10001322,Furniture,Chairs,6,18,1068.474
FUR-CH-10001332,Furniture,Chairs,8,46,1852.5729999999999
FUR-CH-10001343,Furniture,Chairs,6,26,2540.0
FUR-CH-10001347,Furniture,Chairs,1,5,111.0
FUR-CH-10001374,Furniture,Chairs,11,41,1831.0
FUR-CH-10001382,Furniture,Chairs,9,33,1885.0
FUR-CH-10001394,Furniture,Chairs,7,21,2951.913
FUR-CH-10001397,Furniture,Chairs,7,21,1169.0
FUR-CH-10001414,Furniture,Chairs,1,2,111.0
FUR-CH-10001415,Furniture,Chairs,7,27,855.92
FUR-CH-10001423,Furniture,Chairs,9,29,2353.0
FUR-CH-10001429,Furniture,Chairs,4,12,839.13
FUR-CH-10001455,Furniture,Chairs,11,40,4069.0
FUR-CH-10001465,Furniture,Chairs,8,23,3447.0
FUR-CH-10001477,Furniture,Chairs,9,40,1999.0
FUR-CH-10001482,Furniture,Chairs,7,20,2200.0
FUR-CH-10001490,Furniture,Chairs,6,27,2947.375
FUR-CH-10001492,Furniture,Chairs,5,12,3069.0
FUR-CH-10001536,Furniture,Chairs,2,5,288.0
FUR-CH-10001545,Furniture,Chairs,6,18,1687.0
FUR-CH-10001553,Furniture,Chairs,3,20,876.0
FUR-CH-10001559,Furniture,Chairs,1,4,1.836
FUR-CH-10001582,Furniture,Chairs,5,22,987.516
FUR-CH-10001588,Furniture,Chairs,2,14,3.43
FUR-CH-10001607,Furniture,Chairs,5,13,1268.0
FUR-CH-10001616,Furniture,Chairs,7,20,672.0
FUR-CH-10001634,Furniture,Chairs,9,40,3073.0
FUR-CH-10001647,Furniture,Chairs,11,31,2721.0
FUR-CH-10001658,Furniture,Chairs,13,47,1653.0
FUR-CH-10001663,Furniture,Chairs,1,3,149.0
FUR-CH-10001664,Furniture,Chairs,14,63,5319.05
FUR-CH-10001674,Furniture,Chairs,8,30,1891.0
FUR-CH-10001675,Furniture,Chairs,8,35,1808.0
FUR-CH-10001684,Furniture,Chairs,6,31,1474.453
FUR-CH-10001695,Furniture,Chairs,7,25,1679.0
FUR-CH-10001701,Furniture,Chairs,1,1,15.0
FUR-CH-10001708,Furniture,Chairs,7,32,1581.411
FUR-CH-10001714,Furniture,Chairs,5,13,1689.0
FUR-CH-10001726,Furniture,Chairs,6,36,2760.0
FUR-CH-10001752,Furniture,Chairs,6,23,1768.0
FUR-CH-10001756,Furniture,Chairs,11,55,2274.0
FUR-CH-10001784,Furniture,Chairs,9,55,2721.0
FUR-CH-10001795,Furniture,Chairs,8,31,1496.0
FUR-CH-10001797,Furniture,Chairs,12,47,2069.0
FUR-CH-10001802,Furniture,Chairs,8,36,2336.032
FUR-CH-10001805,Furniture,Chairs,1,4,272.0
FUR-CH-10001810,Furniture,Chairs,4,19,778.0
FUR-CH-10001819,Furniture,Chairs,12,45,1915.0
FUR-CH-10001831,Furniture,Chairs,5,17,1964.0
FUR-CH-10001832,Furniture,Chairs,7,29,3063.0
FUR-CH-10001854,Furniture,Chairs,8,28,3164.616
FUR-CH-10001871,Furniture,Chairs,7,37,3167.0
FUR-CH-10001891,Furniture,Chairs,6,17,1420.0
FUR-CH-10001895,Furniture,Chairs,6,14,766.0
FUR-CH-10001897,Furniture,Chairs,7,25,2974.911
FUR-CH-10001913,Furniture,Chairs,8,34,4781.0
FUR-CH-10001914,Furniture,Chairs,7,27,940.0
FUR-CH-10001919,Furniture,Chairs,1,2,196.0
FUR-CH-10001944,Furniture,Chairs,3,8,608.0
FUR-CH-10001972,Furniture,Chairs,4,21,627.0
FUR-CH-10001973,Furniture,Chairs,7,21,1775.0
FUR-CH-10001975,Furniture,Chairs,4,14,1200.0
FUR-CH-10002002,Furniture,Chairs,6,23,2205.0
FUR-CH-10002010,Furniture,Chairs,8,30,996.0
FUR-CH-10002017,Furniture,Chairs,5,12,246.0
FUR-CH-10002024,Furniture,Chairs,8,39,1001.889
FUR-CH-10002030,Furniture,Chairs,5,11,1513.0
FUR-CH-10002033,Furniture,Chairs,5,19,1020.508
FUR-CH-10002044,Furniture,Chairs,2,7,694.0
FUR-CH-10002045,Furniture,Chairs,3,8,356.0
FUR-CH-10002053,Furniture,Chairs,2,10,557.0
FUR-CH-10002060,Furniture,Chairs,4,20,2666.0
FUR-CH-10002061,Furniture,Chairs,8,26,2767.624
FUR-CH-10002073,Furniture,Chairs,4,22,429.004
FUR-CH-10002084,Furniture,Chairs,5,23,2706.0
FUR-CH-10002085,Furniture,Chairs,10,27,1726.0
FUR-CH-10002088,Furniture,Chairs,7,27,1272.0
FUR-CH-10002090,Furniture,Chairs,3,8,1280.0
FUR-CH-10002091,Furniture,Chairs,9,27,4632.0
FUR-CH-10002093,Furniture,Chairs,6,23,2173.0
FUR-CH-10002116,Furniture,Chairs,3,5,569.0
FUR-CH-10002117,Furniture,Chairs,7,36,2428.0
FUR-CH-10002126,Furniture,Chairs,4,15,1562.025
FUR-CH-10002132,Furniture,Chairs,13,41,3144.0
FUR-CH-10002152,Furniture,Chairs,2,8,166.0
FUR-CH-10002188,Furniture,Chairs,3,9,721.0
FUR-CH-10002203,Furniture,Chairs,5,30,745.567
FUR-CH-10002207,Furniture,Chairs,6,26,1409.0
FUR-CH-10002209,Furniture,Chairs,7,25,1247.0
FUR-CH-10002212,Furniture,Chairs,8,37,2443.0
FUR-CH-10002213,Furniture,Chairs,12,45,4153.561
FUR-CH-10002224,Furniture,Chairs,9,31,3768.0
FUR-CH-10002226,Furniture,Chairs,1,4,84.0
FUR-CH-10002228,Furniture,Chairs,1,4,240.0
FUR-CH-10002247,Furniture,Chairs,11,41,1146.991
FUR-CH-10002250,Furniture,Chairs,10,37,2563.738
FUR-CH-10002273,Furniture,Chairs,1,6,521.0
FUR-CH-10002275,Furniture,Chairs,1,8,1.473
FUR-CH-10002288,Furniture,Chairs,5,17,731.0
FUR-CH-10002291,Furniture,Chairs,11,56,1435.0
FUR-CH-10002297,Furniture,Chairs,7,26,744.0
FUR-CH-10002304,Furniture,Chairs,7,44,902.0
FUR-CH-10002316,Furniture,Chairs,3,12,641.0
FUR-CH-10002317,Furniture,Chairs,1,1,207.0
FUR-CH-10002320,Furniture,Chairs,4,22,263.227
FUR-CH-10002331,Furniture,Chairs,6,24,2177.411
FUR-CH-10002335,Furniture,Chairs,14,53,5365.72
FUR-CH-10002344,Furniture,Chairs,4,13,1635.0
FUR-CH-10002362,Furniture,Chairs,1,2,54.0
FUR-CH-10002372,Furniture,Chairs,7,19,1312.0
FUR-CH-10002373,Furniture,Chairs,2,6,858.0
FUR-CH-10002374,Furniture,Chairs,7,24,607.0
FUR-CH-10002378,Furniture,Chairs,5,13,1564.0
FUR-CH-10002410,Furniture,Chairs,4,8,789.0
FUR-CH-10002412,Furniture,Chairs,10,39,1401.0
FUR-CH-10002417,Furniture,Chairs,1,6,470.0
FUR-CH-10002435,Furniture,Chairs,1,2,550.0
FUR-CH-10002438,Furniture,Chairs,1,3,369.0
FUR-CH-10002439,Furniture,Chairs,6,31,1589.0
FUR-CH-10002468,Furniture,Chairs,7,23,2835.0
FUR-CH-10002477,Furniture,Chairs,4,9,858.998
FUR-CH-10002481,Furniture,Chairs,1,3,368.0
FUR-CH-10002498,Furniture,Chairs,6,16,1183.0
FUR-CH-10002510,Furniture,Chairs,6,30,2331.0
FUR-CH-10002542,Furniture,Chairs,3,10,539.0
FUR-CH-10002543,Furniture,Chairs,2,14,563.0
FUR-CH-10002547,Furniture,Chairs,11,41,2105.0
FUR-CH-10002555,Furniture,Chairs,9,40,2873.0
FUR-CH-10002573,Furniture,Chairs,12,34,3917.509
FUR-CH-10002574,Furniture,Chairs,2,7,298.0
FUR-CH-10002585,Furniture,Chairs,4,12,2228.315
FUR-CH-10002589,Furniture,Chairs,3,14,1199.0
FUR-CH-10002602,Furniture,Chairs,11,37,3414.208
FUR-CH-10002610,Furniture,Chairs,10,32,4698.0
FUR-CH-10002626,Furniture,Chairs,10,30,2202.0
FUR-CH-10002631,Furniture,Chairs,8,28,1458.0
FUR-CH-10002647,Furniture,Chairs,20,81,5704.0
FUR-CH-10002653,Furniture,Chairs,13,53,4186.0
FUR-CH-10002693,Furniture,Chairs,1,1,49.0
FUR-CH-10002727,Furniture,Chairs,7,24,641.0
FUR-CH-10002743,Furniture,Chairs,2,8,411.0
FUR-CH-10002749,Furniture,Chairs,7,22,1117.0
FUR-CH-10002752,Furniture,Chairs,3,9,364.0
FUR-CH-10002758,Furniture,Chairs,2,7,1269.0
FUR-CH-10002768,Furniture,Chairs,6,12,1211.0
FUR-CH-10002774,Furniture,Chairs,7,19,764.0
FUR-CH-10002780,Furniture,Chairs,7,35,918.921
FUR-CH-10002782,Furniture,Chairs,5,14,1273.512
FUR-CH-10002793,Furniture,Chairs,3,6,256.0
FUR-CH-10002816,Furniture,Chairs,1,3,548.0
FUR-CH-10002817,Furniture,Chairs,1,3,59.0
FUR-CH-10002819,Furniture,Chairs,6,25,1000.0
FUR-CH-10002830,Furniture,Chairs,7,24,3100.0
FUR-CH-10002846,Furniture,Chairs,8,27,1211.0
FUR-CH-10002872,Furniture,Chairs,9,21,3499.053
FUR-CH-10002880,Furniture,Chairs,14,54,4330.107
FUR-CH-10002882,Furniture,Chairs,8,36,1206.0
FUR-CH-10002890,Furniture,Chairs,6,21,1399.0
FUR-CH-10002891,Furniture,Chairs,4,21,1462.957
FUR-CH-10002923,Furniture,Chairs,1,2,274.0
FUR-CH-10002924,Furniture,Chairs,1,3,68.0
FUR-CH-10002927,Furniture,Chairs,2,7,652.0
FUR-CH-10002932,Furniture,Chairs,8,18,2237.0
FUR-CH-10002938,Furniture,Chairs,1,1,34.0
FUR-CH-10002940,Furniture,Chairs,9,35,2144.0
FUR-CH-10002944,Furniture,Chairs,8,32,2654.0
FUR-CH-10002961,Furniture,Chairs,6,19,1438.0
FUR-CH-10002965,Furniture,Chairs,11,39,4865.125
FUR-CH-10002966,Furniture,Chairs,11,34,5300.0
FUR-CH-10002970,Furniture,Chairs,7,44,2240.0
FUR-CH-10002974,Furniture,Chairs,4,12,1498.0
FUR-CH-10002980,Furniture,Chairs,2,10,3.492
FUR-CH-10002989,Furniture,Chairs,3,10,353.0
FUR-CH-10002991,Furniture,Chairs,5,19,1517.0
FUR-CH-10003009,Furniture,Chairs,11,37,2852.173
FUR-CH-10003026,Furniture,Chairs,4,10,412.0
FUR-CH-10003033,Furniture,Chairs,3,19,1380.0
FUR-CH-10003054,Furniture,Chairs,2,6,412.05
FUR-CH-10003061,Furniture,Chairs,8,19,1449.0
FUR-CH-10003062,Furniture,Chairs,4,16,551.0
FUR-CH-10003077,Furniture,Chairs,9,35,948.0
FUR-CH-10003097,Furniture,Chairs,6,29,2089.038
FUR-CH-10003107,Furniture,Chairs,10,31,3085.0
FUR-CH-10003109,Furniture,Chairs,12,42,3417.0
FUR-CH-10003114,Furniture,Chairs,7,22,2556.0
FUR-CH-10003123,Furniture,Chairs,5,16,805.0
FUR-CH-10003143,Furniture,Chairs,1,2,118.0
FUR-CH-10003155,Furniture,Chairs,1,3,49.0
FUR-CH-10003168,Furniture,Chairs,1,2,317.0
FUR-CH-10003180,Furniture,Chairs,1,2,45.0
FUR-CH-10003195,Furniture,Chairs,7,20,1513.0
FUR-CH-10003199,Furniture,Chairs,6,20,1842.0
FUR-CH-10003232,Furniture,Chairs,6,29,435.002
FUR-CH-10003248,Furniture,Chairs,6,25,757.0
FUR-CH-10003249,Furniture,Chairs,12,67,4515.0
FUR-CH-10003282,Furniture,Chairs,3,13,535.0
FUR-CH-10003298,Furniture,Chairs,9,35,3680.0
FUR-CH-10003312,Furniture,Chairs,7,26,3153.473
FUR-CH-10003336,Furniture,Chairs,8,24,1219.0
FUR-CH-10003341,Furniture,Chairs,1,2,132.0
FUR-CH-10003353,Furniture,Chairs,2,8,976.0
FUR-CH-10003354,Furniture,Chairs,28,106,8184.0
FUR-CH-10003355,Furniture,Chairs,5,18,1146.0
FUR-CH-10003362,Furniture,Chairs,4,13,848.059
FUR-CH-10003365,Furniture,Chairs,7,24,2424.837
FUR-CH-10003379,Furniture,Chairs,9,33,4135.847
FUR-CH-10003392,Furniture,Chairs,12,37,1885.0
FUR-CH-10003396,Furniture,Chairs,10,29,1773.0
FUR-CH-10003419,Furniture,Chairs,6,19,1007.0
FUR-CH-10003423,Furniture,Chairs,7,20,1515.0
FUR-CH-10003440,Furniture,Chairs,3,7,630.0
FUR-CH-10003448,Furniture,Chairs,5,17,553.0
FUR-CH-10003485,Furniture,Chairs,6,24,1946.0
FUR-CH-10003499,Furniture,Chairs,2,7,890.0
FUR-CH-10003508,Furniture,Chairs,1,2,333.0
FUR-CH-10003512,Furniture,Chairs,6,21,930.0
FUR-CH-10003514,Furniture,Chairs,10,35,2965.0
FUR-CH-10003535,Furniture,Chairs,8,28,1396.0
FUR-CH-10003540,Furniture,Chairs,6,29,1298.0
FUR-CH-10003551,Furniture,Chairs,9,49,3314.5389999999998
FUR-CH-10003558,Furniture,Chairs,1,6,580.0
FUR-CH-10003559,Furniture,Chairs,6,15,550.0
FUR-CH-10003580,Furniture,Chairs,10,33,1790.0
FUR-CH-10003581,Furniture,Chairs,8,22,2262.73
FUR-CH-10003597,Furniture,Chairs,4,14,682.147
FUR-CH-10003606,Furniture,Chairs,3,6,706.0
FUR-CH-10003608,Furniture,Chairs,2,8,347.0
FUR-CH-10003616,Furniture,Chairs,3,13,4.789
FUR-CH-10003618,Furniture,Chairs,1,2,162.0
FUR-CH-10003621,Furniture,Chairs,3,13,428.0
FUR-CH-10003623,Furniture,Chairs,3,10,512.0
FUR-CH-10003692,Furniture,Chairs,8,33,3100.042
FUR-CH-10003696,Furniture,Chairs,1,5,58.0
FUR-CH-10003697,Furniture,Chairs,12,54,1616.0
FUR-CH-10003702,Furniture,Chairs,1,8,688.0
FUR-CH-10003706,Furniture,Chairs,11,69,2857.0
FUR-CH-10003733,Furniture,Chairs,9,49,2096.0
FUR-CH-10003746,Furniture,Chairs,9,30,3985.6349999999998
FUR-CH-10003750,Furniture,Chairs,1,5,662.0
FUR-CH-10003760,Furniture,Chairs,6,27,1323.0
FUR-CH-10003761,Furniture,Chairs,2,8,969.0
FUR-CH-10003771,Furniture,Chairs,1,4,382.0
FUR-CH-10003772,Furniture,Chairs,3,13,711.0
FUR-CH-10003774,Furniture,Chairs,14,59,4166.0
FUR-CH-10003794,Furniture,Chairs,3,7,264.0
FUR-CH-10003808,Furniture,Chairs,1,3,151.0
FUR-CH-10003817,Furniture,Chairs,10,43,2205.0
FUR-CH-10003822,Furniture,Chairs,8,34,2665.0
FUR-CH-10003833,Furniture,Chairs,9,39,1890.0
FUR-CH-10003836,Furniture,Chairs,8,29,3286.0
FUR-CH-10003841,Furniture,Chairs,3,14,971.038
FUR-CH-10003842,Furniture,Chairs,4,15,986.0
FUR-CH-10003844,Furniture,Chairs,7,19,1478.0
FUR-CH-10003846,Furniture,Chairs,13,51,3440.832
FUR-CH-10003848,Furniture,Chairs,5,20,1005.0319999999999
FUR-CH-10003853,Furniture,Chairs,6,20,1071.0
FUR-CH-10003861,Furniture,Chairs,8,29,3204.0
FUR-CH-10003874,Furniture,Chairs,1,9,133.0
FUR-CH-10003875,Furniture,Chairs,1,4,705.0
FUR-CH-10003883,Furniture,Chairs,6,19,2020.0
FUR-CH-10003894,Furniture,Chairs,1,8,803.0
FUR-CH-10003910,Furniture,Chairs,6,25,1648.0
FUR-CH-10003941,Furniture,Chairs,11,42,3407.774
FUR-CH-10003948,Furniture,Chairs,2,10,220.459
FUR-CH-10003950,Furniture,Chairs,10,37,1597.871
FUR-CH-10003956,Furniture,Chairs,4,16,923.0
FUR-CH-10003965,Furniture,Chairs,6,35,3808.0
FUR-CH-10003968,Furniture,Chairs,6,22,1341.0
FUR-CH-10003973,Furniture,Chairs,8,31,3424.651
FUR-CH-10003981,Furniture,Chairs,7,24,3342.079
FUR-CH-10003982,Furniture,Chairs,8,33,2921.0
FUR-CH-10004007,Furniture,Chairs,2,6,458.0
FUR-CH-10004009,Furniture,Chairs,7,29,2745.0969999999998
FUR-CH-10004010,Furniture,Chairs,11,29,864.0
FUR-CH-10004011,Furniture,Chairs,5,16,1837.142
FUR-CH-10004026,Furniture,Chairs,1,4,330.0
FUR-CH-10004040,Furniture,Chairs,2,6,508.0
FUR-CH-10004047,Furniture,Chairs,4,16,1923.0
FUR-CH-10004049,Furniture,Chairs,6,17,758.0
FUR-CH-10004050,Furniture,Chairs,2,6,912.822
FUR-CH-10004054,Furniture,Chairs,9,50,2198.24
FUR-CH-10004062,Furniture,Chairs,2,11,420.0
FUR-CH-10004063,Furniture,Chairs,8,35,4095.576
FUR-CH-10004065,Furniture,Chairs,4,23,1093.0
FUR-CH-10004082,Furniture,Chairs,7,43,2649.0
FUR-CH-10004086,Furniture,Chairs,8,34,2922.514
FUR-CH-10004089,Furniture,Chairs,6,18,1058.0
FUR-CH-10004095,Furniture,Chairs,16,66,6901.227
FUR-CH-10004101,Furniture,Chairs,5,13,1943.0
FUR-CH-10004151,Furniture,Chairs,2,8,209.0
FUR-CH-10004163,Furniture,Chairs,5,14,1168.0
FUR-CH-10004194,Furniture,Chairs,11,42,2105.0
FUR-CH-10004196,Furniture,Chairs,9,42,3866.467
FUR-CH-10004199,Furniture,Chairs,2,4,1114.0
FUR-CH-10004218,Furniture,Chairs,9,35,3151.0
FUR-CH-10004219,Furniture,Chairs,6,21,644.0
FUR-CH-10004242,Furniture,Chairs,8,24,1240.0
FUR-CH-10004255,Furniture,Chairs,5,17,837.506
FUR-CH-10004277,Furniture,Chairs,6,17,1435.0
FUR-CH-10004287,Furniture,Chairs,13,53,5945.635
FUR-CH-10004289,Furniture,Chairs,7,30,2390.0
FUR-CH-10004306,Furniture,Chairs,6,22,824.0
FUR-CH-10004309,Furniture,Chairs,1,5,397.0
FUR-CH-10004312,Furniture,Chairs,14,56,2179.0
FUR-CH-10004331,Furniture,Chairs,9,28,3235.0
FUR-CH-10004338,Furniture,Chairs,6,21,559.0
FUR-CH-10004339,Furniture,Chairs,11,38,2877.0
FUR-CH-10004355,Furniture,Chairs,2,5,493.0
FUR-CH-10004365,Furniture,Chairs,4,9,1096.0
FUR-CH-10004387,Furniture,Chairs,12,49,1991.0
FUR-CH-10004441,Furniture,Chairs,1,4,188.0
FUR-CH-10004447,Furniture,Chairs,5,23,1258.613
FUR-CH-10004448,Furniture,Chairs,1,2,69.0
FUR-CH-10004455,Furniture,Chairs,1,8,1.441
FUR-CH-10004462,Furniture,Chairs,2,7,828.839
FUR-CH-10004467,Furniture,Chairs,8,23,912.0
FUR-CH-10004477,Furniture,Chairs,9,44,2186.0
FUR-CH-10004478,Furniture,Chairs,12,36,1794.0
FUR-CH-10004491,Furniture,Chairs,5,12,1828.0
FUR-CH-10004495,Furniture,Chairs,8,26,3133.281
FUR-CH-10004506,Furniture,Chairs,5,19,1401.0
FUR-CH-10004536,Furniture,Chairs,3,13,371.0
FUR-CH-10004540,Furniture,Chairs,6,32,816.0
FUR-CH-10004547,Furniture,Chairs,7,22,693.0
FUR-CH-10004572,Furniture,Chairs,12,35,5613.0
FUR-CH-10004576,Furniture,Chairs,4,18,756.0
FUR-CH-10004580,Furniture,Chairs,8,27,1282.0
FUR-CH-10004584,Furniture,Chairs,6,27,2153.0
FUR-CH-10004592,Furniture,Chairs,4,22,1410.076
FUR-CH-10004600,Furniture,Chairs,8,53,3286.0
FUR-CH-10004606,Furniture,Chairs,6,23,2155.0
FUR-CH-10004609,Furniture,Chairs,4,10,1004.0
FUR-CH-10004626,Furniture,Chairs,6,20,1948.0
FUR-CH-10004642,Furniture,Chairs,1,2,45.0
FUR-CH-10004652,Furniture,Chairs,5,16,278.0
FUR-CH-10004669,Furniture,Chairs,10,30,6475.527
FUR-CH-10004675,Furniture,Chairs,7,27,3685.527
FUR-CH-10004676,Furniture,Chairs,7,27,2147.122
FUR-CH-10004685,Furniture,Chairs,2,4,620.0
FUR-CH-10004694,Furniture,Chairs,10,35,4489.0
FUR-CH-10004698,Furniture,Chairs,8,30,1830.0
FUR-CH-10004705,Furniture,Chairs,2,4,1828.0
FUR-CH-10004725,Furniture,Chairs,12,58,1776.0
FUR-CH-10004736,Furniture,Chairs,6,17,427.0
FUR-CH-10004746,Furniture,Chairs,6,17,4774.0
FUR-CH-10004751,Furniture,Chairs,4,12,633.0
FUR-CH-10004754,Furniture,Chairs,7,31,804.0
FUR-CH-10004755,Furniture,Chairs,10,53,3466.535
FUR-CH-10004774,Furniture,Chairs,10,44,3092.8160000000003
FUR-CH-10004783,Furniture,Chairs,5,13,413.0
FUR-CH-10004790,Furniture,Chairs,5,19,758.0
FUR-CH-10004792,Furniture,Chairs,3,10,1652.0
FUR-CH-10004795,Furniture,Chairs,4,17,1680.0
FUR-CH-10004801,Furniture,Chairs,3,26,399.0
FUR-CH-10004810,Furniture,Chairs,6,14,2201.0
FUR-CH-10004826,Furniture,Chairs,5,13,1048.0
FUR-CH-10004827,Furniture,Chairs,6,23,643.0
FUR-CH-10004844,Furniture,Chairs,7,19,1669.0
FUR-CH-10004853,Furniture,Chairs,6,23,1903.057
FUR-CH-10004860,Furniture,Chairs,8,21,1748.0
FUR-CH-10004863,Furniture,Chairs,7,27,3534.0
FUR-CH-10004875,Furniture,Chairs,8,24,1501.0
FUR-CH-10004886,Furniture,Chairs,6,24,1774.0
FUR-CH-10004899,Furniture,Chairs,5,18,1155.0
FUR-CH-10004910,Furniture,Chairs,1,7,2.959
FUR-CH-10004913,Furniture,Chairs,5,24,3136.0
FUR-CH-10004920,Furniture,Chairs,9,28,1151.0
FUR-CH-10004943,Furniture,Chairs,3,10,377.0
FUR-CH-10004969,Furniture,Chairs,4,10,410.0
FUR-CH-10004983,Furniture,Chairs,5,31,1580.608
FUR-CH-10004992,Furniture,Chairs,1,3,36.0
FUR-CH-10004993,Furniture,Chairs,13,59,4599.075
FUR-CH-10004997,Furniture,Chairs,10,43,5227.523
FUR-CHR-10000585,Furniture,Tables,1,1,269.0
FUR-CHR-10000888,Furniture,Tables,1,1,178.0
FUR-CHR-10001018,Furniture,Tables,2,6,930.859
FUR-CHR-10001570,Furniture,Tables,2,2,1740.0
FUR-CHR-10001784,Furniture,Tables,1,2,534.0
FUR-CHR-10002165,Furniture,Tables,1,8,3.878
FUR-CHR-10002278,Furniture,Tables,2,12,3.003
FUR-CHR-10002686,Furniture,Tables,2,5,447.782
FUR-CHR-10003806,Furniture,Tables,2,3,350.745
FUR-CHR-10004803,Furniture,Tables,1,2,968.0
FUR-DAN-10000597,Furniture,Bookcases,3,6,813.0
FUR-DAN-10001340,Furniture,Bookcases,4,8,698.0
FUR-DAN-10001462,Furniture,Bookcases,3,6,652.0
FUR-DAN-10001557,Furniture,Bookcases,1,1,171.0
FUR-DAN-10001584,Furniture,Bookcases,3,10,1240.0
FUR-DAN-10001622,Furniture,Bookcases,2,2,728.0
FUR-DAN-10001875,Furniture,Bookcases,2,2,338.0
FUR-DAN-10001993,Furniture,Bookcases,4,6,662.0
FUR-DAN-10002017,Furniture,Bookcases,2,3,740.0
FUR-DAN-10002028,Furniture,Bookcases,6,8,2562.0
FUR-DAN-10002167,Furniture,Bookcases,2,5,949.0
FUR-DAN-10002314,Furniture,Bookcases,4,12,1452.0
FUR-DAN-10002348,Furniture,Bookcases,1,2,824.0
FUR-DAN-10002631,Furniture,Bookcases,4,7,629.0
FUR-DAN-10002741,Furniture,Bookcases,1,4,494.0
FUR-DAN-10002846,Furniture,Bookcases,4,8,1031.0
FUR-DAN-10002967,Furniture,Bookcases,4,19,776.127
FUR-DAN-10003011,Furniture,Bookcases,5,10,984.0
FUR-DAN-10003065,Furniture,Bookcases,7,10,3115.0
FUR-DAN-10003334,Furniture,Bookcases,3,9,763.0
FUR-DAN-10004510,Furniture,Bookcases,2,8,580.447
FUR-DAN-10004625,Furniture,Bookcases,3,9,803.0
FUR-DAN-10004745,Furniture,Bookcases,5,9,952.0
FUR-DAN-10004940,Furniture,Bookcases,5,6,1681.0
FUR-DEF-10000065,Furniture,Furnishings,6,9,588.0
FUR-DEF-10000346,Furniture,Furnishings,5,13,1354.0
FUR-DEF-10000349,Furniture,Furnishings,6,14,212.0
FUR-DEF-10000384,Furniture,Furnishings,6,9,370.0
FUR-DEF-10000495,Furniture,Furnishings,4,17,794.0
FUR-DEF-10000572,Furniture,Furnishings,2,4,208.0
FUR-DEF-10000622,Furniture,Furnishings,7,14,213.0
FUR-DEF-10000639,Furniture,Furnishings,4,5,198.0
FUR-DEF-10000720,Furniture,Furnishings,2,3,132.0
FUR-DEF-10000810,Furniture,Furnishings,4,9,228.0
FUR-DEF-10001359,Furniture,Furnishings,10,16,1348.0
FUR-DEF-10001477,Furniture,Furnishings,2,3,39.0
FUR-DEF-10001763,Furniture,Furnishings,2,5,205.0
FUR-DEF-10002774,Furniture,Furnishings,9,16,539.0
FUR-DEF-10002814,Furniture,Furnishings,3,4,96.0
FUR-DEF-10002865,Furniture,Furnishings,9,29,466.0
FUR-DEF-10003140,Furniture,Furnishings,3,6,101.0
FUR-DEF-10003315,Furniture,Furnishings,5,11,505.0
FUR-DEF-10003551,Furniture,Furnishings,3,10,506.0
FUR-DEF-10003676,Furniture,Furnishings,4,4,62.0
FUR-DEF-10004141,Furniture,Furnishings,4,8,333.0
FUR-DEF-10004355,Furniture,Furnishings,4,13,655.0
FUR-DEF-10004555,Furniture,Furnishings,1,2,220.0
FUR-DEF-10004936,Furniture,Furnishings,3,4,64.0
FUR-ELD-10000038,Furniture,Furnishings,4,9,307.0
FUR-ELD-10000301,Furniture,Furnishings,4,8,861.0
FUR-ELD-10000335,Furniture,Furnishings,4,10,268.0
FUR-ELD-10000605,Furniture,Furnishings,3,3,77.0
FUR-ELD-10000857,Furniture,Furnishings,6,17,664.0
FUR-ELD-10000963,Furniture,Furnishings,3,15,428.0
FUR-ELD-10001163,Furniture,Furnishings,1,8,919.0
FUR-ELD-10001413,Furniture,Furnishings,5,11,138.0
FUR-ELD-10002511,Furniture,Furnishings,4,8,302.0
FUR-ELD-10003131,Furniture,Furnishings,3,6,679.0
FUR-ELD-10003179,Furniture,Furnishings,5,6,330.0
FUR-ELD-10003479,Furniture,Furnishings,4,16,856.0
FUR-ELD-10003695,Furniture,Furnishings,5,9,167.0
FUR-ELD-10003802,Furniture,Furnishings,8,20,772.0
FUR-ELD-10003828,Furniture,Furnishings,5,11,191.0
FUR-ELD-10003843,Furniture,Furnishings,2,2,81.0
FUR-ELD-10004384,Furniture,Furnishings,3,17,1139.0
FUR-ELD-10004515,Furniture,Furnishings,2,5,251.0
FUR-ELD-10004559,Furniture,Furnishings,2,3,72.0
FUR-ELD-10004727,Furniture,Furnishings,2,7,202.0
FUR-ELD-10004973,Furniture,Furnishings,2,6,260.0
FUR-ELD-10004994,Furniture,Furnishings,4,4,194.0
FUR-FU-10000010,Furniture,Furnishings,10,36,177.0
FUR-FU-10000012,Furniture,Furnishings,4,13,182.0
FUR-FU-10000018,Furniture,Furnishings,1,2,66.0
FUR-FU-10000023,Furniture,Furnishings,9,45,238.0
FUR-FU-10000039,Furniture,Furnishings,5,14,260.0
FUR-FU-10000060,Furniture,Furnishings,6,20,187.0
FUR-FU-10000065,Furniture,Furnishings,4,27,1465.0
FUR-FU-10000067,Furniture,Furnishings,1,8,249.0
FUR-FU-10000069,Furniture,Furnishings,5,17,580.0
FUR-FU-10000072,Furniture,Furnishings,3,14,149.0
FUR-FU-10000073,Furniture,Furnishings,3,17,125.0
FUR-FU-10000076,Furniture,Furnishings,6,27,488.0
FUR-FU-10000087,Furniture,Furnishings,6,16,310.0
FUR-FU-10000110,Furniture,Furnishings,8,37,657.0
FUR-FU-10000135,Furniture,Furnishings,5,21,970.0
FUR-FU-10000140,Furniture,Furnishings,5,30,791.0
FUR-FU-10000142,Furniture,Furnishings,4,11,178.0
FUR-FU-10000159,Furniture,Furnishings,7,28,1610.0
FUR-FU-10000163,Furniture,Furnishings,1,1,110.0
FUR-FU-10000175,Furniture,Furnishings,4,16,159.0
FUR-FU-10000188,Furniture,Furnishings,3,7,770.0
FUR-FU-10000193,Furniture,Furnishings,6,20,468.0
FUR-FU-10000204,Furniture,Furnishings,1,3,126.0
FUR-FU-10000206,Furniture,Furnishings,7,20,46.0
FUR-FU-10000221,Furniture,Furnishings,9,38,175.0
FUR-FU-10000222,Furniture,Furnishings,5,19,442.0
FUR-FU-10000225,Furniture,Furnishings,3,12,585.0
FUR-FU-10000242,Furniture,Furnishings,6,20,1155.0
FUR-FU-10000246,Furniture,Furnishings,5,22,243.0
FUR-FU-10000251,Furniture,Furnishings,2,7,206.0
FUR-FU-10000256,Furniture,Furnishings,2,7,337.0
FUR-FU-10000260,Furniture,Furnishings,4,19,124.0
FUR-FU-10000267,Furniture,Furnishings,3,12,528.0
FUR-FU-10000277,Furniture,Furnishings,5,18,1686.0
FUR-FU-10000287,Furniture,Furnishings,1,2,63.0
FUR-FU-10000293,Furniture,Furnishings,4,14,1431.0
FUR-FU-10000295,Furniture,Furnishings,8,34,495.0
FUR-FU-10000298,Furniture,Furnishings,4,15,698.0
FUR-FU-10000305,Furniture,Furnishings,3,7,469.0
FUR-FU-10000306,Furniture,Furnishings,4,13,599.0
FUR-FU-10000308,Furniture,Furnishings,7,26,1579.0
FUR-FU-10000320,Furniture,Furnishings,6,30,82.0
FUR-FU-10000339,Furniture,Furnishings,5,22,2101.0
FUR-FU-10000342,Furniture,Furnishings,3,8,55.0
FUR-FU-10000350,Furniture,Furnishings,8,27,239.0
FUR-FU-10000361,Furniture,Furnishings,5,15,533.0
FUR-FU-10000366,Furniture,Furnishings,1,8,328.0
FUR-FU-10000368,Furniture,Furnishings,7,34,3575.0
FUR-FU-10000388,Furniture,Furnishings,4,9,356.0
FUR-FU-10000394,Furniture,Furnishings,9,36,1602.0
FUR-FU-10000397,Furniture,Furnishings,5,17,340.0
FUR-FU-10000409,Furniture,Furnishings,3,7,99.0
FUR-FU-10000422,Furniture,Furnishings,5,18,880.0
FUR-FU-10000432,Furniture,Furnishings,4,13,701.0
FUR-FU-10000444,Furniture,Furnishings,2,4,80.0
FUR-FU-10000448,Furniture,Furnishings,4,11,176.0
FUR-FU-10000468,Furniture,Furnishings,7,26,2682.0
FUR-FU-10000481,Furniture,Furnishings,3,7,158.0
FUR-FU-10000482,Furniture,Furnishings,5,14,701.0
FUR-FU-10000483,Furniture,Furnishings,1,8,101.0
FUR-FU-10000488,Furniture,Furnishings,7,32,318.0
FUR-FU-10000490,Furniture,Furnishings,3,12,159.0
FUR-FU-10000496,Furniture,Furnishings,7,26,1288.0
FUR-FU-10000499,Furniture,Furnishings,4,13,139.0
FUR-FU-10000502,Furniture,Furnishings,4,20,452.0
FUR-FU-10000507,Furniture,Furnishings,1,1,31.0
FUR-FU-10000514,Furniture,Furnishings,3,6,237.0
FUR-FU-10000516,Furniture,Furnishings,3,15,344.0
FUR-FU-10000521,Furniture,Furnishings,4,13,358.0
FUR-FU-10000526,Furniture,Furnishings,4,14,1424.0
FUR-FU-10000541,Furniture,Furnishings,4,17,1518.0
FUR-FU-10000546,Furniture,Furnishings,1,2,26.0
FUR-FU-10000548,Furniture,Furnishings,3,6,143.0
FUR-FU-10000550,Furniture,Furnishings,6,19,73.0
FUR-FU-10000556,Furniture,Furnishings,6,26,358.0
FUR-FU-10000567,Furniture,Furnishings,5,22,368.0
FUR-FU-10000576,Furniture,Furnishings,5,23,759.105
FUR-FU-10000585,Furniture,Furnishings,6,16,151.0
FUR-FU-10000605,Furniture,Furnishings,4,10,185.0
FUR-FU-10000606,Furniture,Furnishings,3,13,575.0
FUR-FU-10000612,Furniture,Furnishings,2,5,484.0
FUR-FU-10000620,Furniture,Furnishings,7,18,926.0
FUR-FU-10000628,Furniture,Furnishings,7,23,374.0
FUR-FU-10000629,Furniture,Furnishings,8,34,455.0
FUR-FU-10000640,Furniture,Furnishings,1,3,15.0
FUR-FU-10000641,Furniture,Furnishings,4,17,465.0
FUR-FU-10000647,Furniture,Furnishings,4,9,302.0
FUR-FU-10000657,Furniture,Furnishings,1,2,100.0
FUR-FU-10000666,Furniture,Furnishings,8,21,1947.0
FUR-FU-10000668,Furniture,Furnishings,2,12,1284.0
FUR-FU-10000669,Furniture,Furnishings,2,3,70.0
FUR-FU-10000672,Furniture,Furnishings,5,22,259.0
FUR-FU-10000674,Furniture,Furnishings,1,9,302.0
FUR-FU-10000686,Furniture,Furnishings,5,22,564.0
FUR-FU-10000702,Furniture,Furnishings,1,2,220.0
FUR-FU-10000705,Furniture,Furnishings,7,37,2148.0
FUR-FU-10000714,Furniture,Furnishings,7,28,464.0
FUR-FU-10000718,Furniture,Furnishings,5,20,412.0
FUR-FU-10000719,Furniture,Furnishings,4,17,146.0
FUR-FU-10000723,Furniture,Furnishings,9,33,1115.0
FUR-FU-10000729,Furniture,Furnishings,1,7,375.0
FUR-FU-10000732,Furniture,Furnishings,7,22,134.0
FUR-FU-10000735,Furniture,Furnishings,7,18,1831.0
FUR-FU-10000743,Furniture,Furnishings,5,32,1662.0
FUR-FU-10000747,Furniture,Furnishings,7,23,1003.0
FUR-FU-10000755,Furniture,Furnishings,2,15,94.0
FUR-FU-10000758,Furniture,Furnishings,5,23,513.0
FUR-FU-10000762,Furniture,Furnishings,4,14,253.0
FUR-FU-10000771,Furniture,Furnishings,4,22,138.0
FUR-FU-10000776,Furniture,Furnishings,5,22,556.0
FUR-FU-10000783,Furniture,Furnishings,6,25,348.0
FUR-FU-10000790,Furniture,Furnishings,6,16,124.0
FUR-FU-10000794,Furniture,Furnishings,5,17,154.0
FUR-FU-10000813,Furniture,Furnishings,2,4,65.0
FUR-FU-10000815,Furniture,Furnishings,7,29,1259.0
FUR-FU-10000816,Furniture,Furnishings,2,3,137.0
FUR-FU-10000820,Furniture,Furnishings,4,10,147.0
FUR-FU-10000850,Furniture,Furnishings,9,28,735.0
FUR-FU-10000885,Furniture,Furnishings,4,10,148.0
FUR-FU-10000889,Furniture,Furnishings,4,10,488.0
FUR-FU-10000905,Furniture,Furnishings,3,12,585.0
FUR-FU-10000907,Furniture,Furnishings,5,13,685.0
FUR-FU-10000913,Furniture,Furnishings,3,18,543.0
FUR-FU-10000918,Furniture,Furnishings,4,16,741.0
FUR-FU-10000921,Furniture,Furnishings,9,28,1170.0
FUR-FU-10000936,Furniture,Furnishings,4,7,214.0
FUR-FU-10000944,Furniture,Furnishings,6,28,945.0
FUR-FU-10000946,Furniture,Furnishings,5,40,944.0
FUR-FU-10000950,Furniture,Furnishings,4,15,615.0
FUR-FU-10000955,Furniture,Furnishings,2,7,121.0
FUR-FU-10000965,Furniture,Furnishings,6,24,1185.0
FUR-FU-10000972,Furniture,Furnishings,4,21,1025.0
FUR-FU-10000975,Furniture,Furnishings,5,10,285.0
FUR-FU-10000980,Furniture,Furnishings,1,4,127.0
FUR-FU-10001008,Furniture,Furnishings,6,23,177.0
FUR-FU-10001015,Furniture,Furnishings,1,4,76.0
FUR-FU-10001025,Furniture,Furnishings,3,17,53.0
FUR-FU-10001037,Furniture,Furnishings,7,23,169.0
FUR-FU-10001045,Furniture,Furnishings,4,8,370.0
FUR-FU-10001057,Furniture,Furnishings,4,17,300.0
FUR-FU-10001063,Furniture,Furnishings,4,13,206.0
FUR-FU-10001078,Furniture,Furnishings,3,10,450.0
FUR-FU-10001085,Furniture,Furnishings,4,14,216.0
FUR-FU-10001086,Furniture,Furnishings,8,26,2455.0
FUR-FU-10001090,Furniture,Furnishings,4,12,245.0
FUR-FU-10001091,Furniture,Furnishings,1,6,204.0
FUR-FU-10001095,Furniture,Furnishings,8,24,455.0
FUR-FU-10001096,Furniture,Furnishings,5,20,903.0
FUR-FU-10001098,Furniture,Furnishings,1,2,88.0
FUR-FU-10001126,Furniture,Furnishings,5,15,320.0
FUR-FU-10001129,Furniture,Furnishings,8,37,799.0
FUR-FU-10001130,Furniture,Furnishings,5,22,377.0
FUR-FU-10001132,Furniture,Furnishings,2,8,869.0
FUR-FU-10001135,Furniture,Furnishings,5,17,408.0
FUR-FU-10001142,Furniture,Furnishings,8,31,838.0
FUR-FU-10001144,Furniture,Furnishings,1,8,403.0
FUR-FU-10001161,Furniture,Furnishings,7,21,604.0
FUR-FU-10001169,Furniture,Furnishings,4,13,622.0
FUR-FU-10001175,Furniture,Furnishings,8,29,622.0
FUR-FU-10001185,Furniture,Furnishings,5,28,823.0
FUR-FU-10001194,Furniture,Furnishings,2,4,76.0
FUR-FU-10001196,Furniture,Furnishings,5,26,125.0
FUR-FU-10001200,Furniture,Furnishings,6,33,1604.0
FUR-FU-10001215,Furniture,Furnishings,4,17,681.0
FUR-FU-10001246,Furniture,Furnishings,5,21,2016.0
FUR-FU-10001252,Furniture,Furnishings,6,16,1350.0
FUR-FU-10001254,Furniture,Furnishings,1,4,46.0
FUR-FU-10001255,Furniture,Furnishings,5,20,196.0
FUR-FU-10001260,Furniture,Furnishings,2,12,210.0
FUR-FU-10001290,Furniture,Furnishings,4,21,866.0
FUR-FU-10001317,Furniture,Furnishings,5,11,325.0
FUR-FU-10001322,Furniture,Furnishings,1,6,170.0
FUR-FU-10001324,Furniture,Furnishings,2,4,64.0
FUR-FU-10001343,Furniture,Furnishings,4,20,477.0
FUR-FU-10001351,Furniture,Furnishings,6,28,1418.0
FUR-FU-10001366,Furniture,Furnishings,7,20,901.0
FUR-FU-10001371,Furniture,Furnishings,7,29,341.0
FUR-FU-10001379,Furniture,Furnishings,2,4,59.0
FUR-FU-10001393,Furniture,Furnishings,1,1,24.0
FUR-FU-10001410,Furniture,Furnishings,11,52,2657.0
FUR-FU-10001424,Furniture,Furnishings,9,27,679.0
FUR-FU-10001436,Furniture,Furnishings,6,21,1018.0
FUR-FU-10001438,Furniture,Furnishings,9,49,4939.0
FUR-FU-10001447,Furniture,Furnishings,5,31,847.0
FUR-FU-10001452,Furniture,Furnishings,5,16,625.0
FUR-FU-10001468,Furniture,Furnishings,6,25,2121.197
FUR-FU-10001471,Furniture,Furnishings,8,33,1431.0
FUR-FU-10001473,Furniture,Furnishings,14,57,837.0
FUR-FU-10001475,Furniture,Furnishings,5,21,335.0
FUR-FU-10001477,Furniture,Furnishings,15,71,4636.0
FUR-FU-10001480,Furniture,Furnishings,5,21,576.0
FUR-FU-10001487,Furniture,Furnishings,5,23,161.0
FUR-FU-10001488,Furniture,Furnishings,7,25,2268.0
FUR-FU-10001495,Furniture,Furnishings,4,11,519.0
FUR-FU-10001507,Furniture,Furnishings,6,20,321.0
FUR-FU-10001541,Furniture,Furnishings,1,4,124.0
FUR-FU-10001546,Furniture,Furnishings,7,15,110.0
FUR-FU-10001557,Furniture,Furnishings,6,27,1171.0
FUR-FU-10001583,Furniture,Furnishings,6,37,301.0
FUR-FU-10001588,Furniture,Furnishings,4,18,438.0
FUR-FU-10001591,Furniture,Furnishings,6,23,272.0
FUR-FU-10001601,Furniture,Furnishings,2,4,260.0
FUR-FU-10001602,Furniture,Furnishings,6,17,546.0
FUR-FU-10001617,Furniture,Furnishings,4,10,269.0
FUR-FU-10001619,Furniture,Furnishings,3,10,440.0
FUR-FU-10001640,Furniture,Furnishings,5,17,764.0
FUR-FU-10001657,Furniture,Furnishings,3,21,847.0
FUR-FU-10001667,Furniture,Furnishings,1,3,20.0
FUR-FU-10001674,Furniture,Furnishings,5,31,1364.0
FUR-FU-10001691,Furniture,Furnishings,4,17,883.0
FUR-FU-10001692,Furniture,Furnishings,8,30,1084.0
FUR-FU-10001706,Furniture,Furnishings,10,44,114.0
FUR-FU-10001711,Furniture,Furnishings,7,23,1209.0
FUR-FU-10001717,Furniture,Furnishings,4,19,349.0
FUR-FU-10001718,Furniture,Furnishings,5,20,864.0
FUR-FU-10001731,Furniture,Furnishings,8,37,94.0
FUR-FU-10001746,Furniture,Furnishings,3,20,488.0
FUR-FU-10001756,Furniture,Furnishings,6,20,263.0
FUR-FU-10001760,Furniture,Furnishings,4,7,125.0
FUR-FU-10001764,Furniture,Furnishings,1,9,121.0
FUR-FU-10001765,Furniture,Furnishings,7,26,653.0
FUR-FU-10001770,Furniture,Furnishings,9,29,1203.0
FUR-FU-10001774,Furniture,Furnishings,1,6,283.0
FUR-FU-10001775,Furniture,Furnishings,3,13,305.0
FUR-FU-10001791,Furniture,Furnishings,3,16,284.0
FUR-FU-10001843,Furniture,Furnishings,1,2,84.0
FUR-FU-10001847,Furniture,Furnishings,5,12,47.0
FUR-FU-10001852,Furniture,Furnishings,5,21,33.0
FUR-FU-10001861,Furniture,Furnishings,6,24,436.0
FUR-FU-10001867,Furniture,Furnishings,3,13,121.0
FUR-FU-10001876,Furniture,Furnishings,7,22,636.0
FUR-FU-10001889,Furniture,Furnishings,6,27,266.0
FUR-FU-10001890,Furniture,Furnishings,3,9,375.0
FUR-FU-10001893,Furniture,Furnishings,1,2,98.0
FUR-FU-10001902,Furniture,Furnishings,1,4,61.0
FUR-FU-10001915,Furniture,Furnishings,2,13,305.0
FUR-FU-10001918,Furniture,Furnishings,8,31,136.0
FUR-FU-10001933,Furniture,Furnishings,9,27,583.0
FUR-FU-10001934,Furniture,Furnishings,5,12,252.0
FUR-FU-10001935,Furniture,Furnishings,9,35,158.0
FUR-FU-10001940,Furniture,Furnishings,10,38,220.0
FUR-FU-10001942,Furniture,Furnishings,5,22,2403.0
FUR-FU-10001950,Furniture,Furnishings,5,27,1280.0
FUR-FU-10001967,Furniture,Furnishings,6,10,144.0
FUR-FU-10001977,Furniture,Furnishings,1,2,217.0
FUR-FU-10001979,Furniture,Furnishings,6,28,1115.0
FUR-FU-10001986,Furniture,Furnishings,4,14,581.0
FUR-FU-10002004,Furniture,Furnishings,4,15,245.0
FUR-FU-10002007,Furniture,Furnishings,6,15,252.0
FUR-FU-10002017,Furniture,Furnishings,6,24,1053.0
FUR-FU-10002019,Furniture,Furnishings,5,12,538.0
FUR-FU-10002030,Furniture,Furnishings,2,8,97.0
FUR-FU-10002045,Furniture,Furnishings,4,17,377.0
FUR-FU-10002055,Furniture,Furnishings,1,5,95.0
FUR-FU-10002069,Furniture,Furnishings,2,5,190.0
FUR-FU-10002088,Furniture,Furnishings,7,22,170.0
FUR-FU-10002094,Furniture,Furnishings,4,10,444.0
FUR-FU-10002104,Furniture,Furnishings,4,15,402.0
FUR-FU-10002107,Furniture,Furnishings,4,19,37.0
FUR-FU-10002111,Furniture,Furnishings,3,10,60.0
FUR-FU-10002116,Furniture,Furnishings,5,15,764.0
FUR-FU-10002122,Furniture,Furnishings,2,5,279.0
FUR-FU-10002157,Furniture,Furnishings,3,10,157.0
FUR-FU-10002168,Furniture,Furnishings,4,8,278.0
FUR-FU-10002170,Furniture,Furnishings,2,10,292.0
FUR-FU-10002185,Furniture,Furnishings,1,2,110.0
FUR-FU-10002191,Furniture,Furnishings,5,11,63.0
FUR-FU-10002210,Furniture,Furnishings,6,24,1132.0
FUR-FU-10002223,Furniture,Furnishings,4,19,464.0
FUR-FU-10002240,Furniture,Furnishings,2,8,20.0
FUR-FU-10002246,Furniture,Furnishings,1,8,643.0
FUR-FU-10002250,Furniture,Furnishings,3,12,543.0
FUR-FU-10002253,Furniture,Furnishings,7,27,1049.0
FUR-FU-10002268,Furniture,Furnishings,7,34,150.0
FUR-FU-10002292,Furniture,Furnishings,5,20,751.0
FUR-FU-10002298,Furniture,Furnishings,5,24,2064.0
FUR-FU-10002304,Furniture,Furnishings,1,6,249.0
FUR-FU-10002305,Furniture,Furnishings,4,13,432.0
FUR-FU-10002335,Furniture,Furnishings,7,26,358.0
FUR-FU-10002362,Furniture,Furnishings,6,23,772.0
FUR-FU-10002364,Furniture,Furnishings,12,33,184.0
FUR-FU-10002379,Furniture,Furnishings,2,8,331.0
FUR-FU-10002387,Furniture,Furnishings,8,32,790.0
FUR-FU-10002396,Furniture,Furnishings,5,18,170.0
FUR-FU-10002407,Furniture,Furnishings,1,4,46.0
FUR-FU-10002412,Furniture,Furnishings,3,14,308.0
FUR-FU-10002422,Furniture,Furnishings,8,34,1129.0
FUR-FU-10002445,Furniture,Furnishings,8,25,214.0
FUR-FU-10002456,Furniture,Furnishings,7,27,155.0
FUR-FU-10002459,Furniture,Furnishings,7,21,839.0
FUR-FU-10002485,Furniture,Furnishings,4,10,332.0
FUR-FU-10002486,Furniture,Furnishings,3,13,355.0
FUR-FU-10002501,Furniture,Furnishings,6,39,409.0
FUR-FU-10002502,Furniture,Furnishings,4,16,240.0
FUR-FU-10002505,Furniture,Furnishings,4,18,36.0
FUR-FU-10002506,Furniture,Furnishings,3,8,94.0
FUR-FU-10002508,Furniture,Furnishings,2,6,45.0
FUR-FU-10002521,Furniture,Furnishings,5,16,328.0
FUR-FU-10002525,Furniture,Furnishings,7,38,1419.0
FUR-FU-10002539,Furniture,Furnishings,6,31,1515.0
FUR-FU-10002546,Furniture,Furnishings,1,2,32.0
FUR-FU-10002549,Furniture,Furnishings,3,10,473.0
FUR-FU-10002553,Furniture,Furnishings,2,5,117.0
FUR-FU-10002554,Furniture,Furnishings,4,7,168.0
FUR-FU-10002557,Furniture,Furnishings,5,22,425.0
FUR-FU-10002597,Furniture,Furnishings,7,28,138.0
FUR-FU-10002598,Furniture,Furnishings,4,15,587.0
FUR-FU-10002614,Furniture,Furnishings,1,3,132.0
FUR-FU-10002630,Furniture,Furnishings,3,9,241.0
FUR-FU-10002637,Furniture,Furnishings,4,11,119.0
FUR-FU-10002648,Furniture,Furnishings,6,18,416.0
FUR-FU-10002655,Furniture,Furnishings,5,22,774.0
FUR-FU-10002659,Furniture,Furnishings,11,42,1947.0
FUR-FU-10002665,Furniture,Furnishings,7,27,450.0
FUR-FU-10002671,Furniture,Furnishings,5,13,168.0
FUR-FU-10002685,Furniture,Furnishings,2,3,56.0
FUR-FU-10002696,Furniture,Furnishings,9,39,2705.0
FUR-FU-10002698,Furniture,Furnishings,4,16,280.0
FUR-FU-10002699,Furniture,Furnishings,7,20,842.0
FUR-FU-10002703,Furniture,Furnishings,2,4,181.0
FUR-FU-10002709,Furniture,Furnishings,2,6,240.0
FUR-FU-10002722,Furniture,Furnishings,2,6,283.0
FUR-FU-10002751,Furniture,Furnishings,5,15,434.0
FUR-FU-10002759,Furniture,Furnishings,8,36,552.0
FUR-FU-10002784,Furniture,Furnishings,1,3,42.0
FUR-FU-10002800,Furniture,Furnishings,5,12,303.0
FUR-FU-10002803,Furniture,Furnishings,6,25,520.0
FUR-FU-10002804,Furniture,Furnishings,1,4,123.0
FUR-FU-10002813,Furniture,Furnishings,5,15,291.0
FUR-FU-10002818,Furniture,Furnishings,8,30,460.0
FUR-FU-10002829,Furniture,Furnishings,11,49,1937.0
FUR-FU-10002834,Furniture,Furnishings,1,5,23.0
FUR-FU-10002837,Furniture,Furnishings,5,21,1111.0
FUR-FU-10002838,Furniture,Furnishings,1,1,100.0
FUR-FU-10002848,Furniture,Furnishings,5,20,446.0
FUR-FU-10002874,Furniture,Furnishings,1,2,64.0
FUR-FU-10002878,Furniture,Furnishings,6,17,467.0
FUR-FU-10002885,Furniture,Furnishings,6,19,86.0
FUR-FU-10002890,Furniture,Furnishings,6,23,1938.0
FUR-FU-10002918,Furniture,Furnishings,5,18,1201.0
FUR-FU-10002919,Furniture,Furnishings,4,15,1628.0
FUR-FU-10002928,Furniture,Furnishings,6,12,379.0
FUR-FU-10002930,Furniture,Furnishings,1,6,181.0
FUR-FU-10002933,Furniture,Furnishings,6,43,816.0
FUR-FU-10002937,Furniture,Furnishings,14,55,3078.0
FUR-FU-10002957,Furniture,Furnishings,2,8,154.0
FUR-FU-10002960,Furniture,Furnishings,5,25,135.0
FUR-FU-10002963,Furniture,Furnishings,4,10,47.0
FUR-FU-10002972,Furniture,Furnishings,5,15,287.0
FUR-FU-10002979,Furniture,Furnishings,1,4,465.0
FUR-FU-10003012,Furniture,Furnishings,4,21,430.0
FUR-FU-10003026,Furniture,Furnishings,3,9,40.0
FUR-FU-10003036,Furniture,Furnishings,2,10,189.0
FUR-FU-10003039,Furniture,Furnishings,6,14,501.0
FUR-FU-10003046,Furniture,Furnishings,5,19,665.0
FUR-FU-10003052,Furniture,Furnishings,7,25,1161.0
FUR-FU-10003066,Furniture,Furnishings,3,14,763.0
FUR-FU-10003069,Furniture,Furnishings,5,17,690.0
FUR-FU-10003094,Furniture,Furnishings,2,7,386.0
FUR-FU-10003095,Furniture,Furnishings,1,3,102.0
FUR-FU-10003096,Furniture,Furnishings,3,12,83.0
FUR-FU-10003112,Furniture,Furnishings,3,15,957.0
FUR-FU-10003142,Furniture,Furnishings,6,30,152.0
FUR-FU-10003150,Furniture,Furnishings,5,15,372.0
FUR-FU-10003192,Furniture,Furnishings,4,18,1546.0
FUR-FU-10003194,Furniture,Furnishings,4,15,108.0
FUR-FU-10003198,Furniture,Furnishings,5,15,631.0
FUR-FU-10003214,Furniture,Furnishings,10,37,892.0
FUR-FU-10003217,Furniture,Furnishings,3,13,1229.0
FUR-FU-10003219,Furniture,Furnishings,2,7,804.0
FUR-FU-10003235,Furniture,Furnishings,3,6,627.0
FUR-FU-10003237,Furniture,Furnishings,5,15,234.0
FUR-FU-10003247,Furniture,Furnishings,6,21,370.0
FUR-FU-10003264,Furniture,Furnishings,2,8,402.0
FUR-FU-10003268,Furniture,Furnishings,6,20,776.0
FUR-FU-10003273,Furniture,Furnishings,6,29,1482.0
FUR-FU-10003274,Furniture,Furnishings,5,21,36.0
FUR-FU-10003276,Furniture,Furnishings,1,2,32.0
FUR-FU-10003283,Furniture,Furnishings,5,17,191.0
FUR-FU-10003297,Furniture,Furnishings,8,33,2039.0
FUR-FU-10003325,Furniture,Furnishings,4,16,686.0
FUR-FU-10003326,Furniture,Furnishings,1,1,58.0
FUR-FU-10003336,Furniture,Furnishings,1,2,59.0
FUR-FU-10003339,Furniture,Furnishings,1,4,121.0
FUR-FU-10003347,Furniture,Furnishings,6,21,299.0
FUR-FU-10003362,Furniture,Furnishings,5,28,419.0
FUR-FU-10003370,Furniture,Furnishings,6,30,223.0
FUR-FU-10003374,Furniture,Furnishings,2,11,464.0
FUR-FU-10003384,Furniture,Furnishings,6,21,614.0
FUR-FU-10003394,Furniture,Furnishings,7,26,1470.0
FUR-FU-10003408,Furniture,Furnishings,5,15,169.0
FUR-FU-10003414,Furniture,Furnishings,13,50,1339.0
FUR-FU-10003419,Furniture,Furnishings,5,18,604.0
FUR-FU-10003420,Furniture,Furnishings,4,10,363.0
FUR-FU-10003424,Furniture,Furnishings,3,16,152.0
FUR-FU-10003427,Furniture,Furnishings,2,7,610.0
FUR-FU-10003447,Furniture,Furnishings,6,24,546.0
FUR-FU-10003451,Furniture,Furnishings,4,10,1069.0
FUR-FU-10003462,Furniture,Furnishings,2,4,166.0
FUR-FU-10003464,Furniture,Furnishings,4,11,212.0
FUR-FU-10003489,Furniture,Furnishings,2,6,36.0
FUR-FU-10003500,Furniture,Furnishings,6,21,1088.0
FUR-FU-10003507,Furniture,Furnishings,6,27,280.0
FUR-FU-10003512,Furniture,Furnishings,1,7,190.0
FUR-FU-10003535,Furniture,Furnishings,6,21,531.0
FUR-FU-10003540,Furniture,Furnishings,9,34,582.0
FUR-FU-10003546,Furniture,Furnishings,1,2,97.0
FUR-FU-10003552,Furniture,Furnishings,1,2,53.0
FUR-FU-10003553,Furniture,Furnishings,5,17,950.0
FUR-FU-10003577,Furniture,Furnishings,3,18,247.0
FUR-FU-10003601,Furniture,Furnishings,6,26,1624.0
FUR-FU-10003605,Furniture,Furnishings,8,26,517.0
FUR-FU-10003608,Furniture,Furnishings,15,65,825.0
FUR-FU-10003609,Furniture,Furnishings,2,4,352.0
FUR-FU-10003619,Furniture,Furnishings,4,15,634.0
FUR-FU-10003622,Furniture,Furnishings,7,27,245.0
FUR-FU-10003623,Furniture,Furnishings,5,21,508.0
FUR-FU-10003651,Furniture,Furnishings,4,14,261.0
FUR-FU-10003658,Furniture,Furnishings,7,24,427.0
FUR-FU-10003662,Furniture,Furnishings,4,14,544.0
FUR-FU-10003664,Furniture,Furnishings,10,48,3157.3360000000002
FUR-FU-10003691,Furniture,Furnishings,5,18,180.0
FUR-FU-10003694,Furniture,Furnishings,5,17,393.0
FUR-FU-10003708,Furniture,Furnishings,6,24,1322.0
FUR-FU-10003717,Furniture,Furnishings,1,6,30.0
FUR-FU-10003724,Furniture,Furnishings,9,38,280.0
FUR-FU-10003725,Furniture,Furnishings,1,3,15.0
FUR-FU-10003731,Furniture,Furnishings,5,15,150.0
FUR-FU-10003736,Furniture,Furnishings,3,14,1496.0
FUR-FU-10003773,Furniture,Furnishings,5,20,1305.0
FUR-FU-10003798,Furniture,Furnishings,2,10,158.0
FUR-FU-10003799,Furniture,Furnishings,5,20,316.0
FUR-FU-10003804,Furniture,Furnishings,3,9,931.0
FUR-FU-10003806,Furniture,Furnishings,4,19,2059.0
FUR-FU-10003826,Furniture,Furnishings,1,3,151.0
FUR-FU-10003829,Furniture,Furnishings,7,23,65.0
FUR-FU-10003832,Furniture,Furnishings,5,20,156.0
FUR-FU-10003849,Furniture,Furnishings,5,11,161.0
FUR-FU-10003855,Furniture,Furnishings,3,19,732.0
FUR-FU-10003862,Furniture,Furnishings,4,26,1325.0
FUR-FU-10003874,Furniture,Furnishings,8,34,595.0
FUR-FU-10003878,Furniture,Furnishings,6,21,255.0
FUR-FU-10003879,Furniture,Furnishings,3,8,878.0
FUR-FU-10003886,Furniture,Furnishings,3,6,208.0
FUR-FU-10003901,Furniture,Furnishings,3,9,90.0
FUR-FU-10003910,Furniture,Furnishings,2,10,171.0
FUR-FU-10003918,Furniture,Furnishings,5,24,1152.0
FUR-FU-10003919,Furniture,Furnishings,2,6,98.0
FUR-FU-10003930,Furniture,Furnishings,2,14,786.0
FUR-FU-10003939,Furniture,Furnishings,7,33,1499.0
FUR-FU-10003960,Furniture,Furnishings,3,14,264.0
FUR-FU-10003970,Furniture,Furnishings,3,7,287.0
FUR-FU-10003975,Furniture,Furnishings,5,13,563.0
FUR-FU-10003976,Furniture,Furnishings,5,17,196.0
FUR-FU-10003981,Furniture,Furnishings,5,16,29.0
FUR-FU-10003986,Furniture,Furnishings,3,6,237.0
FUR-FU-10004006,Furniture,Furnishings,6,17,673.0
FUR-FU-10004013,Furniture,Furnishings,12,43,722.0
FUR-FU-10004015,Furniture,Furnishings,9,31,864.0
FUR-FU-10004017,Furniture,Furnishings,7,21,1266.0
FUR-FU-10004018,Furniture,Furnishings,8,36,536.0
FUR-FU-10004019,Furniture,Furnishings,2,12,340.0
FUR-FU-10004020,Furniture,Furnishings,5,20,87.0
FUR-FU-10004031,Furniture,Furnishings,1,2,216.0
FUR-FU-10004049,Furniture,Furnishings,3,14,219.0
FUR-FU-10004053,Furniture,Furnishings,6,13,234.0
FUR-FU-10004064,Furniture,Furnishings,6,18,688.0
FUR-FU-10004071,Furniture,Furnishings,4,13,1269.0
FUR-FU-10004074,Furniture,Furnishings,7,38,768.0
FUR-FU-10004090,Furniture,Furnishings,7,17,346.0
FUR-FU-10004091,Furniture,Furnishings,8,39,1118.0
FUR-FU-10004093,Furniture,Furnishings,3,8,260.0
FUR-FU-10004095,Furniture,Furnishings,6,29,2097.02
FUR-FU-10004096,Furniture,Furnishings,2,5,88.0
FUR-FU-10004097,Furniture,Furnishings,4,17,590.0
FUR-FU-10004117,Furniture,Furnishings,4,10,321.0
FUR-FU-10004137,Furniture,Furnishings,4,24,400.0
FUR-FU-10004139,Furniture,Furnishings,6,17,437.0
FUR-FU-10004152,Furniture,Furnishings,4,13,510.0
FUR-FU-10004158,Furniture,Furnishings,5,20,1646.0
FUR-FU-10004164,Furniture,Furnishings,2,6,30.0
FUR-FU-10004181,Furniture,Furnishings,3,12,346.0
FUR-FU-10004182,Furniture,Furnishings,5,23,621.0
FUR-FU-10004188,Furniture,Furnishings,5,13,1331.0
FUR-FU-10004224,Furniture,Furnishings,5,15,411.0
FUR-FU-10004236,Furniture,Furnishings,3,11,198.0
FUR-FU-10004241,Furniture,Furnishings,2,11,188.0
FUR-FU-10004245,Furniture,Furnishings,3,10,194.0
FUR-FU-10004270,Furniture,Furnishings,16,51,428.0
FUR-FU-10004281,Furniture,Furnishings,1,4,95.0
FUR-FU-10004283,Furniture,Furnishings,5,25,985.0
FUR-FU-10004288,Furniture,Furnishings,7,27,1326.0
FUR-FU-10004289,Furniture,Furnishings,5,14,345.0
FUR-FU-10004306,Furniture,Furnishings,6,17,2760.0
FUR-FU-10004313,Furniture,Furnishings,7,17,405.0
FUR-FU-10004338,Furniture,Furnishings,8,34,264.0
FUR-FU-10004339,Furniture,Furnishings,9,35,1892.0
FUR-FU-10004351,Furniture,Furnishings,6,24,202.0
FUR-FU-10004415,Furniture,Furnishings,4,16,47.0
FUR-FU-10004421,Furniture,Furnishings,2,5,90.0
FUR-FU-10004422,Furniture,Furnishings,5,15,773.0
FUR-FU-10004427,Furniture,Furnishings,4,10,97.0
FUR-FU-10004450,Furniture,Furnishings,5,25,314.0
FUR-FU-10004458,Furniture,Furnishings,4,11,251.0
FUR-FU-10004459,Furniture,Furnishings,4,13,485.0
FUR-FU-10004460,Furniture,Furnishings,7,35,1009.0
FUR-FU-10004462,Furniture,Furnishings,3,15,349.0
FUR-FU-10004464,Furniture,Furnishings,8,21,986.0
FUR-FU-10004474,Furniture,Furnishings,6,19,509.0
FUR-FU-10004483,Furniture,Furnishings,4,11,142.0
FUR-FU-10004497,Furniture,Furnishings,1,4,102.0
FUR-FU-10004503,Furniture,Furnishings,3,9,425.0
FUR-FU-10004509,Furniture,Furnishings,7,22,821.0
FUR-FU-10004516,Furniture,Furnishings,5,28,2981.0
FUR-FU-10004527,Furniture,Furnishings,5,15,1602.0
FUR-FU-10004549,Furniture,Furnishings,2,9,734.0
FUR-FU-10004579,Furniture,Furnishings,6,19,676.0
FUR-FU-10004586,Furniture,Furnishings,6,16,80.0
FUR-FU-10004587,Furniture,Furnishings,3,15,163.0
FUR-FU-10004596,Furniture,Furnishings,6,24,476.0
FUR-FU-10004597,Furniture,Furnishings,4,8,344.0
FUR-FU-10004598,Furniture,Furnishings,7,22,289.0
FUR-FU-10004604,Furniture,Furnishings,7,18,867.0
FUR-FU-10004608,Furniture,Furnishings,10,33,1236.0
FUR-FU-10004614,Furniture,Furnishings,1,3,330.0
FUR-FU-10004617,Furniture,Furnishings,5,26,454.0
FUR-FU-10004619,Furniture,Furnishings,4,19,383.0
FUR-FU-10004622,Furniture,Furnishings,3,10,379.0
FUR-FU-10004640,Furniture,Furnishings,5,17,259.0
FUR-FU-10004665,Furniture,Furnishings,4,16,2192.0
FUR-FU-10004666,Furniture,Furnishings,3,10,119.0
FUR-FU-10004671,Furniture,Furnishings,6,14,175.0
FUR-FU-10004689,Furniture,Furnishings,4,14,281.0
FUR-FU-10004704,Furniture,Furnishings,6,19,643.0
FUR-FU-10004712,Furniture,Furnishings,2,6,85.0
FUR-FU-10004730,Furniture,Furnishings,6,18,275.0
FUR-FU-10004748,Furniture,Furnishings,4,12,576.0
FUR-FU-10004778,Furniture,Furnishings,5,18,290.0
FUR-FU-10004780,Furniture,Furnishings,8,24,2446.0
FUR-FU-10004787,Furniture,Furnishings,6,23,1225.0
FUR-FU-10004790,Furniture,Furnishings,7,36,992.0
FUR-FU-10004797,Furniture,Furnishings,6,20,368.0
FUR-FU-10004800,Furniture,Furnishings,3,7,78.0
FUR-FU-10004811,Furniture,Furnishings,4,17,820.0
FUR-FU-10004816,Furniture,Furnishings,3,10,300.0
FUR-FU-10004820,Furniture,Furnishings,5,18,928.0
FUR-FU-10004823,Furniture,Furnishings,1,3,60.0
FUR-FU-10004842,Furniture,Furnishings,7,26,235.0
FUR-FU-10004845,Furniture,Furnishings,3,14,703.0
FUR-FU-10004848,Furniture,Furnishings,12,44,1440.0
FUR-FU-10004864,Furniture,Furnishings,13,46,1835.0
FUR-FU-10004876,Furniture,Furnishings,2,9,965.0
FUR-FU-10004888,Furniture,Furnishings,7,19,236.0
FUR-FU-10004903,Furniture,Furnishings,9,30,442.0
FUR-FU-10004904,Furniture,Furnishings,4,19,1003.0
FUR-FU-10004907,Furniture,Furnishings,1,4,41.0
FUR-FU-10004909,Furniture,Furnishings,4,18,194.0
FUR-FU-10004915,Furniture,Furnishings,8,23,1383.0
FUR-FU-10004923,Furniture,Furnishings,2,3,30.0
FUR-FU-10004952,Furniture,Furnishings,4,13,513.0
FUR-FU-10004954,Furniture,Furnishings,7,20,996.0
FUR-FU-10004955,Furniture,Furnishings,3,16,459.0
FUR-FU-10004960,Furniture,Furnishings,10,40,1160.0
FUR-FU-10004963,Furniture,Furnishings,6,22,159.0
FUR-FU-10004973,Furniture,Furnishings,12,51,680.0
FUR-FU-10004995,Furniture,Furnishings,2,5,66.0
FUR-FU-10004998,Furniture,Furnishings,3,14,257.0
FUR-HAR-10000100,Furniture,Chairs,7,22,2594.0
FUR-HAR-10000334,Furniture,Chairs,6,9,1080.0
FUR-HAR-10000441,Furniture,Chairs,7,12,1601.0
FUR-HAR-10000870,Furniture,Chairs,4,4,195.0
FUR-HAR-10001089,Furniture,Chairs,4,7,839.0
FUR-HAR-10001144,Furniture,Chairs,2,4,166.0
FUR-HAR-10001374,Furniture,Chairs,4,5,2094.0
FUR-HAR-10001792,Furniture,Chairs,4,13,801.0
FUR-HAR-10002178,Furniture,Chairs,3,17,971.0
FUR-HAR-10002223,Furniture,Chairs,2,4,208.0
FUR-HAR-10002288,Furniture,Chairs,2,5,735.0
FUR-HAR-10002328,Furniture,Chairs,6,17,1156.422
FUR-HAR-10002546,Furniture,Chairs,4,10,599.0
FUR-HAR-10002632,Furniture,Chairs,5,8,594.0
FUR-HAR-10002697,Furniture,Chairs,3,3,800.0
FUR-HAR-10002873,Furniture,Chairs,5,24,1529.856
FUR-HAR-10003124,Furniture,Chairs,3,6,382.0
FUR-HAR-10003548,Furniture,Chairs,2,7,447.0
FUR-HAR-10003770,Furniture,Chairs,1,1,100.0
FUR-HAR-10004086,Furniture,Chairs,4,20,1795.0
FUR-HAR-10004129,Furniture,Chairs,5,15,421.188
FUR-HAR-10004593,Furniture,Chairs,3,9,759.137
FUR-HAR-10004726,Furniture,Chairs,3,8,682.0
FUR-HON-10000029,Furniture,Chairs,2,6,256.0
FUR-HON-10000103,Furniture,Chairs,5,16,1735.0
FUR-HON-10000191,Furniture,Chairs,5,14,277.0
FUR-HON-10000224,Furniture,Tables,2,6,990.978
FUR-HON-10000339,Furniture,Chairs,7,12,483.0
FUR-HON-10000344,Furniture,Chairs,2,2,262.0
FUR-HON-10000722,Furniture,Chairs,5,10,1331.0
FUR-HON-10001015,Furniture,Tables,1,1,330.0
FUR-HON-10001343,Furniture,Tables,2,3,952.0
FUR-HON-10001504,Furniture,Chairs,4,19,873.0260000000001
FUR-HON-10001558,Furniture,Chairs,11,22,3237.0
FUR-HON-10001622,Furniture,Chairs,2,3,167.0
FUR-HON-10001627,Furniture,Chairs,4,6,880.0
FUR-HON-10001689,Furniture,Chairs,5,6,2480.0
FUR-HON-10001776,Furniture,Chairs,5,10,393.0
FUR-HON-10001847,Furniture,Chairs,3,3,819.0
FUR-HON-10001851,Furniture,Chairs,3,3,1371.0
FUR-HON-10001960,Furniture,Tables,2,3,530.058
FUR-HON-10002424,Furniture,Chairs,4,7,456.0
FUR-HON-10002570,Furniture,Chairs,5,19,947.0
FUR-HON-10002599,Furniture,Chairs,6,12,615.0
FUR-HON-10002837,Furniture,Tables,1,2,1.032
FUR-HON-10002941,Furniture,Chairs,1,2,332.0
FUR-HON-10003080,Furniture,Tables,1,1,490.0
FUR-HON-10003137,Furniture,Chairs,1,2,167.0
FUR-HON-10003412,Furniture,Tables,1,1,533.0
FUR-HON-10003533,Furniture,Chairs,3,11,464.597
FUR-HON-10003593,Furniture,Chairs,4,6,344.0
FUR-HON-10003653,Furniture,Chairs,3,3,237.0
FUR-HON-10003871,Furniture,Tables,2,3,1661.0
FUR-HON-10003950,Furniture,Tables,3,3,954.0
FUR-HON-10004137,Furniture,Chairs,7,10,1051.0
FUR-HON-10004632,Furniture,Chairs,1,2,106.0
FUR-HON-10004932,Furniture,Tables,1,1,276.0
FUR-HON-10004987,Furniture,Tables,2,10,270.679
FUR-IKE-10000521,Furniture,Bookcases,1,1,414.0
FUR-IKE-10000619,Furniture,Bookcases,4,8,921.0
FUR-IKE-10000649,Furniture,Bookcases,6,18,2773.0
FUR-IKE-10001301,Furniture,Bookcases,6,22,1167.487
FUR-IKE-10001312,Furniture,Bookcases,6,15,2064.118
FUR-IKE-10001539,Furniture,Bookcases,10,20,3390.131
FUR-IKE-10002147,Furniture,Bookcases,4,9,1811.0
FUR-IKE-10002268,Furniture,Bookcases,2,3,510.0
FUR-IKE-10002509,Furniture,Bookcases,5,11,823.0
FUR-IKE-10002719,Furniture,Bookcases,2,2,726.0
FUR-IKE-10002894,Furniture,Bookcases,6,13,1600.1799999999998
FUR-IKE-10003015,Furniture,Bookcases,4,10,514.928
FUR-IKE-10003053,Furniture,Bookcases,1,2,290.0
FUR-IKE-10003251,Furniture,Bookcases,1,1,69.0
FUR-IKE-10003262,Furniture,Bookcases,4,5,732.0
FUR-IKE-10003576,Furniture,Bookcases,1,1,172.0
FUR-IKE-10003642,Furniture,Bookcases,7,10,1181.0
FUR-IKE-10003682,Furniture,Bookcases,6,19,1667.0
FUR-IKE-10003771,Furniture,Bookcases,2,3,295.0
FUR-IKE-10003796,Furniture,Bookcases,3,5,439.0
FUR-IKE-10004160,Furniture,Bookcases,3,11,1348.0
FUR-IKE-10004815,Furniture,Bookcases,3,3,300.0
FUR-IKE-10004853,Furniture,Bookcases,2,16,252.758
FUR-LES-10000488,Furniture,Tables,1,2,508.0
FUR-LES-10000874,Furniture,Tables,1,1,428.0
FUR-LES-10000904,Furniture,Tables,1,2,538.0
FUR-LES-10002026,Furniture,Tables,1,1,855.0
FUR-LES-10002613,Furniture,Tables,2,2,930.0
FUR-LES-10002616,Furniture,Tables,1,2,1.715
FUR-LES-10002852,Furniture,Tables,2,2,852.0
FUR-LES-10003082,Furniture,Tables,2,2,325.0
FUR-LES-10003538,Furniture,Tables,1,1,101.0
FUR-LES-10004098,Furniture,Tables,1,2,899.0
FUR-LES-10004420,Furniture,Tables,1,2,504.0
FUR-LES-10004886,Furniture,Tables,1,2,1.718
FUR-NOV-10000123,Furniture,Chairs,2,6,789.0
FUR-NOV-10000222,Furniture,Chairs,5,11,679.0
FUR-NOV-10000283,Furniture,Chairs,2,3,162.0
FUR-NOV-10000323,Furniture,Chairs,2,2,598.0
FUR-NOV-10000669,Furniture,Chairs,2,3,176.0
FUR-NOV-10000847,Furniture,Chairs,5,6,2735.0
FUR-NOV-10001972,Furniture,Chairs,2,5,822.0
FUR-NOV-10002107,Furniture,Chairs,1,6,804.0
FUR-NOV-10002333,Furniture,Chairs,4,9,511.0
FUR-NOV-10002453,Furniture,Chairs,4,12,852.0
FUR-NOV-10002655,Furniture,Chairs,4,12,769.002
FUR-NOV-10002791,Furniture,Chairs,6,9,1302.0
FUR-NOV-10002911,Furniture,Chairs,7,12,894.0
FUR-NOV-10002939,Furniture,Chairs,1,1,49.0
FUR-NOV-10003053,Furniture,Chairs,4,8,385.0
FUR-NOV-10003195,Furniture,Chairs,5,11,551.0
FUR-NOV-10003257,Furniture,Chairs,5,11,577.0
FUR-NOV-10003754,Furniture,Chairs,2,10,776.0
FUR-NOV-10004003,Furniture,Chairs,1,4,132.0
FUR-NOV-10004563,Furniture,Chairs,3,9,270.0
FUR-NOV-10004602,Furniture,Chairs,3,9,1381.104
FUR-NOV-10004925,Furniture,Chairs,2,2,916.0
FUR-NOV-10004962,Furniture,Chairs,5,8,386.0
FUR-OFF-10000303,Furniture,Chairs,3,8,1059.0
FUR-OFF-10000344,Furniture,Chairs,1,2,116.0
FUR-OFF-10001125,Furniture,Chairs,3,4,372.0
FUR-OFF-10001132,Furniture,Chairs,7,31,3494.0
FUR-OFF-10001187,Furniture,Chairs,2,2,126.0
FUR-OFF-10001224,Furniture,Chairs,6,18,1741.392
FUR-OFF-10001552,Furniture,Chairs,3,9,519.0
FUR-OFF-10001661,Furniture,Chairs,4,6,303.0
FUR-OFF-10001798,Furniture,Chairs,4,4,313.0
FUR-OFF-10002330,Furniture,Chairs,2,3,1402.0
FUR-OFF-10002395,Furniture,Chairs,2,3,423.0
FUR-OFF-10002486,Furniture,Chairs,4,7,371.0
FUR-OFF-10002511,Furniture,Chairs,4,17,1456.0
FUR-OFF-10002542,Furniture,Chairs,3,11,753.504
FUR-OFF-10002740,Furniture,Chairs,4,7,479.0
FUR-OFF-10003019,Furniture,Chairs,1,1,94.0
FUR-OFF-10003104,Furniture,Chairs,3,9,461.0
FUR-OFF-10003688,Furniture,Chairs,6,14,1344.0
FUR-OFF-10003703,Furniture,Chairs,2,8,544.0
FUR-OFF-10003713,Furniture,Chairs,2,9,614.0
FUR-OFF-10004214,Furniture,Chairs,4,9,1786.879
FUR-OFF-10004495,Furniture,Chairs,6,13,1305.0
FUR-OFF-10004824,Furniture,Chairs,4,9,1040.0
FUR-RUB-10000501,Furniture,Furnishings,2,4,200.0
FUR-RUB-10000958,Furniture,Furnishings,4,14,196.0
FUR-RUB-10001094,Furniture,Furnishings,6,10,408.0
FUR-RUB-10001190,Furniture,Furnishings,5,15,733.0
FUR-RUB-10001310,Furniture,Furnishings,4,4,177.0
FUR-RUB-10001380,Furniture,Furnishings,6,11,462.0
FUR-RUB-10001484,Furniture,Furnishings,2,4,188.0
FUR-RUB-10001704,Furniture,Furnishings,2,3,330.0
FUR-RUB-10001717,Furniture,Furnishings,3,5,245.0
FUR-RUB-10001796,Furniture,Furnishings,5,14,224.0
FUR-RUB-10002021,Furniture,Furnishings,7,14,212.0
FUR-RUB-10002067,Furniture,Furnishings,5,20,587.519
FUR-RUB-10002507,Furniture,Furnishings,7,23,518.0
FUR-RUB-10002817,Furniture,Furnishings,8,21,857.0
FUR-RUB-10002945,Furniture,Furnishings,5,11,534.0
FUR-RUB-10003004,Furniture,Furnishings,5,13,1390.0
FUR-RUB-10003411,Furniture,Furnishings,3,3,51.0
FUR-RUB-10003518,Furniture,Furnishings,2,4,170.0
FUR-RUB-10003699,Furniture,Furnishings,6,13,247.0
FUR-RUB-10003724,Furniture,Furnishings,9,30,2772.0
FUR-RUB-10004036,Furniture,Furnishings,2,12,285.0
FUR-RUB-10004285,Furniture,Furnishings,3,6,271.0
FUR-RUB-10004420,Furniture,Furnishings,3,3,132.0
FUR-RUB-10004633,Furniture,Furnishings,3,10,251.0
FUR-SAF-10000085,Furniture,Bookcases,8,13,2816.565
FUR-SAF-10000204,Furniture,Bookcases,1,3,311.0
FUR-SAF-10000213,Furniture,Bookcases,4,9,1676.763
FUR-SAF-10000265,Furniture,Bookcases,6,13,2142.557
FUR-SAF-10000351,Furniture,Chairs,2,6,345.0
FUR-SAF-10000508,Furniture,Bookcases,5,6,1560.0
FUR-SAF-10000545,Furniture,Bookcases,3,4,680.0
FUR-SAF-10000565,Furniture,Chairs,3,3,156.0
FUR-SAF-10000593,Furniture,Chairs,9,17,642.0
FUR-SAF-10000607,Furniture,Bookcases,2,5,328.0
FUR-SAF-10000678,Furniture,Bookcases,2,8,400.196
FUR-SAF-10000881,Furniture,Bookcases,3,6,908.0
FUR-SAF-10000949,Furniture,Bookcases,4,7,1386.0
FUR-SAF-10001136,Furniture,Chairs,4,8,1261.0
FUR-SAF-10001322,Furniture,Bookcases,4,8,534.0
FUR-SAF-10001428,Furniture,Bookcases,1,4,603.0
FUR-SAF-10001793,Furniture,Chairs,5,11,2478.0
FUR-SAF-10001870,Furniture,Chairs,4,4,174.0
FUR-SAF-10001873,Furniture,Chairs,5,13,606.0
FUR-SAF-10001949,Furniture,Chairs,7,17,574.0
FUR-SAF-10001956,Furniture,Bookcases,3,3,1007.0
FUR-SAF-10002112,Furniture,Chairs,5,19,1116.524
FUR-SAF-10002121,Furniture,Chairs,3,4,529.0
FUR-SAF-10002180,Furniture,Chairs,5,10,1800.846
FUR-SAF-10002253,Furniture,Bookcases,2,8,572.0
FUR-SAF-10002314,Furniture,Chairs,6,19,2103.0
FUR-SAF-10002360,Furniture,Bookcases,3,8,1106.0
FUR-SAF-10002400,Furniture,Bookcases,3,3,447.0
FUR-SAF-10002495,Furniture,Bookcases,3,6,1255.0
FUR-SAF-10002529,Furniture,Chairs,5,5,300.0
FUR-SAF-10002557,Furniture,Chairs,2,3,257.0
FUR-SAF-10002616,Furniture,Chairs,4,9,731.0
FUR-SAF-10002757,Furniture,Chairs,2,2,270.0
FUR-SAF-10002846,Furniture,Bookcases,6,14,2641.516
FUR-SAF-10002940,Furniture,Bookcases,5,12,1824.0
FUR-SAF-10003160,Furniture,Chairs,5,10,962.0
FUR-SAF-10003402,Furniture,Chairs,3,4,160.0
FUR-SAF-10003469,Furniture,Bookcases,7,14,2016.753
FUR-SAF-10003540,Furniture,Bookcases,4,6,667.0
FUR-SAF-10003745,Furniture,Chairs,9,12,1563.0
FUR-SAF-10003819,Furniture,Chairs,5,18,1023.0419999999999
FUR-SAF-10004173,Furniture,Bookcases,3,11,1225.0
FUR-SAF-10004252,Furniture,Chairs,2,10,2.9690000000000003
FUR-SAF-10004426,Furniture,Bookcases,3,7,659.0
FUR-SAF-10004525,Furniture,Chairs,3,10,772.0
FUR-SAF-10004530,Furniture,Bookcases,6,17,632.36
FUR-SAF-10004664,Furniture,Chairs,3,6,317.0
FUR-SAU-10000209,Furniture,Bookcases,4,4,485.0
FUR-SAU-10000637,Furniture,Bookcases,4,4,1548.0
FUR-SAU-10000745,Furniture,Bookcases,2,3,504.0
FUR-SAU-10000893,Furniture,Bookcases,7,18,1367.175
FUR-SAU-10001776,Furniture,Bookcases,8,17,2058.0
FUR-SAU-10002043,Furniture,Bookcases,1,2,388.0
FUR-SAU-10002167,Furniture,Bookcases,1,2,133.0
FUR-SAU-10002255,Furniture,Bookcases,4,13,2190.499
FUR-SAU-10002331,Furniture,Bookcases,5,6,1822.0
FUR-SAU-10002540,Furniture,Bookcases,5,7,541.0
FUR-SAU-10002642,Furniture,Bookcases,4,5,601.0
FUR-SAU-10002714,Furniture,Bookcases,4,5,536.0
FUR-SAU-10003188,Furniture,Bookcases,3,5,658.0
FUR-SAU-10003203,Furniture,Bookcases,2,3,271.0
FUR-SAU-10003694,Furniture,Bookcases,4,7,1287.0
FUR-SAU-10003795,Furniture,Bookcases,2,3,442.0
FUR-SAU-10003872,Furniture,Bookcases,6,9,1764.0
FUR-SAU-10003928,Furniture,Bookcases,2,2,870.0
FUR-SAU-10003933,Furniture,Bookcases,2,3,1316.0
FUR-SAU-10004053,Furniture,Bookcases,6,18,3546.0
FUR-SAU-10004137,Furniture,Bookcases,6,12,779.167
FUR-SAU-10004221,Furniture,Bookcases,5,16,1200.199
FUR-SAU-10004653,Furniture,Bookcases,9,21,2796.1040000000003
FUR-TA-10000022,Furniture,Tables,1,4,3.695
FUR-TA-10000038,Furniture,Tables,1,3,1.837
FUR-TA-10000052,Furniture,Tables,2,7,436.674
FUR-TA-10000073,Furniture,Tables,1,3,534.0
FUR-TA-10000075,Furniture,Tables,1,4,511.0
FUR-TA-10000115,Furniture,Tables,1,3,273.0
FUR-TA-10000136,Furniture,Tables,2,7,352.333
FUR-TA-10000147,Furniture,Tables,2,8,101.048
FUR-TA-10000164,Furniture,Tables,1,4,1.081
FUR-TA-10000184,Furniture,Tables,3,11,733.8140000000001
FUR-TA-10000198,Furniture,Tables,5,27,340.587
FUR-TA-10000207,Furniture,Tables,2,13,377.952
FUR-TA-10000222,Furniture,Tables,2,9,716.18
FUR-TA-10000226,Furniture,Tables,2,5,3.5780000000000003
FUR-TA-10000245,Furniture,Tables,3,7,1366.0
FUR-TA-10000283,Furniture,Tables,1,4,1.488
FUR-TA-10000299,Furniture,Tables,2,7,1735.0
FUR-TA-10000304,Furniture,Tables,1,3,382.0
FUR-TA-10000310,Furniture,Tables,3,9,1200.0
FUR-TA-10000317,Furniture,Tables,1,4,1.023
FUR-TA-10000323,Furniture,Tables,3,12,1270.451
FUR-TA-10000347,Furniture,Tables,1,7,2.229
FUR-TA-10000355,Furniture,Tables,1,1,320.0
FUR-TA-10000360,Furniture,Tables,1,4,871.0
FUR-TA-10000403,Furniture,Tables,2,3,789.0
FUR-TA-10000434,Furniture,Tables,2,5,833.0
FUR-TA-10000478,Furniture,Tables,2,10,832.94
FUR-TA-10000486,Furniture,Tables,4,15,1110.076
FUR-TA-10000490,Furniture,Tables,1,6,855.0
FUR-TA-10000518,Furniture,Tables,1,1,250.0
FUR-TA-10000519,Furniture,Tables,1,7,692.0
FUR-TA-10000558,Furniture,Tables,2,4,741.058
FUR-TA-10000577,Furniture,Tables,8,29,2825.423
FUR-TA-10000591,Furniture,Tables,1,7,994.0
FUR-TA-10000593,Furniture,Tables,1,2,304.0
FUR-TA-10000617,Furniture,Tables,6,22,1606.731
FUR-TA-10000637,Furniture,Tables,2,5,370.474
FUR-TA-10000649,Furniture,Tables,3,16,5.213
FUR-TA-10000665,Furniture,Tables,4,10,2468.038
FUR-TA-10000670,Furniture,Tables,1,2,539.0
FUR-TA-10000671,Furniture,Tables,3,8,1937.935
FUR-TA-10000687,Furniture,Tables,1,7,3.427
FUR-TA-10000688,Furniture,Tables,6,18,3355.0
FUR-TA-10000695,Furniture,Tables,2,5,1240.0
FUR-TA-10000750,Furniture,Tables,3,8,1518.0
FUR-TA-10000789,Furniture,Tables,2,4,681.0
FUR-TA-10000805,Furniture,Tables,1,4,1.429
FUR-TA-10000849,Furniture,Tables,4,13,1007.0
FUR-TA-10000855,Furniture,Tables,1,2,113.0
FUR-TA-10000861,Furniture,Tables,1,3,1.361
FUR-TA-10000927,Furniture,Tables,1,3,740.0
FUR-TA-10000945,Furniture,Tables,1,3,641.0
FUR-TA-10000962,Furniture,Tables,3,8,1444.233
FUR-TA-10000963,Furniture,Tables,1,3,747.0
FUR-TA-10000971,Furniture,Tables,1,6,1.995
FUR-TA-10000989,Furniture,Tables,3,15,7.525
FUR-TA-10000991,Furniture,Tables,1,4,909.0
FUR-TA-10001039,Furniture,Tables,11,47,2765.0
FUR-TA-10001056,Furniture,Tables,1,1,636.0
FUR-TA-10001086,Furniture,Tables,5,26,1764.216
FUR-TA-10001089,Furniture,Tables,1,6,2.077
FUR-TA-10001090,Furniture,Tables,1,5,465.0
FUR-TA-10001095,Furniture,Tables,13,61,4970.242
FUR-TA-10001100,Furniture,Tables,3,12,657.012
FUR-TA-10001113,Furniture,Tables,3,17,1168.1190000000001
FUR-TA-10001116,Furniture,Tables,1,6,5.451
FUR-TA-10001192,Furniture,Tables,1,5,891.0
FUR-TA-10001205,Furniture,Tables,2,12,3.956
FUR-TA-10001226,Furniture,Tables,1,2,1.103
FUR-TA-10001228,Furniture,Tables,1,5,915.0
FUR-TA-10001229,Furniture,Tables,1,6,1.411
FUR-TA-10001237,Furniture,Tables,3,10,587.121
FUR-TA-10001272,Furniture,Tables,1,2,341.0
FUR-TA-10001276,Furniture,Tables,2,10,217.512
FUR-TA-10001285,Furniture,Tables,1,6,2.797
FUR-TA-10001289,Furniture,Tables,1,1,458.0
FUR-TA-10001306,Furniture,Tables,2,11,3.13
FUR-TA-10001307,Furniture,Tables,5,14,946.795
FUR-TA-10001327,Furniture,Tables,1,2,335.0
FUR-TA-10001359,Furniture,Tables,2,5,1153.0
FUR-TA-10001360,Furniture,Tables,3,14,5.632
FUR-TA-10001371,Furniture,Tables,2,11,769.0
FUR-TA-10001386,Furniture,Tables,2,7,3.9939999999999998
FUR-TA-10001433,Furniture,Tables,4,6,1489.0
FUR-TA-10001494,Furniture,Tables,2,10,988.301
FUR-TA-10001496,Furniture,Tables,3,12,512.548
FUR-TA-10001520,Furniture,Tables,9,39,2298.0
FUR-TA-10001531,Furniture,Tables,4,18,489.404
FUR-TA-10001539,Furniture,Tables,9,30,3247.706
FUR-TA-10001549,Furniture,Tables,3,15,1466.495
FUR-TA-10001558,Furniture,Tables,1,2,379.0
FUR-TA-10001572,Furniture,Tables,1,5,1.41
FUR-TA-10001595,Furniture,Tables,2,4,575.0
FUR-TA-10001600,Furniture,Tables,1,6,811.0
FUR-TA-10001602,Furniture,Tables,2,6,940.0
FUR-TA-10001622,Furniture,Tables,2,10,404.176
FUR-TA-10001633,Furniture,Tables,4,18,1499.23
FUR-TA-10001642,Furniture,Tables,2,17,962.117
FUR-TA-10001664,Furniture,Tables,3,8,879.108
FUR-TA-10001676,Furniture,Tables,9,22,653.0
FUR-TA-10001691,Furniture,Tables,1,2,136.0
FUR-TA-10001693,Furniture,Tables,1,2,268.0
FUR-TA-10001705,Furniture,Tables,4,19,1489.913
FUR-TA-10001726,Furniture,Tables,2,6,683.201
FUR-TA-10001740,Furniture,Tables,2,4,607.455
FUR-TA-10001744,Furniture,Tables,1,2,508.0
FUR-TA-10001768,Furniture,Tables,6,22,3965.0
FUR-TA-10001771,Furniture,Tables,4,19,834.771
FUR-TA-10001786,Furniture,Tables,5,30,950.198
FUR-TA-10001833,Furniture,Tables,1,2,624.0
FUR-TA-10001857,Furniture,Tables,4,11,828.0
FUR-TA-10001866,Furniture,Tables,2,4,520.0
FUR-TA-10001889,Furniture,Tables,11,48,2097.652
FUR-TA-10001930,Furniture,Tables,1,3,795.0
FUR-TA-10001932,Furniture,Tables,6,22,2856.244
FUR-TA-10001935,Furniture,Tables,2,3,190.0
FUR-TA-10001950,Furniture,Tables,4,19,898.626
FUR-TA-10001968,Furniture,Tables,1,2,596.0
FUR-TA-10001980,Furniture,Tables,2,4,345.031
FUR-TA-10002041,Furniture,Tables,7,26,1670.68
FUR-TA-10002065,Furniture,Tables,4,9,2475.0
FUR-TA-10002088,Furniture,Tables,5,19,2774.0
FUR-TA-10002093,Furniture,Tables,2,6,1067.0
FUR-TA-10002095,Furniture,Tables,3,9,1646.0
FUR-TA-10002101,Furniture,Tables,1,3,1.48
FUR-TA-10002146,Furniture,Tables,3,5,631.0
FUR-TA-10002153,Furniture,Tables,2,10,3.5709999999999997
FUR-TA-10002172,Furniture,Tables,3,12,921.748
FUR-TA-10002228,Furniture,Tables,3,9,2033.0
FUR-TA-10002235,Furniture,Tables,3,7,1753.0
FUR-TA-10002256,Furniture,Tables,3,9,673.664
FUR-TA-10002341,Furniture,Tables,1,4,1.917
FUR-TA-10002351,Furniture,Tables,1,2,670.0
FUR-TA-10002356,Furniture,Tables,6,15,2542.0
FUR-TA-10002411,Furniture,Tables,2,9,776.012
FUR-TA-10002433,Furniture,Tables,3,13,917.774
FUR-TA-10002467,Furniture,Tables,4,12,521.5889999999999
FUR-TA-10002482,Furniture,Tables,2,2,392.0
FUR-TA-10002487,Furniture,Tables,1,3,402.0
FUR-TA-10002497,Furniture,Tables,2,10,872.119
FUR-TA-10002519,Furniture,Tables,3,10,518.43
FUR-TA-10002523,Furniture,Tables,1,9,2.843
FUR-TA-10002527,Furniture,Tables,3,9,1067.76
FUR-TA-10002530,Furniture,Tables,7,30,2401.057
FUR-TA-10002533,Furniture,Tables,5,26,2241.0
FUR-TA-10002544,Furniture,Tables,1,2,320.0
FUR-TA-10002557,Furniture,Tables,1,1,588.0
FUR-TA-10002568,Furniture,Tables,2,5,701.0
FUR-TA-10002571,Furniture,Tables,2,9,1535.0
FUR-TA-10002582,Furniture,Tables,1,3,179.0
FUR-TA-10002607,Furniture,Tables,8,44,2140.0
FUR-TA-10002611,Furniture,Tables,1,5,1.28
FUR-TA-10002622,Furniture,Tables,4,12,1436.0
FUR-TA-10002638,Furniture,Tables,1,2,545.0
FUR-TA-10002645,Furniture,Tables,4,20,1208.276
FUR-TA-10002650,Furniture,Tables,1,4,2.125
FUR-TA-10002699,Furniture,Tables,1,3,1.232
FUR-TA-10002774,Furniture,Tables,3,18,2096.0
FUR-TA-10002786,Furniture,Tables,2,13,860.063
FUR-TA-10002789,Furniture,Tables,1,3,616.0
FUR-TA-10002797,Furniture,Tables,3,4,1117.0
FUR-TA-10002827,Furniture,Tables,3,14,1088.106
FUR-TA-10002833,Furniture,Tables,3,16,2152.0
FUR-TA-10002855,Furniture,Tables,5,19,1273.024
FUR-TA-10002860,Furniture,Tables,2,4,1065.0
FUR-TA-10002868,Furniture,Tables,3,11,805.184
FUR-TA-10002885,Furniture,Tables,3,14,1200.0
FUR-TA-10002903,Furniture,Tables,5,24,1120.429
FUR-TA-10002912,Furniture,Tables,3,9,1203.28
FUR-TA-10002931,Furniture,Tables,1,4,1.445
FUR-TA-10002935,Furniture,Tables,1,1,320.0
FUR-TA-10002951,Furniture,Tables,1,7,2.292
FUR-TA-10002957,Furniture,Tables,2,4,771.0
FUR-TA-10002958,Furniture,Tables,9,42,3347.8469999999998
FUR-TA-10002966,Furniture,Tables,2,8,268.483
FUR-TA-10002972,Furniture,Tables,3,16,257.379
FUR-TA-10002979,Furniture,Tables,2,5,842.0
FUR-TA-10002982,Furniture,Tables,3,10,932.0
FUR-TA-10003003,Furniture,Tables,2,7,652.046
FUR-TA-10003006,Furniture,Tables,1,2,635.0
FUR-TA-10003008,Furniture,Tables,8,20,2849.0
FUR-TA-10003030,Furniture,Tables,1,1,176.0
FUR-TA-10003055,Furniture,Tables,2,5,1002.0
FUR-TA-10003078,Furniture,Tables,2,11,453.673
FUR-TA-10003079,Furniture,Tables,1,2,176.0
FUR-TA-10003152,Furniture,Tables,1,2,545.0
FUR-TA-10003157,Furniture,Tables,3,10,2496.0
FUR-TA-10003164,Furniture,Tables,1,5,1.859
FUR-TA-10003171,Furniture,Tables,2,7,1256.0
FUR-TA-10003179,Furniture,Tables,4,13,2441.243
FUR-TA-10003185,Furniture,Tables,1,2,623.0
FUR-TA-10003222,Furniture,Tables,3,9,276.895
FUR-TA-10003228,Furniture,Tables,1,2,689.0
FUR-TA-10003238,Furniture,Tables,6,11,2646.6530000000002
FUR-TA-10003254,Furniture,Tables,1,5,1.388
FUR-TA-10003268,Furniture,Tables,3,10,1777.461
FUR-TA-10003273,Furniture,Tables,1,3,240.0
FUR-TA-10003291,Furniture,Tables,1,2,427.0
FUR-TA-10003307,Furniture,Tables,1,4,1.938
FUR-TA-10003319,Furniture,Tables,1,7,1.126
FUR-TA-10003323,Furniture,Tables,2,8,2.706
FUR-TA-10003354,Furniture,Tables,2,9,3.7279999999999998
FUR-TA-10003358,Furniture,Tables,1,8,2.191
FUR-TA-10003371,Furniture,Tables,1,1,38.0
FUR-TA-10003386,Furniture,Tables,1,4,1.101
FUR-TA-10003392,Furniture,Tables,4,14,1855.686
FUR-TA-10003405,Furniture,Tables,1,6,1.661
FUR-TA-10003449,Furniture,Tables,1,3,212.0
FUR-TA-10003451,Furniture,Tables,2,6,1018.0
FUR-TA-10003469,Furniture,Tables,5,12,1041.0
FUR-TA-10003473,Furniture,Tables,12,46,4128.877
FUR-TA-10003485,Furniture,Tables,1,2,355.0
FUR-TA-10003497,Furniture,Tables,2,5,899.0
FUR-TA-10003510,Furniture,Tables,1,1,346.0
FUR-TA-10003518,Furniture,Tables,1,2,302.0
FUR-TA-10003522,Furniture,Tables,2,6,1048.0
FUR-TA-10003527,Furniture,Tables,3,8,2509.0
FUR-TA-10003539,Furniture,Tables,1,1,143.0
FUR-TA-10003568,Furniture,Tables,1,2,464.0
FUR-TA-10003569,Furniture,Tables,6,21,2690.09
FUR-TA-10003576,Furniture,Tables,1,2,445.0
FUR-TA-10003583,Furniture,Tables,2,8,519.583
FUR-TA-10003591,Furniture,Tables,2,7,2.7880000000000003
FUR-TA-10003594,Furniture,Tables,1,2,491.0
FUR-TA-10003596,Furniture,Tables,2,11,3.2800000000000002
FUR-TA-10003597,Furniture,Tables,3,10,1422.0
FUR-TA-10003627,Furniture,Tables,1,2,1.848
FUR-TA-10003637,Furniture,Tables,1,1,176.0
FUR-TA-10003641,Furniture,Tables,1,8,2.206
FUR-TA-10003663,Furniture,Tables,2,5,1509.0
FUR-TA-10003690,Furniture,Tables,1,3,963.0
FUR-TA-10003715,Furniture,Tables,4,18,881.261
FUR-TA-10003747,Furniture,Tables,2,9,608.888
FUR-TA-10003748,Furniture,Tables,9,43,3026.618
FUR-TA-10003771,Furniture,Tables,1,3,1.029
FUR-TA-10003782,Furniture,Tables,1,6,320.0
FUR-TA-10003785,Furniture,Tables,1,3,829.0
FUR-TA-10003786,Furniture,Tables,2,6,1537.0
FUR-TA-10003790,Furniture,Tables,3,14,1979.632
FUR-TA-10003837,Furniture,Tables,2,5,51.0
FUR-TA-10003855,Furniture,Tables,1,1,90.0
FUR-TA-10003887,Furniture,Tables,2,6,1478.0
FUR-TA-10003893,Furniture,Tables,2,7,992.402
FUR-TA-10003899,Furniture,Tables,2,9,2.633
FUR-TA-10003926,Furniture,Tables,2,13,518.834
FUR-TA-10003929,Furniture,Tables,1,5,1.313
FUR-TA-10003954,Furniture,Tables,6,32,718.9649999999999
FUR-TA-10003963,Furniture,Tables,1,4,555.0
FUR-TA-10004005,Furniture,Tables,1,4,632.0
FUR-TA-10004050,Furniture,Tables,1,4,203.0
FUR-TA-10004054,Furniture,Tables,2,7,2.83
FUR-TA-10004086,Furniture,Tables,7,27,1789.0
FUR-TA-10004132,Furniture,Tables,1,4,827.0
FUR-TA-10004134,Furniture,Tables,1,2,340.0
FUR-TA-10004147,Furniture,Tables,4,13,1232.0
FUR-TA-10004152,Furniture,Tables,5,16,1089.0
FUR-TA-10004154,Furniture,Tables,6,28,1562.614
FUR-TA-10004175,Furniture,Tables,3,6,1296.0
FUR-TA-10004219,Furniture,Tables,1,4,1.291
FUR-TA-10004249,Furniture,Tables,3,13,1219.0
FUR-TA-10004256,Furniture,Tables,4,17,631.01
FUR-TA-10004289,Furniture,Tables,3,15,1707.0
FUR-TA-10004306,Furniture,Tables,2,7,806.073
FUR-TA-10004308,Furniture,Tables,3,14,191.006
FUR-TA-10004336,Furniture,Tables,2,8,853.421
FUR-TA-10004342,Furniture,Tables,4,15,2174.962
FUR-TA-10004353,Furniture,Tables,1,2,193.0
FUR-TA-10004371,Furniture,Tables,1,7,954.0
FUR-TA-10004383,Furniture,Tables,3,11,396.01800000000003
FUR-TA-10004406,Furniture,Tables,2,8,662.587
FUR-TA-10004416,Furniture,Tables,1,2,536.0
FUR-TA-10004440,Furniture,Tables,1,3,968.0
FUR-TA-10004442,Furniture,Tables,3,5,918.0
FUR-TA-10004468,Furniture,Tables,1,2,541.0
FUR-TA-10004484,Furniture,Tables,1,1,363.0
FUR-TA-10004504,Furniture,Tables,1,2,172.0
FUR-TA-10004524,Furniture,Tables,2,5,675.399
FUR-TA-10004531,Furniture,Tables,1,3,529.0
FUR-TA-10004534,Furniture,Tables,5,20,1814.441
FUR-TA-10004544,Furniture,Tables,2,8,457.0
FUR-TA-10004575,Furniture,Tables,7,26,3930.037
FUR-TA-10004584,Furniture,Tables,1,2,132.0
FUR-TA-10004607,Furniture,Tables,7,18,2039.0
FUR-TA-10004619,Furniture,Tables,5,29,2662.115
FUR-TA-10004634,Furniture,Tables,2,8,658.096
FUR-TA-10004649,Furniture,Tables,1,5,1.622
FUR-TA-10004653,Furniture,Tables,2,12,986.044
FUR-TA-10004667,Furniture,Tables,1,2,643.0
FUR-TA-10004680,Furniture,Tables,2,9,3.0949999999999998
FUR-TA-10004711,Furniture,Tables,1,5,4.299
FUR-TA-10004722,Furniture,Tables,1,5,1.545
FUR-TA-10004730,Furniture,Tables,2,7,1330.0
FUR-TA-10004744,Furniture,Tables,2,5,4.288
FUR-TA-10004745,Furniture,Tables,1,4,2.437
FUR-TA-10004748,Furniture,Tables,1,3,623.0
FUR-TA-10004757,Furniture,Tables,2,7,958.0
FUR-TA-10004767,Furniture,Tables,4,12,638.0
FUR-TA-10004801,Furniture,Tables,2,5,981.838
FUR-TA-10004810,Furniture,Tables,1,5,1.268
FUR-TA-10004817,Furniture,Tables,1,4,504.0
FUR-TA-10004820,Furniture,Tables,2,11,3.5250000000000004
FUR-TA-10004826,Furniture,Tables,1,2,665.0
FUR-TA-10004832,Furniture,Tables,1,2,983.0
FUR-TA-10004840,Furniture,Tables,4,11,1357.817
FUR-TA-10004892,Furniture,Tables,1,3,1.448
FUR-TA-10004915,Furniture,Tables,5,23,1887.9180000000001
FUR-TA-10004937,Furniture,Tables,4,12,1859.713
FUR-TA-10004957,Furniture,Tables,1,2,460.0
FUR-TA-10004972,Furniture,Tables,1,8,768.0
FUR-TEN-10000002,Furniture,Furnishings,2,3,61.0
FUR-TEN-10000296,Furniture,Furnishings,5,19,327.0
FUR-TEN-10000325,Furniture,Furnishings,3,3,41.0
FUR-TEN-10000377,Furniture,Furnishings,1,1,19.0
FUR-TEN-10000407,Furniture,Furnishings,5,12,511.0
FUR-TEN-10000525,Furniture,Furnishings,8,17,725.0
FUR-TEN-10000558,Furniture,Furnishings,3,6,392.0
FUR-TEN-10000986,Furniture,Furnishings,8,20,2123.0
FUR-TEN-10001349,Furniture,Furnishings,4,4,440.0
FUR-TEN-10001809,Furniture,Furnishings,5,6,236.0
FUR-TEN-10002418,Furniture,Furnishings,1,4,80.0
FUR-TEN-10002448,Furniture,Furnishings,3,9,200.0
FUR-TEN-10003050,Furniture,Furnishings,3,6,311.0
FUR-TEN-10003349,Furniture,Furnishings,5,16,543.0
FUR-TEN-10003552,Furniture,Furnishings,3,11,321.0
FUR-TEN-10003648,Furniture,Furnishings,5,18,416.0
FUR-TEN-10003871,Furniture,Furnishings,2,12,835.0
FUR-TEN-10003879,Furniture,Furnishings,3,9,102.0
FUR-TEN-10003900,Furniture,Furnishings,4,7,88.0
FUR-TEN-10003923,Furniture,Furnishings,5,11,427.0
FUR-TEN-10004147,Furniture,Furnishings,2,2,69.0
FUR-TEN-10004388,Furniture,Furnishings,2,3,132.0
FUR-TEN-10004549,Furniture,Furnishings,4,7,101.0
OFF-ACC-10000102,Office Supplies,Binders,9,25,1092.0
OFF-ACC-10000218,Office Supplies,Binders,9,21,104.0
OFF-ACC-10000233,Office Supplies,Binders,12,22,313.0
OFF-ACC-10000307,Office Supplies,Binders,13,30,170.0
OFF-ACC-10000375,Office Supplies,Fasteners,2,2,20.0
OFF-ACC-10000497,Office Supplies,Fasteners,3,5,50.0
OFF-ACC-10000687,Office Supplies,Fasteners,3,12,226.0
OFF-ACC-10000798,Office Supplies,Binders,10,18,114.0
OFF-ACC-10000808,Office Supplies,Binders,9,12,342.0
OFF-ACC-10001028,Office Supplies,Fasteners,5,7,86.0
OFF-ACC-10001281,Office Supplies,Fasteners,6,19,342.0
OFF-ACC-10001285,Office Supplies,Binders,12,23,174.0
OFF-ACC-10001703,Office Supplies,Binders,10,18,212.0
OFF-ACC-10001993,Office Supplies,Binders,7,11,101.0
OFF-ACC-10002167,Office Supplies,Fasteners,4,5,66.0
OFF-ACC-10002220,Office Supplies,Binders,8,18,689.0
OFF-ACC-10002327,Office Supplies,Fasteners,2,5,59.0
OFF-ACC-10002343,Office Supplies,Binders,12,26,520.0
OFF-ACC-10002425,Office Supplies,Fasteners,5,15,133.0
OFF-ACC-10002680,Office Supplies,Binders,9,27,1266.0
OFF-ACC-10002772,Office Supplies,Binders,13,24,226.0
OFF-ACC-10002834,Office Supplies,Fasteners,5,10,130.0
OFF-ACC-10002849,Office Supplies,Binders,11,23,624.0
OFF-ACC-10002853,Office Supplies,Fasteners,2,2,28.0
OFF-ACC-10003265,Office Supplies,Fasteners,3,11,160.0
OFF-ACC-10003422,Office Supplies,Binders,11,23,376.0
OFF-ACC-10003636,Office Supplies,Binders,10,12,597.0
OFF-ACC-10003713,Office Supplies,Fasteners,3,16,270.0
OFF-ACC-10003745,Office Supplies,Fasteners,4,8,56.0
OFF-ACC-10003788,Office Supplies,Binders,16,40,180.0
OFF-ACC-10003806,Office Supplies,Fasteners,3,3,48.0
OFF-ACC-10003909,Office Supplies,Fasteners,2,3,36.0
OFF-ACC-10003925,Office Supplies,Fasteners,3,8,35.0
OFF-ACC-10003984,Office Supplies,Fasteners,2,3,34.0
OFF-ACC-10004008,Office Supplies,Binders,9,24,313.0
OFF-ACC-10004182,Office Supplies,Binders,9,30,252.0
OFF-ACC-10004278,Office Supplies,Fasteners,3,3,12.0
OFF-ACC-10004281,Office Supplies,Binders,11,23,149.0
OFF-ACC-10004322,Office Supplies,Binders,10,28,380.0
OFF-ACC-10004364,Office Supplies,Fasteners,5,8,65.0
OFF-ACC-10004430,Office Supplies,Fasteners,2,2,22.0
OFF-ACC-10004538,Office Supplies,Binders,16,48,608.0
OFF-ACC-10004692,Office Supplies,Binders,8,19,559.0
OFF-ACC-10004713,Office Supplies,Fasteners,5,9,46.0
OFF-ACC-10004748,Office Supplies,Fasteners,5,14,99.0
OFF-ACC-10004782,Office Supplies,Fasteners,1,1,11.0
OFF-ACC-10004871,Office Supplies,Binders,7,19,228.0
OFF-ACC-10004910,Office Supplies,Fasteners,3,7,118.0
OFF-ACM-10000277,Office Supplies,Supplies,1,4,67.0
OFF-ACM-10000476,Office Supplies,Supplies,9,21,612.0
OFF-ACM-10000570,Office Supplies,Supplies,5,6,159.0
OFF-ACM-10000671,Office Supplies,Supplies,4,7,112.0
OFF-ACM-10000777,Office Supplies,Supplies,5,13,287.0
OFF-ACM-10001029,Office Supplies,Supplies,2,3,104.0
OFF-ACM-10001112,Office Supplies,Supplies,2,3,148.0
OFF-ACM-10001587,Office Supplies,Supplies,2,8,316.0
OFF-ACM-10001704,Office Supplies,Supplies,1,4,108.0
OFF-ACM-10002045,Office Supplies,Supplies,4,8,295.0
OFF-ACM-10002131,Office Supplies,Supplies,3,6,109.0
OFF-ACM-10002301,Office Supplies,Supplies,7,17,700.0
OFF-ACM-10002713,Office Supplies,Supplies,2,2,52.0
OFF-ACM-10002816,Office Supplies,Supplies,8,29,589.0
OFF-ACM-10003278,Office Supplies,Supplies,2,6,102.0
OFF-ACM-10003510,Office Supplies,Supplies,7,24,550.0
OFF-ACM-10003591,Office Supplies,Supplies,5,6,149.0
OFF-ACM-10003715,Office Supplies,Supplies,4,12,430.0
OFF-ACM-10003978,Office Supplies,Supplies,5,9,402.0
OFF-ACM-10004150,Office Supplies,Supplies,1,8,43.0
OFF-ACM-10004587,Office Supplies,Supplies,4,19,334.0
OFF-ACM-10004669,Office Supplies,Supplies,5,12,434.0
OFF-ACM-10004895,Office Supplies,Supplies,4,12,195.0
OFF-ADV-10000177,Office Supplies,Fasteners,8,23,245.0
OFF-ADV-10000213,Office Supplies,Fasteners,4,4,58.0
OFF-ADV-10000308,Office Supplies,Fasteners,5,11,152.0
OFF-ADV-10000331,Office Supplies,Fasteners,7,8,76.0
OFF-ADV-10000425,Office Supplies,Fasteners,2,3,18.0
OFF-ADV-10000551,Office Supplies,Fasteners,4,11,140.0
OFF-ADV-10001124,Office Supplies,Fasteners,6,9,170.0
OFF-ADV-10001437,Office Supplies,Fasteners,4,9,106.0
OFF-ADV-10001451,Office Supplies,Fasteners,3,8,64.0
OFF-ADV-10002299,Office Supplies,Fasteners,5,15,229.0
OFF-ADV-10002549,Office Supplies,Fasteners,4,13,123.0
OFF-ADV-10002593,Office Supplies,Fasteners,1,1,19.0
OFF-ADV-10003030,Office Supplies,Fasteners,6,20,143.0
OFF-ADV-10003050,Office Supplies,Fasteners,4,17,282.0
OFF-ADV-10003125,Office Supplies,Fasteners,5,7,67.0
OFF-ADV-10003196,Office Supplies,Fasteners,1,1,3.0
OFF-ADV-10003369,Office Supplies,Fasteners,5,11,114.0
OFF-ADV-10004030,Office Supplies,Fasteners,3,6,88.0
OFF-ADV-10004228,Office Supplies,Fasteners,1,4,48.0
OFF-ADV-10004241,Office Supplies,Fasteners,6,16,161.0
OFF-ADV-10004274,Office Supplies,Fasteners,3,5,52.0
OFF-ADV-10004598,Office Supplies,Fasteners,6,16,205.0
OFF-ADV-10004875,Office Supplies,Fasteners,5,22,181.0
OFF-AME-10000244,Office Supplies,Envelopes,9,23,606.0
OFF-AME-10000360,Office Supplies,Envelopes,2,3,109.0
OFF-AME-10000440,Office Supplies,Envelopes,3,4,127.0
OFF-AME-10000851,Office Supplies,Envelopes,6,12,444.0
OFF-AME-10000870,Office Supplies,Envelopes,8,15,235.0
OFF-AME-10001009,Office Supplies,Envelopes,2,9,406.0
OFF-AME-10001179,Office Supplies,Envelopes,3,9,323.0
OFF-AME-10001489,Office Supplies,Envelopes,4,4,70.0
OFF-AME-10001587,Office Supplies,Envelopes,4,13,235.0
OFF-AME-10001641,Office Supplies,Envelopes,4,9,250.0
OFF-AME-10002081,Office Supplies,Envelopes,6,14,193.0
OFF-AME-10002376,Office Supplies,Envelopes,2,9,197.0
OFF-AME-10002557,Office Supplies,Envelopes,7,11,163.0
OFF-AME-10002652,Office Supplies,Envelopes,5,12,172.0
OFF-AME-10002697,Office Supplies,Envelopes,1,1,5.0
OFF-AME-10002923,Office Supplies,Envelopes,3,4,18.0
OFF-AME-10002949,Office Supplies,Envelopes,7,14,122.0
OFF-AME-10002956,Office Supplies,Envelopes,5,13,192.0
OFF-AME-10003089,Office Supplies,Envelopes,2,4,38.0
OFF-AME-10003167,Office Supplies,Envelopes,5,6,29.0
OFF-AME-10003180,Office Supplies,Envelopes,3,3,54.0
OFF-AME-10004651,Office Supplies,Envelopes,4,9,312.0
OFF-AME-10004759,Office Supplies,Envelopes,4,10,281.0
OFF-AP-10000003,Office Supplies,Appliances,1,3,1.42
OFF-AP-10000004,Office Supplies,Appliances,2,3,540.078
OFF-AP-10000005,Office Supplies,Appliances,5,16,1958.7930000000001
OFF-AP-10000023,Office Supplies,Appliances,2,7,254.0
OFF-AP-10000026,Office Supplies,Appliances,6,27,1244.0
OFF-AP-10000027,Office Supplies,Appliances,4,14,168.0
OFF-AP-10000039,Office Supplies,Appliances,2,3,181.0
OFF-AP-10000043,Office Supplies,Appliances,3,9,438.0
OFF-AP-10000055,Office Supplies,Appliances,4,17,266.0
OFF-AP-10000078,Office Supplies,Appliances,1,8,372.0
OFF-AP-10000108,Office Supplies,Appliances,2,8,3.3200000000000003
OFF-AP-10000119,Office Supplies,Appliances,3,6,1200.0
OFF-AP-10000124,Office Supplies,Appliances,2,7,38.0
OFF-AP-10000136,Office Supplies,Appliances,1,10,4.136
OFF-AP-10000159,Office Supplies,Appliances,3,15,558.0
OFF-AP-10000162,Office Supplies,Appliances,1,5,1.355
OFF-AP-10000172,Office Supplies,Appliances,5,24,1176.0
OFF-AP-10000179,Office Supplies,Appliances,8,32,2225.886
OFF-AP-10000195,Office Supplies,Appliances,1,2,968.0
OFF-AP-10000200,Office Supplies,Appliances,2,5,1056.0
OFF-AP-10000213,Office Supplies,Appliances,2,13,398.18
OFF-AP-10000226,Office Supplies,Appliances,2,10,662.0
OFF-AP-10000228,Office Supplies,Appliances,5,20,1081.0
OFF-AP-10000240,Office Supplies,Appliances,5,16,770.0
OFF-AP-10000252,Office Supplies,Appliances,4,12,129.0
OFF-AP-10000258,Office Supplies,Appliances,2,7,464.0
OFF-AP-10000261,Office Supplies,Appliances,2,5,167.0
OFF-AP-10000263,Office Supplies,Appliances,3,7,1866.0
OFF-AP-10000275,Office Supplies,Appliances,3,18,5.907
OFF-AP-10000285,Office Supplies,Appliances,1,3,242.0
OFF-AP-10000304,Office Supplies,Appliances,4,11,1610.841
OFF-AP-10000326,Office Supplies,Appliances,1,5,158.0
OFF-AP-10000329,Office Supplies,Appliances,1,3,1.052
OFF-AP-10000330,Office Supplies,Appliances,3,13,6.616
OFF-AP-10000335,Office Supplies,Appliances,2,9,502.754
OFF-AP-10000344,Office Supplies,Appliances,1,3,228.0
OFF-AP-10000358,Office Supplies,Appliances,9,41,437.0
OFF-AP-10000381,Office Supplies,Appliances,1,2,632.0
OFF-AP-10000382,Office Supplies,Appliances,3,4,210.0
OFF-AP-10000390,Office Supplies,Appliances,3,11,171.0
OFF-AP-10000391,Office Supplies,Appliances,4,21,783.0
OFF-AP-10000407,Office Supplies,Appliances,6,27,1558.753
OFF-AP-10000415,Office Supplies,Appliances,2,9,709.0
OFF-AP-10000423,Office Supplies,Appliances,2,8,3.947
OFF-AP-10000437,Office Supplies,Appliances,1,3,1.584
OFF-AP-10000486,Office Supplies,Appliances,3,11,974.097
OFF-AP-10000487,Office Supplies,Appliances,3,13,6.256
OFF-AP-10000490,Office Supplies,Appliances,4,11,443.0
OFF-AP-10000509,Office Supplies,Appliances,1,5,2.366
OFF-AP-10000510,Office Supplies,Appliances,2,7,262.0
OFF-AP-10000528,Office Supplies,Appliances,3,7,335.0
OFF-AP-10000534,Office Supplies,Appliances,1,6,465.0
OFF-AP-10000540,Office Supplies,Appliances,2,9,903.151
OFF-AP-10000545,Office Supplies,Appliances,1,4,141.0
OFF-AP-10000569,Office Supplies,Appliances,1,3,140.0
OFF-AP-10000576,Office Supplies,Appliances,7,29,2010.0
OFF-AP-10000577,Office Supplies,Appliances,1,2,1.075
OFF-AP-10000584,Office Supplies,Appliances,3,10,5.2
OFF-AP-10000595,Office Supplies,Appliances,4,10,44.0
OFF-AP-10000600,Office Supplies,Appliances,1,2,95.0
OFF-AP-10000604,Office Supplies,Appliances,3,9,608.0
OFF-AP-10000615,Office Supplies,Appliances,3,6,287.0
OFF-AP-10000621,Office Supplies,Appliances,4,12,2074.0
OFF-AP-10000639,Office Supplies,Appliances,5,15,1570.2069999999999
OFF-AP-10000647,Office Supplies,Appliances,3,14,6.975
OFF-AP-10000653,Office Supplies,Appliances,3,5,236.0
OFF-AP-10000663,Office Supplies,Appliances,2,10,911.819
OFF-AP-10000667,Office Supplies,Appliances,2,5,747.119
OFF-AP-10000672,Office Supplies,Appliances,1,3,1.705
OFF-AP-10000675,Office Supplies,Appliances,5,24,1793.728
OFF-AP-10000691,Office Supplies,Appliances,1,2,595.0
OFF-AP-10000692,Office Supplies,Appliances,6,19,345.0
OFF-AP-10000696,Office Supplies,Appliances,8,30,358.0
OFF-AP-10000717,Office Supplies,Appliances,3,6,1664.0
OFF-AP-10000729,Office Supplies,Appliances,6,23,1878.786
OFF-AP-10000751,Office Supplies,Appliances,2,7,416.383
OFF-AP-10000775,Office Supplies,Appliances,2,5,334.0
OFF-AP-10000800,Office Supplies,Appliances,4,12,752.743
OFF-AP-10000802,Office Supplies,Appliances,6,24,1630.785
OFF-AP-10000804,Office Supplies,Appliances,4,18,62.0
OFF-AP-10000806,Office Supplies,Appliances,1,4,256.0
OFF-AP-10000818,Office Supplies,Appliances,1,2,97.0
OFF-AP-10000825,Office Supplies,Appliances,2,11,693.0
OFF-AP-10000828,Office Supplies,Appliances,7,24,3511.0
OFF-AP-10000844,Office Supplies,Appliances,1,5,102.0
OFF-AP-10000864,Office Supplies,Appliances,2,6,900.998
OFF-AP-10000873,Office Supplies,Appliances,3,16,1244.318
OFF-AP-10000891,Office Supplies,Appliances,5,21,787.705
OFF-AP-10000900,Office Supplies,Appliances,2,8,263.0
OFF-AP-10000904,Office Supplies,Appliances,6,19,700.0
OFF-AP-10000916,Office Supplies,Appliances,1,2,372.0
OFF-AP-10000934,Office Supplies,Appliances,1,9,1.95
OFF-AP-10000935,Office Supplies,Appliances,3,11,537.0
OFF-AP-10000938,Office Supplies,Appliances,4,24,2222.0
OFF-AP-10000975,Office Supplies,Appliances,1,6,2.05
OFF-AP-10000977,Office Supplies,Appliances,3,11,856.0
OFF-AP-10000981,Office Supplies,Appliances,3,6,345.0
OFF-AP-10001005,Office Supplies,Appliances,6,23,1762.0
OFF-AP-10001018,Office Supplies,Appliances,3,8,597.051
OFF-AP-10001041,Office Supplies,Appliances,4,18,6.422
OFF-AP-10001049,Office Supplies,Appliances,2,11,459.0
OFF-AP-10001058,Office Supplies,Appliances,5,21,2699.518
OFF-AP-10001067,Office Supplies,Appliances,2,3,195.0
OFF-AP-10001076,Office Supplies,Appliances,3,16,683.0
OFF-AP-10001099,Office Supplies,Appliances,6,16,8.29
OFF-AP-10001103,Office Supplies,Appliances,2,7,606.21
OFF-AP-10001106,Office Supplies,Appliances,3,16,726.0450000000001
OFF-AP-10001124,Office Supplies,Appliances,1,8,648.0
OFF-AP-10001130,Office Supplies,Appliances,2,5,358.0
OFF-AP-10001138,Office Supplies,Appliances,3,11,664.0
OFF-AP-10001154,Office Supplies,Appliances,3,11,516.0
OFF-AP-10001169,Office Supplies,Appliances,3,13,998.489
OFF-AP-10001178,Office Supplies,Appliances,3,16,861.671
OFF-AP-10001190,Office Supplies,Appliances,2,5,950.581
OFF-AP-10001191,Office Supplies,Appliances,2,8,705.0
OFF-AP-10001197,Office Supplies,Appliances,2,5,286.14
OFF-AP-10001205,Office Supplies,Appliances,10,40,1774.0
OFF-AP-10001233,Office Supplies,Appliances,3,13,675.0
OFF-AP-10001242,Office Supplies,Appliances,8,20,1205.0
OFF-AP-10001254,Office Supplies,Appliances,5,18,1217.0
OFF-AP-10001266,Office Supplies,Appliances,7,24,1818.0
OFF-AP-10001271,Office Supplies,Appliances,6,19,949.0
OFF-AP-10001274,Office Supplies,Appliances,2,5,1435.0
OFF-AP-10001285,Office Supplies,Appliances,1,3,646.0
OFF-AP-10001293,Office Supplies,Appliances,7,30,1074.0
OFF-AP-10001298,Office Supplies,Appliances,1,4,2.244
OFF-AP-10001299,Office Supplies,Appliances,2,8,839.256
OFF-AP-10001303,Office Supplies,Appliances,4,9,148.0
OFF-AP-10001305,Office Supplies,Appliances,5,17,2072.623
OFF-AP-10001322,Office Supplies,Appliances,2,11,4.507
OFF-AP-10001329,Office Supplies,Appliances,1,6,1.705
OFF-AP-10001335,Office Supplies,Appliances,3,6,470.0
OFF-AP-10001366,Office Supplies,Appliances,4,17,187.0
OFF-AP-10001391,Office Supplies,Appliances,2,9,812.0
OFF-AP-10001394,Office Supplies,Appliances,5,13,1948.0
OFF-AP-10001402,Office Supplies,Appliances,3,9,411.0
OFF-AP-10001406,Office Supplies,Appliances,3,8,376.618
OFF-AP-10001408,Office Supplies,Appliances,1,3,421.0
OFF-AP-10001458,Office Supplies,Appliances,2,11,564.0
OFF-AP-10001469,Office Supplies,Appliances,5,20,758.0
OFF-AP-10001492,Office Supplies,Appliances,9,41,343.0
OFF-AP-10001503,Office Supplies,Appliances,2,14,3.708
OFF-AP-10001504,Office Supplies,Appliances,4,12,650.0
OFF-AP-10001510,Office Supplies,Appliances,3,7,1899.0
OFF-AP-10001527,Office Supplies,Appliances,2,11,509.284
OFF-AP-10001529,Office Supplies,Appliances,3,15,722.0
OFF-AP-10001548,Office Supplies,Appliances,6,25,1296.0
OFF-AP-10001559,Office Supplies,Appliances,4,18,1603.0
OFF-AP-10001563,Office Supplies,Appliances,7,26,951.0
OFF-AP-10001564,Office Supplies,Appliances,3,6,1023.0
OFF-AP-10001565,Office Supplies,Appliances,5,11,238.0
OFF-AP-10001567,Office Supplies,Appliances,4,26,2175.0
OFF-AP-10001568,Office Supplies,Appliances,5,16,863.0
OFF-AP-10001587,Office Supplies,Appliances,1,2,43.0
OFF-AP-10001593,Office Supplies,Appliances,3,16,4.01
OFF-AP-10001606,Office Supplies,Appliances,1,1,85.0
OFF-AP-10001617,Office Supplies,Appliances,6,26,1503.0
OFF-AP-10001621,Office Supplies,Appliances,8,29,1283.099
OFF-AP-10001623,Office Supplies,Appliances,6,31,578.163
OFF-AP-10001626,Office Supplies,Appliances,7,17,52.0
OFF-AP-10001630,Office Supplies,Appliances,1,13,2.443
OFF-AP-10001634,Office Supplies,Appliances,2,8,18.0
OFF-AP-10001635,Office Supplies,Appliances,1,2,1.057
OFF-AP-10001664,Office Supplies,Appliances,1,4,1.785
OFF-AP-10001670,Office Supplies,Appliances,6,35,2205.0
OFF-AP-10001682,Office Supplies,Appliances,6,26,1072.0
OFF-AP-10001692,Office Supplies,Appliances,1,3,1.709
OFF-AP-10001723,Office Supplies,Appliances,4,8,458.0
OFF-AP-10001772,Office Supplies,Appliances,4,17,1244.0
OFF-AP-10001776,Office Supplies,Appliances,9,28,2139.132
OFF-AP-10001797,Office Supplies,Appliances,2,5,221.0
OFF-AP-10001805,Office Supplies,Appliances,4,9,713.0
OFF-AP-10001815,Office Supplies,Appliances,1,3,1.419
OFF-AP-10001824,Office Supplies,Appliances,8,26,2384.683
OFF-AP-10001847,Office Supplies,Appliances,6,16,674.0
OFF-AP-10001876,Office Supplies,Appliances,1,7,325.0
OFF-AP-10001882,Office Supplies,Appliances,6,22,1139.0
OFF-AP-10001885,Office Supplies,Appliances,5,22,566.0
OFF-AP-10001891,Office Supplies,Appliances,2,10,380.0
OFF-AP-10001905,Office Supplies,Appliances,3,8,615.0
OFF-AP-10001916,Office Supplies,Appliances,2,7,601.0
OFF-AP-10001920,Office Supplies,Appliances,1,3,249.0
OFF-AP-10001926,Office Supplies,Appliances,4,11,1646.69
OFF-AP-10001931,Office Supplies,Appliances,8,27,1887.799
OFF-AP-10001941,Office Supplies,Appliances,2,7,465.0
OFF-AP-10001947,Office Supplies,Appliances,6,31,289.0
OFF-AP-10001955,Office Supplies,Appliances,1,4,327.0
OFF-AP-10001956,Office Supplies,Appliances,2,5,432.722
OFF-AP-10001962,Office Supplies,Appliances,6,28,230.0
OFF-AP-10001975,Office Supplies,Appliances,1,6,445.0
OFF-AP-10002008,Office Supplies,Appliances,1,1,283.0
OFF-AP-10002017,Office Supplies,Appliances,4,11,692.0
OFF-AP-10002041,Office Supplies,Appliances,1,2,62.0
OFF-AP-10002057,Office Supplies,Appliances,2,10,576.0
OFF-AP-10002082,Office Supplies,Appliances,6,14,240.0
OFF-AP-10002090,Office Supplies,Appliances,4,18,1737.002
OFF-AP-10002104,Office Supplies,Appliances,4,16,1854.902
OFF-AP-10002118,Office Supplies,Appliances,6,14,1666.041
OFF-AP-10002128,Office Supplies,Appliances,7,19,1310.0
OFF-AP-10002134,Office Supplies,Appliances,2,6,378.0
OFF-AP-10002165,Office Supplies,Appliances,3,9,392.0
OFF-AP-10002186,Office Supplies,Appliances,2,8,657.0
OFF-AP-10002191,Office Supplies,Appliances,5,15,738.0
OFF-AP-10002203,Office Supplies,Appliances,1,2,2.0
OFF-AP-10002222,Office Supplies,Appliances,4,13,108.0
OFF-AP-10002223,Office Supplies,Appliances,4,19,489.0
OFF-AP-10002226,Office Supplies,Appliances,3,8,711.0
OFF-AP-10002229,Office Supplies,Appliances,3,8,542.0
OFF-AP-10002238,Office Supplies,Appliances,4,16,998.0
OFF-AP-10002239,Office Supplies,Appliances,2,6,327.0
OFF-AP-10002244,Office Supplies,Appliances,3,20,9.532
OFF-AP-10002252,Office Supplies,Appliances,5,24,724.885
OFF-AP-10002264,Office Supplies,Appliances,1,3,269.0
OFF-AP-10002283,Office Supplies,Appliances,2,12,912.0
OFF-AP-10002287,Office Supplies,Appliances,5,22,82.0
OFF-AP-10002306,Office Supplies,Appliances,1,2,1.057
OFF-AP-10002311,Office Supplies,Appliances,10,26,1384.0
OFF-AP-10002312,Office Supplies,Appliances,4,20,445.721
OFF-AP-10002317,Office Supplies,Appliances,4,15,1072.006
OFF-AP-10002321,Office Supplies,Appliances,1,6,1.856
OFF-AP-10002326,Office Supplies,Appliances,4,18,1042.261
OFF-AP-10002330,Office Supplies,Appliances,7,38,560.705
OFF-AP-10002344,Office Supplies,Appliances,3,5,701.0
OFF-AP-10002350,Office Supplies,Appliances,8,29,517.0
OFF-AP-10002351,Office Supplies,Appliances,3,11,1285.606
OFF-AP-10002360,Office Supplies,Appliances,2,15,478.0
OFF-AP-10002361,Office Supplies,Appliances,4,16,1392.056
OFF-AP-10002364,Office Supplies,Appliances,2,5,283.0
OFF-AP-10002371,Office Supplies,Appliances,6,32,1768.285
OFF-AP-10002397,Office Supplies,Appliances,2,16,4.588
OFF-AP-10002403,Office Supplies,Appliances,4,14,448.0
OFF-AP-10002413,Office Supplies,Appliances,3,9,368.0
OFF-AP-10002421,Office Supplies,Appliances,1,2,750.0
OFF-AP-10002425,Office Supplies,Appliances,3,7,2198.0
OFF-AP-10002433,Office Supplies,Appliances,1,2,372.0
OFF-AP-10002439,Office Supplies,Appliances,7,28,1364.0
OFF-AP-10002457,Office Supplies,Appliances,6,20,1674.0
OFF-AP-10002472,Office Supplies,Appliances,2,10,260.0
OFF-AP-10002476,Office Supplies,Appliances,3,13,851.0
OFF-AP-10002495,Office Supplies,Appliances,3,8,453.0
OFF-AP-10002497,Office Supplies,Appliances,1,2,73.0
OFF-AP-10002499,Office Supplies,Appliances,3,6,1397.0
OFF-AP-10002518,Office Supplies,Appliances,5,21,1639.246
OFF-AP-10002531,Office Supplies,Appliances,7,42,2485.0
OFF-AP-10002534,Office Supplies,Appliances,5,18,1475.473
OFF-AP-10002536,Office Supplies,Appliances,2,5,700.049
OFF-AP-10002537,Office Supplies,Appliances,2,5,1413.0
OFF-AP-10002552,Office Supplies,Appliances,2,7,975.432
OFF-AP-10002568,Office Supplies,Appliances,4,19,939.0
OFF-AP-10002573,Office Supplies,Appliances,4,11,1466.598
OFF-AP-10002577,Office Supplies,Appliances,1,3,126.0
OFF-AP-10002578,Office Supplies,Appliances,7,21,931.0
OFF-AP-10002608,Office Supplies,Appliances,3,9,647.0
OFF-AP-10002625,Office Supplies,Appliances,5,14,1113.112
OFF-AP-10002629,Office Supplies,Appliances,1,4,1.287
OFF-AP-10002651,Office Supplies,Appliances,6,31,1337.501
OFF-AP-10002670,Office Supplies,Appliances,2,4,277.0
OFF-AP-10002675,Office Supplies,Appliances,2,9,745.973
OFF-AP-10002681,Office Supplies,Appliances,5,18,2026.334
OFF-AP-10002684,Office Supplies,Appliances,7,31,1339.702
OFF-AP-10002697,Office Supplies,Appliances,1,5,206.0
OFF-AP-10002698,Office Supplies,Appliances,1,1,278.0
OFF-AP-10002709,Office Supplies,Appliances,5,21,760.0
OFF-AP-10002734,Office Supplies,Appliances,1,3,675.0
OFF-AP-10002735,Office Supplies,Appliances,2,4,201.0
OFF-AP-10002753,Office Supplies,Appliances,3,9,221.0
OFF-AP-10002764,Office Supplies,Appliances,5,14,2711.0
OFF-AP-10002765,Office Supplies,Appliances,6,15,385.0
OFF-AP-10002793,Office Supplies,Appliances,5,21,483.229
OFF-AP-10002794,Office Supplies,Appliances,2,7,414.033
OFF-AP-10002822,Office Supplies,Appliances,3,11,626.0
OFF-AP-10002867,Office Supplies,Appliances,4,15,666.0
OFF-AP-10002872,Office Supplies,Appliances,3,16,529.0
OFF-AP-10002882,Office Supplies,Appliances,2,6,263.0
OFF-AP-10002892,Office Supplies,Appliances,7,22,465.0
OFF-AP-10002899,Office Supplies,Appliances,1,5,387.0
OFF-AP-10002904,Office Supplies,Appliances,2,10,4.508
OFF-AP-10002906,Office Supplies,Appliances,4,6,10.0
OFF-AP-10002932,Office Supplies,Appliances,2,5,691.035
OFF-AP-10002933,Office Supplies,Appliances,1,2,194.0
OFF-AP-10002938,Office Supplies,Appliances,4,12,920.0
OFF-AP-10002941,Office Supplies,Appliances,2,9,3.121
OFF-AP-10002945,Office Supplies,Appliances,8,40,3374.937
OFF-AP-10002960,Office Supplies,Appliances,1,5,256.0
OFF-AP-10002963,Office Supplies,Appliances,4,23,1856.0
OFF-AP-10002998,Office Supplies,Appliances,7,33,1164.482
OFF-AP-10003007,Office Supplies,Appliances,2,7,485.0
OFF-AP-10003021,Office Supplies,Appliances,1,1,465.0
OFF-AP-10003032,Office Supplies,Appliances,6,27,987.083
OFF-AP-10003040,Office Supplies,Appliances,5,25,665.0
OFF-AP-10003043,Office Supplies,Appliances,6,18,982.0
OFF-AP-10003057,Office Supplies,Appliances,3,14,829.029
OFF-AP-10003079,Office Supplies,Appliances,2,5,131.0
OFF-AP-10003099,Office Supplies,Appliances,1,4,198.0
OFF-AP-10003135,Office Supplies,Appliances,3,12,668.0
OFF-AP-10003177,Office Supplies,Appliances,3,11,418.0
OFF-AP-10003182,Office Supplies,Appliances,2,10,775.0
OFF-AP-10003184,Office Supplies,Appliances,3,7,3.711
OFF-AP-10003210,Office Supplies,Appliances,1,2,83.0
OFF-AP-10003217,Office Supplies,Appliances,3,12,1524.0
OFF-AP-10003221,Office Supplies,Appliances,3,10,4.6129999999999995
OFF-AP-10003236,Office Supplies,Appliances,1,1,25.0
OFF-AP-10003240,Office Supplies,Appliances,1,3,1.683
OFF-AP-10003259,Office Supplies,Appliances,3,9,1442.987
OFF-AP-10003266,Office Supplies,Appliances,4,12,151.0
OFF-AP-10003275,Office Supplies,Appliances,8,34,2961.8379999999997
OFF-AP-10003278,Office Supplies,Appliances,5,10,107.0
OFF-AP-10003281,Office Supplies,Appliances,5,15,149.0
OFF-AP-10003287,Office Supplies,Appliances,8,35,942.948
OFF-AP-10003298,Office Supplies,Appliances,3,12,657.0
OFF-AP-10003304,Office Supplies,Appliances,1,4,664.0
OFF-AP-10003308,Office Supplies,Appliances,2,9,1367.0
OFF-AP-10003318,Office Supplies,Appliances,1,1,45.0
OFF-AP-10003334,Office Supplies,Appliances,3,11,373.0
OFF-AP-10003354,Office Supplies,Appliances,1,2,370.0
OFF-AP-10003363,Office Supplies,Appliances,3,10,549.0
OFF-AP-10003380,Office Supplies,Appliances,1,3,210.0
OFF-AP-10003382,Office Supplies,Appliances,2,4,2.126
OFF-AP-10003400,Office Supplies,Appliances,2,5,190.0
OFF-AP-10003431,Office Supplies,Appliances,1,3,115.0
OFF-AP-10003442,Office Supplies,Appliances,1,4,67.0
OFF-AP-10003473,Office Supplies,Appliances,3,11,692.0
OFF-AP-10003477,Office Supplies,Appliances,1,1,47.0
OFF-AP-10003491,Office Supplies,Appliances,1,4,278.0
OFF-AP-10003497,Office Supplies,Appliances,3,13,206.482
OFF-AP-10003500,Office Supplies,Appliances,4,24,826.201
OFF-AP-10003511,Office Supplies,Appliances,3,14,1474.181
OFF-AP-10003524,Office Supplies,Appliances,1,10,884.0
OFF-AP-10003538,Office Supplies,Appliances,4,15,2833.0
OFF-AP-10003558,Office Supplies,Appliances,1,8,4.195
OFF-AP-10003559,Office Supplies,Appliances,2,3,1085.0
OFF-AP-10003561,Office Supplies,Appliances,3,15,1406.124
OFF-AP-10003562,Office Supplies,Appliances,1,7,272.0
OFF-AP-10003568,Office Supplies,Appliances,1,4,1.885
OFF-AP-10003577,Office Supplies,Appliances,2,4,134.138
OFF-AP-10003588,Office Supplies,Appliances,1,5,1.054
OFF-AP-10003590,Office Supplies,Appliances,6,30,883.673
OFF-AP-10003598,Office Supplies,Appliances,3,14,867.816
OFF-AP-10003610,Office Supplies,Appliances,3,8,179.0
OFF-AP-10003615,Office Supplies,Appliances,2,9,634.0
OFF-AP-10003618,Office Supplies,Appliances,3,6,529.108
OFF-AP-10003621,Office Supplies,Appliances,1,5,2.191
OFF-AP-10003622,Office Supplies,Appliances,6,31,598.0
OFF-AP-10003625,Office Supplies,Appliances,2,7,1432.0
OFF-AP-10003702,Office Supplies,Appliances,2,6,447.224
OFF-AP-10003717,Office Supplies,Appliances,7,42,2274.0
OFF-AP-10003758,Office Supplies,Appliances,4,13,1127.0
OFF-AP-10003774,Office Supplies,Appliances,1,2,55.0
OFF-AP-10003779,Office Supplies,Appliances,4,8,1473.0
OFF-AP-10003794,Office Supplies,Appliances,2,8,199.852
OFF-AP-10003795,Office Supplies,Appliances,3,13,6.184
OFF-AP-10003800,Office Supplies,Appliances,5,13,3136.0
OFF-AP-10003834,Office Supplies,Appliances,2,5,1672.0
OFF-AP-10003842,Office Supplies,Appliances,6,24,694.0
OFF-AP-10003849,Office Supplies,Appliances,6,16,2507.505
OFF-AP-10003850,Office Supplies,Appliances,2,8,470.0
OFF-AP-10003860,Office Supplies,Appliances,5,15,667.0
OFF-AP-10003866,Office Supplies,Appliances,2,9,752.539
OFF-AP-10003884,Office Supplies,Appliances,1,3,181.0
OFF-AP-10003909,Office Supplies,Appliances,1,4,388.0
OFF-AP-10003912,Office Supplies,Appliances,1,2,175.0
OFF-AP-10003914,Office Supplies,Appliances,1,5,13.0
OFF-AP-10003917,Office Supplies,Appliances,4,18,9.083
OFF-AP-10003945,Office Supplies,Appliances,4,17,1439.0
OFF-AP-10003956,Office Supplies,Appliances,3,10,468.0
OFF-AP-10003963,Office Supplies,Appliances,4,34,508.932
OFF-AP-10003965,Office Supplies,Appliances,1,2,572.0
OFF-AP-10003971,Office Supplies,Appliances,12,38,739.0
OFF-AP-10003972,Office Supplies,Appliances,2,8,362.0
OFF-AP-10003979,Office Supplies,Appliances,2,5,323.0
OFF-AP-10004031,Office Supplies,Appliances,3,11,1759.0
OFF-AP-10004036,Office Supplies,Appliances,4,16,200.0
OFF-AP-10004041,Office Supplies,Appliances,2,5,1388.0
OFF-AP-10004052,Office Supplies,Appliances,5,18,56.0
OFF-AP-10004063,Office Supplies,Appliances,4,11,2301.078
OFF-AP-10004113,Office Supplies,Appliances,4,20,606.0
OFF-AP-10004136,Office Supplies,Appliances,2,6,148.0
OFF-AP-10004140,Office Supplies,Appliances,2,8,4.329
OFF-AP-10004168,Office Supplies,Appliances,3,7,448.218
OFF-AP-10004183,Office Supplies,Appliances,4,18,909.405
OFF-AP-10004186,Office Supplies,Appliances,1,5,2.594
OFF-AP-10004191,Office Supplies,Appliances,2,7,597.325
OFF-AP-10004201,Office Supplies,Appliances,4,14,935.761
OFF-AP-10004220,Office Supplies,Appliances,2,5,131.0
OFF-AP-10004226,Office Supplies,Appliances,3,14,700.0
OFF-AP-10004227,Office Supplies,Appliances,4,14,2126.993
OFF-AP-10004233,Office Supplies,Appliances,2,9,299.0
OFF-AP-10004245,Office Supplies,Appliances,4,13,1896.029
OFF-AP-10004246,Office Supplies,Appliances,1,5,2.527
OFF-AP-10004248,Office Supplies,Appliances,1,2,164.0
OFF-AP-10004249,Office Supplies,Appliances,5,22,235.0
OFF-AP-10004274,Office Supplies,Appliances,1,3,175.0
OFF-AP-10004293,Office Supplies,Appliances,1,6,1.903
OFF-AP-10004295,Office Supplies,Appliances,2,8,3.776
OFF-AP-10004305,Office Supplies,Appliances,5,17,758.0
OFF-AP-10004336,Office Supplies,Appliances,4,12,547.0
OFF-AP-10004350,Office Supplies,Appliances,1,6,1.901
OFF-AP-10004372,Office Supplies,Appliances,1,4,268.0
OFF-AP-10004415,Office Supplies,Appliances,1,3,370.0
OFF-AP-10004425,Office Supplies,Appliances,2,8,303.0
OFF-AP-10004453,Office Supplies,Appliances,2,8,436.0
OFF-AP-10004464,Office Supplies,Appliances,4,10,540.828
OFF-AP-10004466,Office Supplies,Appliances,1,3,143.0
OFF-AP-10004487,Office Supplies,Appliances,7,36,2490.0
OFF-AP-10004494,Office Supplies,Appliances,1,3,237.0
OFF-AP-10004499,Office Supplies,Appliances,1,1,323.0
OFF-AP-10004511,Office Supplies,Appliances,4,15,502.443
OFF-AP-10004512,Office Supplies,Appliances,7,38,1044.124
OFF-AP-10004515,Office Supplies,Appliances,5,30,853.0
OFF-AP-10004527,Office Supplies,Appliances,2,13,438.0
OFF-AP-10004532,Office Supplies,Appliances,6,20,408.0
OFF-AP-10004540,Office Supplies,Appliances,4,13,1042.0
OFF-AP-10004569,Office Supplies,Appliances,6,25,1055.0
OFF-AP-10004571,Office Supplies,Appliances,1,2,759.0
OFF-AP-10004572,Office Supplies,Appliances,2,12,4.522
OFF-AP-10004627,Office Supplies,Appliances,3,10,726.896
OFF-AP-10004646,Office Supplies,Appliances,2,7,2.453
OFF-AP-10004655,Office Supplies,Appliances,2,5,47.0
OFF-AP-10004665,Office Supplies,Appliances,3,10,402.0
OFF-AP-10004698,Office Supplies,Appliances,1,4,724.0
OFF-AP-10004708,Office Supplies,Appliances,9,30,867.0
OFF-AP-10004711,Office Supplies,Appliances,1,4,2.08
OFF-AP-10004749,Office Supplies,Appliances,3,8,259.0
OFF-AP-10004755,Office Supplies,Appliances,1,4,1.239
OFF-AP-10004756,Office Supplies,Appliances,3,7,374.0
OFF-AP-10004785,Office Supplies,Appliances,5,24,206.005
OFF-AP-10004821,Office Supplies,Appliances,1,2,289.0
OFF-AP-10004825,Office Supplies,Appliances,3,11,529.0
OFF-AP-10004841,Office Supplies,Appliances,2,8,291.0
OFF-AP-10004859,Office Supplies,Appliances,8,35,433.0
OFF-AP-10004868,Office Supplies,Appliances,4,18,92.0
OFF-AP-10004869,Office Supplies,Appliances,8,36,2929.0
OFF-AP-10004882,Office Supplies,Appliances,1,1,254.0
OFF-AP-10004913,Office Supplies,Appliances,2,9,705.461
OFF-AP-10004919,Office Supplies,Appliances,1,2,144.0
OFF-AP-10004921,Office Supplies,Appliances,6,17,746.0
OFF-AP-10004937,Office Supplies,Appliances,1,2,614.0
OFF-AP-10004946,Office Supplies,Appliances,5,13,1027.0
OFF-AP-10004958,Office Supplies,Appliances,3,11,1444.278
OFF-AP-10004964,Office Supplies,Appliances,4,20,9.933
OFF-AP-10004972,Office Supplies,Appliances,5,15,877.0
OFF-AP-10004978,Office Supplies,Appliances,1,3,141.0
OFF-AP-10004980,Office Supplies,Appliances,4,14,304.0
OFF-AP-10004994,Office Supplies,Appliances,2,5,668.0
OFF-AR-10000019,Office Supplies,Art,6,24,303.0
OFF-AR-10000027,Office Supplies,Art,7,32,719.0
OFF-AR-10000034,Office Supplies,Art,6,29,119.0
OFF-AR-10000054,Office Supplies,Art,6,16,303.0
OFF-AR-10000058,Office Supplies,Art,7,22,1071.0
OFF-AR-10000066,Office Supplies,Art,10,38,361.0
OFF-AR-10000067,Office Supplies,Art,1,7,55.0
OFF-AR-10000079,Office Supplies,Art,9,45,1115.0
OFF-AR-10000082,Office Supplies,Art,4,12,159.0
OFF-AR-10000091,Office Supplies,Art,23,75,1624.0
OFF-AR-10000097,Office Supplies,Art,6,19,739.0
OFF-AR-10000110,Office Supplies,Art,22,97,3902.0
OFF-AR-10000120,Office Supplies,Art,4,16,577.0
OFF-AR-10000122,Office Supplies,Art,7,24,119.0
OFF-AR-10000124,Office Supplies,Art,16,53,905.0
OFF-AR-10000125,Office Supplies,Art,1,2,19.0
OFF-AR-10000127,Office Supplies,Art,4,22,65.0
OFF-AR-10000150,Office Supplies,Art,3,11,127.0
OFF-AR-10000156,Office Supplies,Art,1,2,13.0
OFF-AR-10000176,Office Supplies,Art,9,32,605.0
OFF-AR-10000179,Office Supplies,Art,6,19,863.0
OFF-AR-10000184,Office Supplies,Art,11,54,1494.0
OFF-AR-10000185,Office Supplies,Art,4,16,131.0
OFF-AR-10000203,Office Supplies,Art,4,18,68.0
OFF-AR-10000205,Office Supplies,Art,1,1,32.0
OFF-AR-10000219,Office Supplies,Art,7,33,496.0
OFF-AR-10000227,Office Supplies,Art,2,5,153.0
OFF-AR-10000242,Office Supplies,Art,9,34,876.0
OFF-AR-10000246,Office Supplies,Art,5,23,62.0
OFF-AR-10000249,Office Supplies,Art,6,14,232.0
OFF-AR-10000251,Office Supplies,Art,4,17,312.0
OFF-AR-10000255,Office Supplies,Art,3,13,76.0
OFF-AR-10000266,Office Supplies,Art,16,65,1591.0
OFF-AR-10000283,Office Supplies,Art,1,2,18.0
OFF-AR-10000293,Office Supplies,Art,1,2,104.0
OFF-AR-10000307,Office Supplies,Art,7,28,682.0
OFF-AR-10000314,Office Supplies,Art,3,9,121.0
OFF-AR-10000315,Office Supplies,Art,3,8,23.0
OFF-AR-10000316,Office Supplies,Art,14,52,505.0
OFF-AR-10000319,Office Supplies,Art,16,59,2784.0
OFF-AR-10000340,Office Supplies,Art,1,8,139.0
OFF-AR-10000347,Office Supplies,Art,12,41,330.0
OFF-AR-10000356,Office Supplies,Art,1,2,40.0
OFF-AR-10000369,Office Supplies,Art,3,11,14.0
OFF-AR-10000380,Office Supplies,Art,10,44,1619.0
OFF-AR-10000387,Office Supplies,Art,6,21,348.0
OFF-AR-10000390,Office Supplies,Art,10,35,317.0
OFF-AR-10000399,Office Supplies,Art,16,56,2281.0
OFF-AR-10000401,Office Supplies,Art,1,5,26.0
OFF-AR-10000404,Office Supplies,Art,5,24,410.0
OFF-AR-10000409,Office Supplies,Art,8,25,1271.0
OFF-AR-10000411,Office Supplies,Art,2,6,86.0
OFF-AR-10000422,Office Supplies,Art,8,31,235.0
OFF-AR-10000431,Office Supplies,Art,1,2,22.0
OFF-AR-10000444,Office Supplies,Art,17,53,874.0
OFF-AR-10000452,Office Supplies,Art,5,14,406.0
OFF-AR-10000461,Office Supplies,Art,5,14,148.0
OFF-AR-10000462,Office Supplies,Art,3,14,22.0
OFF-AR-10000465,Office Supplies,Art,5,16,256.0
OFF-AR-10000467,Office Supplies,Art,15,53,1234.0
OFF-AR-10000468,Office Supplies,Art,6,19,165.0
OFF-AR-10000475,Office Supplies,Art,17,45,1845.0
OFF-AR-10000481,Office Supplies,Art,8,32,514.0
OFF-AR-10000491,Office Supplies,Art,13,36,531.0
OFF-AR-10000493,Office Supplies,Art,3,4,62.0
OFF-AR-10000502,Office Supplies,Art,15,48,896.0
OFF-AR-10000503,Office Supplies,Art,5,22,137.0
OFF-AR-10000505,Office Supplies,Art,10,50,543.0
OFF-AR-10000513,Office Supplies,Art,2,4,88.0
OFF-AR-10000538,Office Supplies,Art,3,15,406.0
OFF-AR-10000539,Office Supplies,Art,10,34,689.0
OFF-AR-10000540,Office Supplies,Art,1,6,98.0
OFF-AR-10000543,Office Supplies,Art,3,6,121.0
OFF-AR-10000578,Office Supplies,Art,5,17,382.0
OFF-AR-10000584,Office Supplies,Art,11,39,1074.0
OFF-AR-10000588,Office Supplies,Art,9,26,479.0
OFF-AR-10000594,Office Supplies,Art,20,70,1333.0
OFF-AR-10000603,Office Supplies,Art,2,10,220.0
OFF-AR-10000614,Office Supplies,Art,6,24,139.0
OFF-AR-10000634,Office Supplies,Art,7,23,81.0
OFF-AR-10000655,Office Supplies,Art,5,14,413.0
OFF-AR-10000657,Office Supplies,Art,5,22,45.0
OFF-AR-10000658,Office Supplies,Art,7,23,264.0
OFF-AR-10000659,Office Supplies,Art,14,54,1603.0
OFF-AR-10000660,Office Supplies,Art,3,18,893.0
OFF-AR-10000676,Office Supplies,Art,1,4,93.0
OFF-AR-10000681,Office Supplies,Art,6,16,695.0
OFF-AR-10000703,Office Supplies,Art,8,32,557.0
OFF-AR-10000706,Office Supplies,Art,1,2,34.0
OFF-AR-10000711,Office Supplies,Art,18,61,847.0
OFF-AR-10000715,Office Supplies,Art,18,61,1464.0
OFF-AR-10000716,Office Supplies,Art,7,20,94.0
OFF-AR-10000719,Office Supplies,Art,4,17,313.0
OFF-AR-10000720,Office Supplies,Art,8,19,437.0
OFF-AR-10000724,Office Supplies,Art,14,45,662.0
OFF-AR-10000727,Office Supplies,Art,12,40,1986.0
OFF-AR-10000729,Office Supplies,Art,2,6,87.0
OFF-AR-10000733,Office Supplies,Art,1,5,263.0
OFF-AR-10000740,Office Supplies,Art,2,15,122.0
OFF-AR-10000751,Office Supplies,Art,12,45,754.0
OFF-AR-10000762,Office Supplies,Art,5,27,394.0
OFF-AR-10000767,Office Supplies,Art,1,10,330.0
OFF-AR-10000780,Office Supplies,Art,3,13,219.0
OFF-AR-10000785,Office Supplies,Art,12,51,2646.0
OFF-AR-10000799,Office Supplies,Art,20,66,951.0
OFF-AR-10000804,Office Supplies,Art,4,28,444.0
OFF-AR-10000812,Office Supplies,Art,3,14,123.0
OFF-AR-10000814,Office Supplies,Art,1,6,189.0
OFF-AR-10000817,Office Supplies,Art,7,30,87.0
OFF-AR-10000821,Office Supplies,Art,4,21,152.0
OFF-AR-10000823,Office Supplies,Art,13,61,600.0
OFF-AR-10000833,Office Supplies,Art,19,72,2213.0
OFF-AR-10000845,Office Supplies,Art,10,39,346.0
OFF-AR-10000851,Office Supplies,Art,9,32,1273.0
OFF-AR-10000896,Office Supplies,Art,2,8,24.0
OFF-AR-10000904,Office Supplies,Art,5,30,801.0
OFF-AR-10000914,Office Supplies,Art,4,10,102.0
OFF-AR-10000925,Office Supplies,Art,1,4,53.0
OFF-AR-10000937,Office Supplies,Art,2,13,431.0
OFF-AR-10000940,Office Supplies,Art,7,24,66.0
OFF-AR-10000953,Office Supplies,Art,6,22,572.0
OFF-AR-10000974,Office Supplies,Art,2,9,68.0
OFF-AR-10000980,Office Supplies,Art,16,54,1288.0
OFF-AR-10000989,Office Supplies,Art,3,8,304.0
OFF-AR-10001002,Office Supplies,Art,9,35,1583.0
OFF-AR-10001022,Office Supplies,Art,3,5,15.0
OFF-AR-10001026,Office Supplies,Art,3,14,31.0
OFF-AR-10001029,Office Supplies,Art,2,6,76.0
OFF-AR-10001030,Office Supplies,Art,3,5,89.0
OFF-AR-10001043,Office Supplies,Art,9,29,379.0
OFF-AR-10001044,Office Supplies,Art,9,27,619.0
OFF-AR-10001053,Office Supplies,Art,4,17,342.0
OFF-AR-10001061,Office Supplies,Art,5,16,475.0
OFF-AR-10001068,Office Supplies,Art,10,40,1680.0
OFF-AR-10001072,Office Supplies,Art,9,28,220.0
OFF-AR-10001073,Office Supplies,Art,5,23,445.0
OFF-AR-10001074,Office Supplies,Art,2,12,189.0
OFF-AR-10001107,Office Supplies,Art,1,2,27.0
OFF-AR-10001110,Office Supplies,Art,12,55,1658.0
OFF-AR-10001117,Office Supplies,Art,1,4,40.0
OFF-AR-10001118,Office Supplies,Art,2,5,16.0
OFF-AR-10001129,Office Supplies,Art,1,2,12.0
OFF-AR-10001130,Office Supplies,Art,2,8,16.0
OFF-AR-10001132,Office Supplies,Art,7,24,490.0
OFF-AR-10001134,Office Supplies,Art,4,13,150.0
OFF-AR-10001149,Office Supplies,Art,7,30,82.0
OFF-AR-10001162,Office Supplies,Art,1,14,244.0
OFF-AR-10001166,Office Supplies,Art,3,8,61.0
OFF-AR-10001176,Office Supplies,Art,5,17,236.0
OFF-AR-10001177,Office Supplies,Art,3,14,43.0
OFF-AR-10001190,Office Supplies,Art,13,32,1484.0
OFF-AR-10001192,Office Supplies,Art,6,25,876.0
OFF-AR-10001195,Office Supplies,Art,1,6,190.0
OFF-AR-10001208,Office Supplies,Art,6,21,761.0
OFF-AR-10001216,Office Supplies,Art,17,64,1549.0
OFF-AR-10001221,Office Supplies,Art,2,14,75.0
OFF-AR-10001226,Office Supplies,Art,4,12,314.0
OFF-AR-10001227,Office Supplies,Art,2,8,24.0
OFF-AR-10001228,Office Supplies,Art,20,88,1950.0
OFF-AR-10001230,Office Supplies,Art,6,37,981.0
OFF-AR-10001231,Office Supplies,Art,3,14,30.0
OFF-AR-10001232,Office Supplies,Art,6,25,1064.0
OFF-AR-10001244,Office Supplies,Art,1,4,86.0
OFF-AR-10001246,Office Supplies,Art,7,32,80.0
OFF-AR-10001266,Office Supplies,Art,9,27,1188.0
OFF-AR-10001269,Office Supplies,Art,14,51,1509.0
OFF-AR-10001271,Office Supplies,Art,5,19,294.0
OFF-AR-10001278,Office Supplies,Art,6,47,666.0
OFF-AR-10001291,Office Supplies,Art,11,40,1993.0
OFF-AR-10001315,Office Supplies,Art,7,25,39.0
OFF-AR-10001329,Office Supplies,Art,8,27,382.0
OFF-AR-10001336,Office Supplies,Art,2,15,172.0
OFF-AR-10001338,Office Supplies,Art,1,3,43.0
OFF-AR-10001374,Office Supplies,Art,6,21,123.0
OFF-AR-10001386,Office Supplies,Art,2,8,329.0
OFF-AR-10001402,Office Supplies,Art,6,23,260.0
OFF-AR-10001405,Office Supplies,Art,3,11,197.0
OFF-AR-10001418,Office Supplies,Art,20,81,2019.0
OFF-AR-10001419,Office Supplies,Art,6,34,128.0
OFF-AR-10001423,Office Supplies,Art,2,8,228.0
OFF-AR-10001427,Office Supplies,Art,4,11,60.0
OFF-AR-10001446,Office Supplies,Art,5,20,197.0
OFF-AR-10001461,Office Supplies,Art,9,37,2059.0
OFF-AR-10001462,Office Supplies,Art,11,40,640.0
OFF-AR-10001468,Office Supplies,Art,3,7,210.0
OFF-AR-10001473,Office Supplies,Art,3,10,28.0
OFF-AR-10001479,Office Supplies,Art,2,4,90.0
OFF-AR-10001482,Office Supplies,Art,16,46,943.0
OFF-AR-10001495,Office Supplies,Art,6,24,687.0
OFF-AR-10001508,Office Supplies,Art,5,16,691.0
OFF-AR-10001518,Office Supplies,Art,8,27,579.0
OFF-AR-10001525,Office Supplies,Art,5,18,172.0
OFF-AR-10001529,Office Supplies,Art,20,78,1700.0
OFF-AR-10001533,Office Supplies,Art,11,37,1693.0
OFF-AR-10001535,Office Supplies,Art,2,8,270.0
OFF-AR-10001545,Office Supplies,Art,6,23,37.0
OFF-AR-10001546,Office Supplies,Art,9,32,1299.0
OFF-AR-10001547,Office Supplies,Art,8,30,62.0
OFF-AR-10001570,Office Supplies,Art,1,2,107.0
OFF-AR-10001571,Office Supplies,Art,1,4,11.0
OFF-AR-10001573,Office Supplies,Art,6,21,49.0
OFF-AR-10001578,Office Supplies,Art,12,42,1060.0
OFF-AR-10001598,Office Supplies,Art,1,4,51.0
OFF-AR-10001599,Office Supplies,Art,10,41,1576.0
OFF-AR-10001602,Office Supplies,Art,3,6,232.0
OFF-AR-10001606,Office Supplies,Art,9,51,958.0
OFF-AR-10001607,Office Supplies,Art,13,38,840.0
OFF-AR-10001609,Office Supplies,Art,3,11,132.0
OFF-AR-10001612,Office Supplies,Art,1,2,29.0
OFF-AR-10001615,Office Supplies,Art,7,25,462.0
OFF-AR-10001622,Office Supplies,Art,3,9,124.0
OFF-AR-10001626,Office Supplies,Art,8,21,301.0
OFF-AR-10001645,Office Supplies,Art,1,1,9.0
OFF-AR-10001654,Office Supplies,Art,1,2,32.0
OFF-AR-10001659,Office Supplies,Art,5,19,299.0
OFF-AR-10001662,Office Supplies,Art,7,30,76.0
OFF-AR-10001672,Office Supplies,Art,12,55,2380.0
OFF-AR-10001678,Office Supplies,Art,7,24,522.0
OFF-AR-10001683,Office Supplies,Art,6,19,172.0
OFF-AR-10001694,Office Supplies,Art,5,16,538.0
OFF-AR-10001696,Office Supplies,Art,1,5,20.0
OFF-AR-10001708,Office Supplies,Art,4,10,469.0
OFF-AR-10001714,Office Supplies,Art,14,55,1332.0
OFF-AR-10001720,Office Supplies,Art,8,44,2101.0
OFF-AR-10001725,Office Supplies,Art,6,13,298.0
OFF-AR-10001738,Office Supplies,Art,3,13,365.0
OFF-AR-10001752,Office Supplies,Art,7,29,232.0
OFF-AR-10001759,Office Supplies,Art,13,57,2126.0
OFF-AR-10001761,Office Supplies,Art,6,24,124.0
OFF-AR-10001770,Office Supplies,Art,9,26,310.0
OFF-AR-10001773,Office Supplies,Art,7,32,742.0
OFF-AR-10001777,Office Supplies,Art,20,73,3351.0
OFF-AR-10001812,Office Supplies,Art,9,32,487.0
OFF-AR-10001813,Office Supplies,Art,5,19,298.0
OFF-AR-10001823,Office Supplies,Art,4,21,346.0
OFF-AR-10001833,Office Supplies,Art,5,14,142.0
OFF-AR-10001850,Office Supplies,Art,12,50,1058.0
OFF-AR-10001860,Office Supplies,Art,6,27,175.0
OFF-AR-10001862,Office Supplies,Art,3,13,125.0
OFF-AR-10001868,Office Supplies,Art,8,24,39.0
OFF-AR-10001879,Office Supplies,Art,2,13,162.0
OFF-AR-10001897,Office Supplies,Art,5,24,403.0
OFF-AR-10001898,Office Supplies,Art,15,45,1115.0
OFF-AR-10001915,Office Supplies,Art,7,31,289.0
OFF-AR-10001919,Office Supplies,Art,7,17,32.0
OFF-AR-10001922,Office Supplies,Art,5,16,133.0
OFF-AR-10001940,Office Supplies,Art,4,15,45.0
OFF-AR-10001952,Office Supplies,Art,4,11,491.0
OFF-AR-10001953,Office Supplies,Art,7,27,1073.0
OFF-AR-10001954,Office Supplies,Art,4,17,76.0
OFF-AR-10001955,Office Supplies,Art,8,28,512.0
OFF-AR-10001958,Office Supplies,Art,7,19,275.0
OFF-AR-10001965,Office Supplies,Art,7,30,776.0
OFF-AR-10001972,Office Supplies,Art,3,14,20.0
OFF-AR-10001988,Office Supplies,Art,3,13,78.0
OFF-AR-10001991,Office Supplies,Art,6,23,309.0
OFF-AR-10002022,Office Supplies,Art,4,10,466.0
OFF-AR-10002036,Office Supplies,Art,5,17,369.0
OFF-AR-10002037,Office Supplies,Art,10,36,1644.0
OFF-AR-10002053,Office Supplies,Art,7,29,82.0
OFF-AR-10002055,Office Supplies,Art,8,25,342.0
OFF-AR-10002060,Office Supplies,Art,2,4,29.0
OFF-AR-10002067,Office Supplies,Art,6,27,531.0
OFF-AR-10002094,Office Supplies,Art,11,33,825.0
OFF-AR-10002096,Office Supplies,Art,2,7,119.0
OFF-AR-10002105,Office Supplies,Art,4,8,140.0
OFF-AR-10002109,Office Supplies,Art,13,44,1898.0
OFF-AR-10002111,Office Supplies,Art,4,14,199.0
OFF-AR-10002113,Office Supplies,Art,15,42,723.0
OFF-AR-10002115,Office Supplies,Art,6,17,608.0
OFF-AR-10002116,Office Supplies,Art,12,40,548.0
OFF-AR-10002135,Office Supplies,Art,5,25,1167.0
OFF-AR-10002144,Office Supplies,Art,5,29,245.0
OFF-AR-10002145,Office Supplies,Art,6,22,1026.0
OFF-AR-10002153,Office Supplies,Art,2,7,23.0
OFF-AR-10002156,Office Supplies,Art,12,51,699.0
OFF-AR-10002165,Office Supplies,Art,12,54,2694.0
OFF-AR-10002221,Office Supplies,Art,3,8,18.0
OFF-AR-10002236,Office Supplies,Art,5,14,343.0
OFF-AR-10002240,Office Supplies,Art,4,16,573.0
OFF-AR-10002255,Office Supplies,Art,16,49,1843.0
OFF-AR-10002256,Office Supplies,Art,6,18,767.0
OFF-AR-10002257,Office Supplies,Art,6,18,50.0
OFF-AR-10002260,Office Supplies,Art,5,14,179.0
OFF-AR-10002280,Office Supplies,Art,2,9,55.0
OFF-AR-10002331,Office Supplies,Art,1,8,411.0
OFF-AR-10002335,Office Supplies,Art,12,41,734.0
OFF-AR-10002340,Office Supplies,Art,7,32,773.0
OFF-AR-10002346,Office Supplies,Art,5,13,175.0
OFF-AR-10002364,Office Supplies,Art,5,10,114.0
OFF-AR-10002375,Office Supplies,Art,7,26,82.0
OFF-AR-10002380,Office Supplies,Art,6,27,331.0
OFF-AR-10002382,Office Supplies,Art,8,33,891.0
OFF-AR-10002389,Office Supplies,Art,5,15,180.0
OFF-AR-10002392,Office Supplies,Art,5,17,228.0
OFF-AR-10002399,Office Supplies,Art,7,27,110.0
OFF-AR-10002400,Office Supplies,Art,4,16,288.0
OFF-AR-10002415,Office Supplies,Art,1,3,40.0
OFF-AR-10002417,Office Supplies,Art,9,30,1192.0
OFF-AR-10002419,Office Supplies,Art,1,2,13.0
OFF-AR-10002433,Office Supplies,Art,12,43,429.0
OFF-AR-10002440,Office Supplies,Art,3,16,170.0
OFF-AR-10002445,Office Supplies,Art,7,30,208.0
OFF-AR-10002447,Office Supplies,Art,7,34,1571.0
OFF-AR-10002454,Office Supplies,Art,15,51,2609.0
OFF-AR-10002458,Office Supplies,Art,2,10,356.0
OFF-AR-10002467,Office Supplies,Art,3,13,38.0
OFF-AR-10002485,Office Supplies,Art,12,44,1140.0
OFF-AR-10002486,Office Supplies,Art,5,20,387.0
OFF-AR-10002499,Office Supplies,Art,4,22,388.0
OFF-AR-10002513,Office Supplies,Art,6,24,996.0
OFF-AR-10002517,Office Supplies,Art,1,2,23.0
OFF-AR-10002535,Office Supplies,Art,8,24,384.0
OFF-AR-10002538,Office Supplies,Art,4,17,540.0
OFF-AR-10002564,Office Supplies,Art,7,16,143.0
OFF-AR-10002575,Office Supplies,Art,1,4,121.0
OFF-AR-10002578,Office Supplies,Art,4,12,36.0
OFF-AR-10002583,Office Supplies,Art,4,25,410.0
OFF-AR-10002605,Office Supplies,Art,3,17,505.0
OFF-AR-10002640,Office Supplies,Art,14,55,779.0
OFF-AR-10002650,Office Supplies,Art,5,15,216.0
OFF-AR-10002656,Office Supplies,Art,5,24,149.0
OFF-AR-10002665,Office Supplies,Art,7,22,487.0
OFF-AR-10002671,Office Supplies,Art,1,8,1.113
OFF-AR-10002672,Office Supplies,Art,10,32,538.0
OFF-AR-10002677,Office Supplies,Art,12,54,712.0
OFF-AR-10002681,Office Supplies,Art,13,57,2721.0
OFF-AR-10002704,Office Supplies,Art,1,1,15.0
OFF-AR-10002706,Office Supplies,Art,8,31,914.0
OFF-AR-10002710,Office Supplies,Art,4,12,82.0
OFF-AR-10002714,Office Supplies,Art,1,8,322.0
OFF-AR-10002727,Office Supplies,Art,7,26,611.0
OFF-AR-10002745,Office Supplies,Art,2,7,222.0
OFF-AR-10002747,Office Supplies,Art,7,20,1065.0
OFF-AR-10002766,Office Supplies,Art,4,22,56.0
OFF-AR-10002783,Office Supplies,Art,12,58,1376.0
OFF-AR-10002797,Office Supplies,Art,7,33,463.0
OFF-AR-10002800,Office Supplies,Art,3,6,171.0
OFF-AR-10002802,Office Supplies,Art,7,35,697.0
OFF-AR-10002804,Office Supplies,Art,5,8,38.0
OFF-AR-10002805,Office Supplies,Art,20,74,3463.0
OFF-AR-10002811,Office Supplies,Art,1,2,7.0
OFF-AR-10002816,Office Supplies,Art,11,44,2225.0
OFF-AR-10002818,Office Supplies,Art,2,9,198.0
OFF-AR-10002824,Office Supplies,Art,9,44,740.0
OFF-AR-10002833,Office Supplies,Art,6,18,29.0
OFF-AR-10002847,Office Supplies,Art,3,13,136.0
OFF-AR-10002852,Office Supplies,Art,11,36,396.0
OFF-AR-10002882,Office Supplies,Art,8,30,940.0
OFF-AR-10002897,Office Supplies,Art,4,11,235.0
OFF-AR-10002902,Office Supplies,Art,11,37,1852.0
OFF-AR-10002939,Office Supplies,Art,7,35,626.0
OFF-AR-10002952,Office Supplies,Art,4,24,294.0
OFF-AR-10002956,Office Supplies,Art,6,23,444.0
OFF-AR-10002975,Office Supplies,Art,7,36,1048.0
OFF-AR-10002987,Office Supplies,Art,7,24,437.0
OFF-AR-10002991,Office Supplies,Art,10,39,895.0
OFF-AR-10003005,Office Supplies,Art,12,35,904.0
OFF-AR-10003012,Office Supplies,Art,12,49,1148.0
OFF-AR-10003021,Office Supplies,Art,4,19,885.0
OFF-AR-10003023,Office Supplies,Art,2,4,72.0
OFF-AR-10003028,Office Supplies,Art,2,5,83.0
OFF-AR-10003031,Office Supplies,Art,12,43,439.0
OFF-AR-10003045,Office Supplies,Art,7,32,91.0
OFF-AR-10003046,Office Supplies,Art,7,23,1004.0
OFF-AR-10003056,Office Supplies,Art,7,23,97.0
OFF-AR-10003066,Office Supplies,Art,17,84,2184.0
OFF-AR-10003077,Office Supplies,Art,4,11,203.0
OFF-AR-10003085,Office Supplies,Art,1,2,45.0
OFF-AR-10003087,Office Supplies,Art,3,15,25.0
OFF-AR-10003096,Office Supplies,Art,5,24,569.0
OFF-AR-10003110,Office Supplies,Art,7,24,1062.0
OFF-AR-10003113,Office Supplies,Art,15,66,673.0
OFF-AR-10003117,Office Supplies,Art,15,42,1036.0
OFF-AR-10003123,Office Supplies,Art,4,15,453.0
OFF-AR-10003156,Office Supplies,Art,5,14,137.0
OFF-AR-10003157,Office Supplies,Art,1,2,19.0
OFF-AR-10003158,Office Supplies,Art,5,26,91.0
OFF-AR-10003179,Office Supplies,Art,13,44,516.0
OFF-AR-10003183,Office Supplies,Art,8,24,66.0
OFF-AR-10003190,Office Supplies,Art,6,17,49.0
OFF-AR-10003217,Office Supplies,Art,13,47,600.0
OFF-AR-10003228,Office Supplies,Art,2,10,306.0
OFF-AR-10003245,Office Supplies,Art,5,29,965.0
OFF-AR-10003247,Office Supplies,Art,14,59,1251.0
OFF-AR-10003249,Office Supplies,Art,1,2,61.0
OFF-AR-10003251,Office Supplies,Art,7,17,45.0
OFF-AR-10003253,Office Supplies,Art,1,4,70.0
OFF-AR-10003281,Office Supplies,Art,2,6,58.0
OFF-AR-10003291,Office Supplies,Art,3,12,286.0
OFF-AR-10003321,Office Supplies,Art,3,16,183.0
OFF-AR-10003336,Office Supplies,Art,8,34,592.0
OFF-AR-10003338,Office Supplies,Art,7,20,140.0
OFF-AR-10003369,Office Supplies,Art,4,7,205.0
OFF-AR-10003373,Office Supplies,Art,7,32,873.0
OFF-AR-10003377,Office Supplies,Art,13,57,1592.0
OFF-AR-10003384,Office Supplies,Art,9,29,496.0
OFF-AR-10003394,Office Supplies,Art,5,24,68.0
OFF-AR-10003405,Office Supplies,Art,4,19,96.0
OFF-AR-10003446,Office Supplies,Art,6,23,437.0
OFF-AR-10003448,Office Supplies,Art,3,14,361.0
OFF-AR-10003450,Office Supplies,Art,8,29,766.0
OFF-AR-10003457,Office Supplies,Art,9,36,1680.0
OFF-AR-10003461,Office Supplies,Art,7,13,310.0
OFF-AR-10003466,Office Supplies,Art,7,17,245.0
OFF-AR-10003469,Office Supplies,Art,8,27,44.0
OFF-AR-10003477,Office Supplies,Art,1,6,8.0
OFF-AR-10003478,Office Supplies,Art,6,31,220.0
OFF-AR-10003481,Office Supplies,Art,6,24,66.0
OFF-AR-10003504,Office Supplies,Art,7,32,126.0
OFF-AR-10003514,Office Supplies,Art,8,44,172.0
OFF-AR-10003521,Office Supplies,Art,9,27,375.0
OFF-AR-10003532,Office Supplies,Art,1,1,18.0
OFF-AR-10003536,Office Supplies,Art,6,25,625.0
OFF-AR-10003551,Office Supplies,Art,5,11,101.0
OFF-AR-10003554,Office Supplies,Art,6,25,962.0
OFF-AR-10003557,Office Supplies,Art,1,2,38.0
OFF-AR-10003560,Office Supplies,Art,6,20,100.0
OFF-AR-10003582,Office Supplies,Art,15,47,1262.0
OFF-AR-10003592,Office Supplies,Art,5,12,248.0
OFF-AR-10003602,Office Supplies,Art,7,15,82.0
OFF-AR-10003613,Office Supplies,Art,5,31,1291.0
OFF-AR-10003620,Office Supplies,Art,1,8,257.0
OFF-AR-10003629,Office Supplies,Art,13,51,2840.0
OFF-AR-10003630,Office Supplies,Art,9,33,1252.0
OFF-AR-10003631,Office Supplies,Art,4,30,124.0
OFF-AR-10003633,Office Supplies,Art,12,38,1808.0
OFF-AR-10003651,Office Supplies,Art,35,163,2882.0
OFF-AR-10003658,Office Supplies,Art,12,38,1051.0
OFF-AR-10003673,Office Supplies,Art,4,11,247.0
OFF-AR-10003674,Office Supplies,Art,3,11,236.0
OFF-AR-10003680,Office Supplies,Art,9,19,349.0
OFF-AR-10003683,Office Supplies,Art,2,8,399.0
OFF-AR-10003684,Office Supplies,Art,6,10,467.0
OFF-AR-10003685,Office Supplies,Art,3,11,358.0
OFF-AR-10003688,Office Supplies,Art,1,5,67.0
OFF-AR-10003691,Office Supplies,Art,6,20,495.0
OFF-AR-10003696,Office Supplies,Art,3,4,125.0
OFF-AR-10003723,Office Supplies,Art,2,6,20.0
OFF-AR-10003727,Office Supplies,Art,4,17,255.0
OFF-AR-10003732,Office Supplies,Art,11,33,87.0
OFF-AR-10003738,Office Supplies,Art,3,10,418.0
OFF-AR-10003752,Office Supplies,Art,5,17,182.0
OFF-AR-10003758,Office Supplies,Art,4,9,269.0
OFF-AR-10003759,Office Supplies,Art,7,35,60.0
OFF-AR-10003766,Office Supplies,Art,5,13,424.0
OFF-AR-10003770,Office Supplies,Art,2,9,26.0
OFF-AR-10003772,Office Supplies,Art,2,5,44.0
OFF-AR-10003774,Office Supplies,Art,7,25,982.0
OFF-AR-10003794,Office Supplies,Art,6,22,273.0
OFF-AR-10003806,Office Supplies,Art,1,2,95.0
OFF-AR-10003811,Office Supplies,Art,4,18,41.0
OFF-AR-10003816,Office Supplies,Art,7,25,258.0
OFF-AR-10003829,Office Supplies,Art,31,117,1730.0
OFF-AR-10003856,Office Supplies,Art,6,18,45.0
OFF-AR-10003875,Office Supplies,Art,11,38,479.0
OFF-AR-10003876,Office Supplies,Art,2,9,26.0
OFF-AR-10003890,Office Supplies,Art,1,6,72.0
OFF-AR-10003896,Office Supplies,Art,1,3,18.0
OFF-AR-10003897,Office Supplies,Art,5,19,227.0
OFF-AR-10003903,Office Supplies,Art,4,14,566.0
OFF-AR-10003913,Office Supplies,Art,5,19,205.0
OFF-AR-10003914,Office Supplies,Art,6,24,796.0
OFF-AR-10003957,Office Supplies,Art,5,14,561.0
OFF-AR-10003958,Office Supplies,Art,2,4,10.0
OFF-AR-10003962,Office Supplies,Art,4,24,416.0
OFF-AR-10003978,Office Supplies,Art,4,8,310.0
OFF-AR-10003986,Office Supplies,Art,1,2,8.0
OFF-AR-10003989,Office Supplies,Art,4,16,259.0
OFF-AR-10004009,Office Supplies,Art,4,25,453.0
OFF-AR-10004010,Office Supplies,Art,12,62,1347.0
OFF-AR-10004012,Office Supplies,Art,5,24,224.0
OFF-AR-10004022,Office Supplies,Art,6,22,705.0
OFF-AR-10004027,Office Supplies,Art,3,8,18.0
OFF-AR-10004042,Office Supplies,Art,6,30,496.0
OFF-AR-10004049,Office Supplies,Art,1,4,49.0
OFF-AR-10004062,Office Supplies,Art,3,15,157.0
OFF-AR-10004068,Office Supplies,Art,5,17,459.0
OFF-AR-10004077,Office Supplies,Art,3,8,108.0
OFF-AR-10004078,Office Supplies,Art,11,49,235.0
OFF-AR-10004109,Office Supplies,Art,7,19,631.0
OFF-AR-10004115,Office Supplies,Art,8,31,586.0
OFF-AR-10004116,Office Supplies,Art,1,2,58.0
OFF-AR-10004132,Office Supplies,Art,3,10,83.0
OFF-AR-10004138,Office Supplies,Art,7,31,271.0
OFF-AR-10004139,Office Supplies,Art,2,10,412.0
OFF-AR-10004148,Office Supplies,Art,4,12,122.0
OFF-AR-10004151,Office Supplies,Art,11,40,1849.0
OFF-AR-10004153,Office Supplies,Art,5,8,123.0
OFF-AR-10004165,Office Supplies,Art,3,12,26.0
OFF-AR-10004173,Office Supplies,Art,4,7,49.0
OFF-AR-10004215,Office Supplies,Art,1,6,84.0
OFF-AR-10004218,Office Supplies,Art,11,32,685.0
OFF-AR-10004219,Office Supplies,Art,3,13,328.0
OFF-AR-10004260,Office Supplies,Art,3,15,390.0
OFF-AR-10004269,Office Supplies,Art,5,24,95.0
OFF-AR-10004272,Office Supplies,Art,2,5,8.0
OFF-AR-10004303,Office Supplies,Art,6,25,469.0
OFF-AR-10004344,Office Supplies,Art,6,31,331.0
OFF-AR-10004348,Office Supplies,Art,7,15,463.0
OFF-AR-10004360,Office Supplies,Art,8,24,219.0
OFF-AR-10004362,Office Supplies,Art,1,2,29.0
OFF-AR-10004373,Office Supplies,Art,6,17,272.0
OFF-AR-10004422,Office Supplies,Art,4,19,422.0
OFF-AR-10004424,Office Supplies,Art,6,18,405.0
OFF-AR-10004441,Office Supplies,Art,7,23,85.0
OFF-AR-10004454,Office Supplies,Art,5,14,132.0
OFF-AR-10004456,Office Supplies,Art,8,29,540.0
OFF-AR-10004485,Office Supplies,Art,2,4,36.0
OFF-AR-10004486,Office Supplies,Art,9,36,1602.0
OFF-AR-10004492,Office Supplies,Art,17,69,3652.0
OFF-AR-10004511,Office Supplies,Art,2,11,48.0
OFF-AR-10004519,Office Supplies,Art,20,86,4313.0
OFF-AR-10004552,Office Supplies,Art,1,1,26.0
OFF-AR-10004559,Office Supplies,Art,1,1,7.0
OFF-AR-10004582,Office Supplies,Art,5,17,24.0
OFF-AR-10004587,Office Supplies,Art,2,3,60.0
OFF-AR-10004594,Office Supplies,Art,4,18,487.0
OFF-AR-10004602,Office Supplies,Art,7,25,534.0
OFF-AR-10004614,Office Supplies,Art,3,7,201.0
OFF-AR-10004648,Office Supplies,Art,4,17,341.0
OFF-AR-10004651,Office Supplies,Art,5,24,362.0
OFF-AR-10004652,Office Supplies,Art,1,3,15.0
OFF-AR-10004656,Office Supplies,Art,4,14,619.0
OFF-AR-10004685,Office Supplies,Art,7,20,88.0
OFF-AR-10004691,Office Supplies,Art,3,8,171.0
OFF-AR-10004707,Office Supplies,Art,2,4,9.0
OFF-AR-10004739,Office Supplies,Art,10,44,2187.0
OFF-AR-10004744,Office Supplies,Art,1,2,93.0
OFF-AR-10004746,Office Supplies,Art,1,4,40.0
OFF-AR-10004748,Office Supplies,Art,3,12,242.0
OFF-AR-10004749,Office Supplies,Art,5,37,1569.0
OFF-AR-10004752,Office Supplies,Art,4,19,49.0
OFF-AR-10004757,Office Supplies,Art,11,40,122.0
OFF-AR-10004772,Office Supplies,Art,6,27,314.0
OFF-AR-10004780,Office Supplies,Art,5,18,339.0
OFF-AR-10004790,Office Supplies,Art,2,5,48.0
OFF-AR-10004817,Office Supplies,Art,3,11,51.0
OFF-AR-10004818,Office Supplies,Art,10,25,374.0
OFF-AR-10004825,Office Supplies,Art,22,77,3947.0
OFF-AR-10004881,Office Supplies,Art,10,40,1768.0
OFF-AR-10004884,Office Supplies,Art,10,31,325.0
OFF-AR-10004900,Office Supplies,Art,9,29,1324.0
OFF-AR-10004918,Office Supplies,Art,1,2,26.0
OFF-AR-10004920,Office Supplies,Art,6,25,698.0
OFF-AR-10004930,Office Supplies,Art,3,6,38.0
OFF-AR-10004956,Office Supplies,Art,3,10,48.0
OFF-AR-10004961,Office Supplies,Art,2,8,220.0
OFF-AR-10004974,Office Supplies,Art,1,3,10.0
OFF-AR-10004986,Office Supplies,Art,10,37,535.0
OFF-AR-10004990,Office Supplies,Art,4,21,328.0
OFF-AR-10004999,Office Supplies,Art,6,25,146.0
OFF-AVE-10000065,Office Supplies,Labels,5,12,98.0
OFF-AVE-10000110,Office Supplies,Labels,4,6,34.0
OFF-AVE-10000357,Office Supplies,Binders,7,22,196.0
OFF-AVE-10000418,Office Supplies,Labels,2,2,18.0
OFF-AVE-10000432,Office Supplies,Binders,11,30,145.0
OFF-AVE-10000543,Office Supplies,Binders,11,21,47.0
OFF-AVE-10000585,Office Supplies,Labels,2,3,27.0
OFF-AVE-10000608,Office Supplies,Binders,13,36,239.0
OFF-AVE-10000802,Office Supplies,Labels,2,3,26.0
OFF-AVE-10000894,Office Supplies,Labels,4,10,81.0
OFF-AVE-10000909,Office Supplies,Labels,7,21,249.0
OFF-AVE-10001079,Office Supplies,Labels,2,3,27.0
OFF-AVE-10001367,Office Supplies,Labels,1,1,11.0
OFF-AVE-10001473,Office Supplies,Labels,4,19,215.0
OFF-AVE-10001750,Office Supplies,Binders,12,27,640.0
OFF-AVE-10001847,Office Supplies,Binders,11,16,110.0
OFF-AVE-10002014,Office Supplies,Labels,4,8,58.0
OFF-AVE-10002024,Office Supplies,Binders,10,30,168.0
OFF-AVE-10002079,Office Supplies,Binders,9,23,749.0
OFF-AVE-10002102,Office Supplies,Binders,9,15,348.0
OFF-AVE-10002102,Office Supplies,Labels,3,4,20.0
OFF-AVE-10002311,Office Supplies,Binders,4,15,158.0
OFF-AVE-10002892,Office Supplies,Binders,14,24,538.0
OFF-AVE-10003279,Office Supplies,Binders,14,26,140.0
OFF-AVE-10003465,Office Supplies,Binders,11,16,200.0
OFF-AVE-10003504,Office Supplies,Labels,6,10,95.0
OFF-AVE-10003549,Office Supplies,Binders,9,29,1358.0
OFF-AVE-10003558,Office Supplies,Labels,4,18,126.0
OFF-AVE-10003740,Office Supplies,Binders,15,36,1483.0
OFF-AVE-10004148,Office Supplies,Labels,3,6,71.0
OFF-AVE-10004159,Office Supplies,Labels,4,13,124.0
OFF-AVE-10004251,Office Supplies,Binders,9,22,1013.0
OFF-AVE-10004308,Office Supplies,Binders,11,23,282.0
OFF-AVE-10004310,Office Supplies,Labels,4,17,147.0
OFF-AVE-10004312,Office Supplies,Binders,10,24,135.0
OFF-AVE-10004404,Office Supplies,Labels,5,10,84.0
OFF-AVE-10004412,Office Supplies,Labels,2,4,34.0
OFF-AVE-10004508,Office Supplies,Labels,6,9,42.0
OFF-AVE-10004512,Office Supplies,Binders,17,57,242.0
OFF-AVE-10004536,Office Supplies,Labels,2,3,19.0
OFF-AVE-10004556,Office Supplies,Binders,13,60,235.0
OFF-AVE-10004570,Office Supplies,Binders,9,13,97.0
OFF-AVE-10004708,Office Supplies,Binders,13,18,213.0
OFF-AVE-10004732,Office Supplies,Labels,3,5,14.0
OFF-AVE-10004827,Office Supplies,Binders,14,21,171.0
OFF-AVE-10004828,Office Supplies,Labels,5,14,138.0
OFF-AVE-10004909,Office Supplies,Binders,12,22,544.0
OFF-BI-10000006,Office Supplies,Binders,10,45,716.0
OFF-BI-10000014,Office Supplies,Binders,8,29,175.0
OFF-BI-10000029,Office Supplies,Binders,8,28,947.0
OFF-BI-10000042,Office Supplies,Binders,12,36,222.0
OFF-BI-10000050,Office Supplies,Binders,10,42,199.0
OFF-BI-10000051,Office Supplies,Binders,1,5,69.0
OFF-BI-10000069,Office Supplies,Binders,8,38,434.0
OFF-BI-10000070,Office Supplies,Binders,4,11,187.0
OFF-BI-10000081,Office Supplies,Binders,8,35,285.0
OFF-BI-10000088,Office Supplies,Binders,8,36,242.0
OFF-BI-10000089,Office Supplies,Binders,12,56,1348.0
OFF-BI-10000106,Office Supplies,Binders,8,28,115.0
OFF-BI-10000115,Office Supplies,Binders,12,43,236.0
OFF-BI-10000121,Office Supplies,Binders,9,35,228.0
OFF-BI-10000124,Office Supplies,Binders,11,63,446.0
OFF-BI-10000126,Office Supplies,Binders,4,13,66.0
OFF-BI-10000136,Office Supplies,Binders,13,51,281.0
OFF-BI-10000138,Office Supplies,Binders,8,31,92.0
OFF-BI-10000145,Office Supplies,Binders,13,44,81.0
OFF-BI-10000168,Office Supplies,Binders,12,39,205.0
OFF-BI-10000171,Office Supplies,Binders,11,43,266.0
OFF-BI-10000172,Office Supplies,Binders,1,6,30.0
OFF-BI-10000174,Office Supplies,Binders,9,47,192.0
OFF-BI-10000179,Office Supplies,Binders,20,56,1434.0
OFF-BI-10000185,Office Supplies,Binders,10,40,329.0
OFF-BI-10000188,Office Supplies,Binders,14,46,147.0
OFF-BI-10000201,Office Supplies,Binders,6,25,25.0
OFF-BI-10000206,Office Supplies,Binders,7,26,276.0
OFF-BI-10000216,Office Supplies,Binders,3,9,55.0
OFF-BI-10000232,Office Supplies,Binders,3,8,158.0
OFF-BI-10000267,Office Supplies,Binders,7,27,152.0
OFF-BI-10000279,Office Supplies,Binders,4,10,85.0
OFF-BI-10000280,Office Supplies,Binders,10,52,231.0
OFF-BI-10000282,Office Supplies,Binders,8,31,450.0
OFF-BI-10000285,Office Supplies,Binders,5,22,73.0
OFF-BI-10000287,Office Supplies,Binders,1,4,27.0
OFF-BI-10000289,Office Supplies,Binders,13,57,649.0
OFF-BI-10000301,Office Supplies,Binders,13,50,166.0
OFF-BI-10000305,Office Supplies,Binders,7,22,226.0
OFF-BI-10000308,Office Supplies,Binders,6,34,460.0
OFF-BI-10000309,Office Supplies,Binders,9,35,268.0
OFF-BI-10000312,Office Supplies,Binders,14,49,569.0
OFF-BI-10000315,Office Supplies,Binders,7,35,452.0
OFF-BI-10000320,Office Supplies,Binders,10,30,173.0
OFF-BI-10000323,Office Supplies,Binders,9,30,822.0
OFF-BI-10000325,Office Supplies,Binders,13,45,294.0
OFF-BI-10000328,Office Supplies,Binders,10,34,1552.0
OFF-BI-10000329,Office Supplies,Binders,13,46,699.0
OFF-BI-10000335,Office Supplies,Binders,11,38,670.0
OFF-BI-10000340,Office Supplies,Binders,9,36,1579.0
OFF-BI-10000341,Office Supplies,Binders,19,75,3549.0
OFF-BI-10000343,Office Supplies,Binders,12,44,103.0
OFF-BI-10000346,Office Supplies,Binders,15,61,1720.0
OFF-BI-10000348,Office Supplies,Binders,5,25,140.0
OFF-BI-10000359,Office Supplies,Binders,1,2,30.0
OFF-BI-10000368,Office Supplies,Binders,15,57,706.0
OFF-BI-10000373,Office Supplies,Binders,5,16,98.0
OFF-BI-10000389,Office Supplies,Binders,12,55,2592.0
OFF-BI-10000390,Office Supplies,Binders,1,2,4.0
OFF-BI-10000397,Office Supplies,Binders,1,3,5.0
OFF-BI-10000404,Office Supplies,Binders,13,40,227.0
OFF-BI-10000419,Office Supplies,Binders,4,18,341.0
OFF-BI-10000423,Office Supplies,Binders,10,29,556.0
OFF-BI-10000439,Office Supplies,Binders,4,12,71.0
OFF-BI-10000440,Office Supplies,Binders,10,46,427.0
OFF-BI-10000474,Office Supplies,Binders,7,32,197.0
OFF-BI-10000482,Office Supplies,Binders,6,30,746.0
OFF-BI-10000490,Office Supplies,Binders,6,31,260.0
OFF-BI-10000494,Office Supplies,Binders,4,6,11.0
OFF-BI-10000501,Office Supplies,Binders,4,14,127.0
OFF-BI-10000506,Office Supplies,Binders,11,41,380.0
OFF-BI-10000517,Office Supplies,Binders,11,48,476.0
OFF-BI-10000518,Office Supplies,Binders,6,24,141.0
OFF-BI-10000538,Office Supplies,Binders,13,45,2127.0
OFF-BI-10000542,Office Supplies,Binders,23,77,1631.0
OFF-BI-10000545,Office Supplies,Binders,9,48,1235.808
OFF-BI-10000546,Office Supplies,Binders,12,50,88.0
OFF-BI-10000561,Office Supplies,Binders,4,11,557.0
OFF-BI-10000563,Office Supplies,Binders,13,64,441.0
OFF-BI-10000583,Office Supplies,Binders,6,31,102.0
OFF-BI-10000590,Office Supplies,Binders,6,20,814.0
OFF-BI-10000591,Office Supplies,Binders,4,8,26.0
OFF-BI-10000605,Office Supplies,Binders,9,28,90.0
OFF-BI-10000620,Office Supplies,Binders,13,61,393.0
OFF-BI-10000621,Office Supplies,Binders,3,12,344.0
OFF-BI-10000631,Office Supplies,Binders,1,1,7.0
OFF-BI-10000632,Office Supplies,Binders,11,38,1219.0
OFF-BI-10000636,Office Supplies,Binders,2,9,39.0
OFF-BI-10000666,Office Supplies,Binders,8,29,655.0
OFF-BI-10000698,Office Supplies,Binders,7,25,96.0
OFF-BI-10000707,Office Supplies,Binders,1,1,17.0
OFF-BI-10000719,Office Supplies,Binders,6,20,47.0
OFF-BI-10000721,Office Supplies,Binders,12,53,731.0
OFF-BI-10000724,Office Supplies,Binders,1,2,10.0
OFF-BI-10000725,Office Supplies,Binders,1,2,101.0
OFF-BI-10000734,Office Supplies,Binders,8,27,1253.0
OFF-BI-10000756,Office Supplies,Binders,8,39,94.0
OFF-BI-10000765,Office Supplies,Binders,7,20,69.0
OFF-BI-10000769,Office Supplies,Binders,8,32,262.0
OFF-BI-10000773,Office Supplies,Binders,8,25,66.0
OFF-BI-10000777,Office Supplies,Binders,8,28,356.0
OFF-BI-10000778,Office Supplies,Binders,4,15,497.0
OFF-BI-10000787,Office Supplies,Binders,2,12,48.0
OFF-BI-10000806,Office Supplies,Binders,9,38,255.0
OFF-BI-10000813,Office Supplies,Binders,9,39,1175.0
OFF-BI-10000814,Office Supplies,Binders,11,38,290.0
OFF-BI-10000815,Office Supplies,Binders,8,25,790.0
OFF-BI-10000816,Office Supplies,Binders,7,18,341.0
OFF-BI-10000821,Office Supplies,Binders,10,27,130.0
OFF-BI-10000822,Office Supplies,Binders,5,17,68.0
OFF-BI-10000827,Office Supplies,Binders,10,40,385.0
OFF-BI-10000829,Office Supplies,Binders,7,35,142.0
OFF-BI-10000831,Office Supplies,Binders,3,9,10.0
OFF-BI-10000844,Office Supplies,Binders,6,23,91.0
OFF-BI-10000848,Office Supplies,Binders,6,14,39.0
OFF-BI-10000854,Office Supplies,Binders,9,36,425.0
OFF-BI-10000871,Office Supplies,Binders,10,43,468.0
OFF-BI-10000880,Office Supplies,Binders,4,29,314.0
OFF-BI-10000894,Office Supplies,Binders,16,57,561.0
OFF-BI-10000925,Office Supplies,Binders,10,41,98.0
OFF-BI-10000928,Office Supplies,Binders,6,12,152.0
OFF-BI-10000930,Office Supplies,Binders,8,43,81.0
OFF-BI-10000948,Office Supplies,Binders,6,17,146.0
OFF-BI-10000960,Office Supplies,Binders,1,2,5.0
OFF-BI-10000962,Office Supplies,Binders,10,36,411.0
OFF-BI-10000963,Office Supplies,Binders,10,31,168.0
OFF-BI-10000968,Office Supplies,Binders,1,2,14.0
OFF-BI-10000972,Office Supplies,Binders,15,63,1872.0
OFF-BI-10000977,Office Supplies,Binders,13,47,1100.0
OFF-BI-10001002,Office Supplies,Binders,9,55,410.0
OFF-BI-10001028,Office Supplies,Binders,8,22,536.0
OFF-BI-10001031,Office Supplies,Binders,8,27,99.0
OFF-BI-10001032,Office Supplies,Binders,5,23,823.0
OFF-BI-10001036,Office Supplies,Binders,8,40,209.0
OFF-BI-10001049,Office Supplies,Binders,1,4,21.0
OFF-BI-10001055,Office Supplies,Binders,9,30,162.0
OFF-BI-10001058,Office Supplies,Binders,10,40,1960.0
OFF-BI-10001067,Office Supplies,Binders,5,22,221.0
OFF-BI-10001071,Office Supplies,Binders,7,31,1574.0
OFF-BI-10001072,Office Supplies,Binders,4,15,136.0
OFF-BI-10001078,Office Supplies,Binders,7,37,176.0
OFF-BI-10001089,Office Supplies,Binders,1,3,40.0
OFF-BI-10001096,Office Supplies,Binders,7,28,389.0
OFF-BI-10001097,Office Supplies,Binders,10,36,194.0
OFF-BI-10001098,Office Supplies,Binders,9,31,234.0
OFF-BI-10001107,Office Supplies,Binders,7,31,269.0
OFF-BI-10001116,Office Supplies,Binders,10,46,116.0
OFF-BI-10001119,Office Supplies,Binders,16,51,287.0
OFF-BI-10001120,Office Supplies,Binders,3,13,15.876
OFF-BI-10001124,Office Supplies,Binders,17,60,697.0
OFF-BI-10001132,Office Supplies,Binders,4,23,63.0
OFF-BI-10001135,Office Supplies,Binders,1,2,7.0
OFF-BI-10001138,Office Supplies,Binders,11,36,918.0
OFF-BI-10001150,Office Supplies,Binders,4,9,44.0
OFF-BI-10001153,Office Supplies,Binders,4,8,142.0
OFF-BI-10001167,Office Supplies,Binders,3,5,29.0
OFF-BI-10001183,Office Supplies,Binders,5,19,346.0
OFF-BI-10001191,Office Supplies,Binders,17,75,567.0
OFF-BI-10001192,Office Supplies,Binders,7,40,531.0
OFF-BI-10001196,Office Supplies,Binders,4,17,240.0
OFF-BI-10001199,Office Supplies,Binders,10,32,182.0
OFF-BI-10001200,Office Supplies,Binders,8,33,364.0
OFF-BI-10001248,Office Supplies,Binders,9,43,311.0
OFF-BI-10001249,Office Supplies,Binders,22,80,411.0
OFF-BI-10001253,Office Supplies,Binders,13,60,785.0
OFF-BI-10001254,Office Supplies,Binders,11,33,1004.0
OFF-BI-10001266,Office Supplies,Binders,6,23,610.0
OFF-BI-10001267,Office Supplies,Binders,5,20,73.0
OFF-BI-10001275,Office Supplies,Binders,9,42,167.0
OFF-BI-10001279,Office Supplies,Binders,1,3,24.0
OFF-BI-10001284,Office Supplies,Binders,1,2,3.0
OFF-BI-10001286,Office Supplies,Binders,7,27,200.0
OFF-BI-10001293,Office Supplies,Binders,6,19,480.0
OFF-BI-10001294,Office Supplies,Binders,5,31,271.0
OFF-BI-10001304,Office Supplies,Binders,6,24,466.0
OFF-BI-10001305,Office Supplies,Binders,1,4,53.0
OFF-BI-10001308,Office Supplies,Binders,8,30,110.0
OFF-BI-10001312,Office Supplies,Binders,5,18,510.0
OFF-BI-10001324,Office Supplies,Binders,17,68,1074.0
OFF-BI-10001326,Office Supplies,Binders,8,29,356.0
OFF-BI-10001347,Office Supplies,Binders,2,2,19.0
OFF-BI-10001359,Office Supplies,Binders,11,37,2349.492
OFF-BI-10001362,Office Supplies,Binders,9,30,239.0
OFF-BI-10001384,Office Supplies,Binders,13,55,675.0
OFF-BI-10001397,Office Supplies,Binders,2,6,68.0
OFF-BI-10001399,Office Supplies,Binders,8,25,239.0
OFF-BI-10001400,Office Supplies,Binders,10,32,858.0
OFF-BI-10001407,Office Supplies,Binders,1,2,27.0
OFF-BI-10001422,Office Supplies,Binders,4,16,256.0
OFF-BI-10001430,Office Supplies,Binders,13,57,216.0
OFF-BI-10001456,Office Supplies,Binders,1,4,31.0
OFF-BI-10001460,Office Supplies,Binders,5,23,269.0
OFF-BI-10001504,Office Supplies,Binders,12,46,1546.0
OFF-BI-10001507,Office Supplies,Binders,19,55,511.0
OFF-BI-10001510,Office Supplies,Binders,7,33,505.0
OFF-BI-10001524,Office Supplies,Binders,14,67,780.0
OFF-BI-10001525,Office Supplies,Binders,8,37,65.0
OFF-BI-10001533,Office Supplies,Binders,10,40,1252.0
OFF-BI-10001543,Office Supplies,Binders,8,30,843.0
OFF-BI-10001544,Office Supplies,Binders,13,59,234.0
OFF-BI-10001546,Office Supplies,Binders,1,2,5.0
OFF-BI-10001553,Office Supplies,Binders,8,22,111.0
OFF-BI-10001568,Office Supplies,Binders,10,43,587.0
OFF-BI-10001575,Office Supplies,Binders,6,18,209.0
OFF-BI-10001597,Office Supplies,Binders,12,47,1218.0
OFF-BI-10001598,Office Supplies,Binders,8,39,119.0
OFF-BI-10001613,Office Supplies,Binders,9,25,107.0
OFF-BI-10001617,Office Supplies,Binders,7,26,184.0
OFF-BI-10001621,Office Supplies,Binders,17,71,3217.0
OFF-BI-10001622,Office Supplies,Binders,9,48,1352.0
OFF-BI-10001628,Office Supplies,Binders,10,39,287.0
OFF-BI-10001634,Office Supplies,Binders,6,21,115.0
OFF-BI-10001636,Office Supplies,Binders,9,41,208.0
OFF-BI-10001639,Office Supplies,Binders,12,47,711.0
OFF-BI-10001643,Office Supplies,Binders,6,24,373.0
OFF-BI-10001645,Office Supplies,Binders,8,31,1509.0
OFF-BI-10001650,Office Supplies,Binders,4,20,512.0
OFF-BI-10001658,Office Supplies,Binders,12,34,466.0
OFF-BI-10001659,Office Supplies,Binders,12,60,404.0
OFF-BI-10001662,Office Supplies,Binders,7,30,288.0
OFF-BI-10001670,Office Supplies,Binders,11,40,900.0
OFF-BI-10001679,Office Supplies,Binders,5,19,72.0
OFF-BI-10001685,Office Supplies,Binders,11,36,226.0
OFF-BI-10001717,Office Supplies,Binders,11,35,208.0
OFF-BI-10001718,Office Supplies,Binders,10,50,2267.0
OFF-BI-10001721,Office Supplies,Binders,4,21,346.0
OFF-BI-10001723,Office Supplies,Binders,17,76,872.0
OFF-BI-10001744,Office Supplies,Binders,6,19,882.0
OFF-BI-10001754,Office Supplies,Binders,13,35,490.0
OFF-BI-10001757,Office Supplies,Binders,10,48,114.0
OFF-BI-10001758,Office Supplies,Binders,4,23,101.0
OFF-BI-10001759,Office Supplies,Binders,5,24,59.0
OFF-BI-10001765,Office Supplies,Binders,6,22,554.0
OFF-BI-10001787,Office Supplies,Binders,4,17,62.0
OFF-BI-10001804,Office Supplies,Binders,10,46,601.0
OFF-BI-10001808,Office Supplies,Binders,24,112,4347.0
OFF-BI-10001815,Office Supplies,Binders,1,2,12.0
OFF-BI-10001819,Office Supplies,Binders,1,4,14.0
OFF-BI-10001820,Office Supplies,Binders,11,36,1638.0
OFF-BI-10001833,Office Supplies,Binders,11,52,381.0
OFF-BI-10001843,Office Supplies,Binders,3,8,48.0
OFF-BI-10001858,Office Supplies,Binders,4,16,806.0
OFF-BI-10001867,Office Supplies,Binders,7,22,275.0
OFF-BI-10001885,Office Supplies,Binders,2,4,44.0
OFF-BI-10001890,Office Supplies,Binders,8,34,79.0
OFF-BI-10001892,Office Supplies,Binders,6,31,153.0
OFF-BI-10001895,Office Supplies,Binders,9,42,1279.0
OFF-BI-10001900,Office Supplies,Binders,15,54,407.0
OFF-BI-10001904,Office Supplies,Binders,8,24,309.0
OFF-BI-10001922,Office Supplies,Binders,5,33,153.0
OFF-BI-10001927,Office Supplies,Binders,1,6,85.0
OFF-BI-10001967,Office Supplies,Binders,8,32,440.0
OFF-BI-10001973,Office Supplies,Binders,1,4,110.0
OFF-BI-10001982,Office Supplies,Binders,7,22,42.0
OFF-BI-10001984,Office Supplies,Binders,10,39,1737.0
OFF-BI-10001987,Office Supplies,Binders,8,23,660.0
OFF-BI-10001989,Office Supplies,Binders,10,43,754.0
OFF-BI-10002003,Office Supplies,Binders,7,27,72.0
OFF-BI-10002005,Office Supplies,Binders,1,2,17.0
OFF-BI-10002012,Office Supplies,Binders,12,49,50.0
OFF-BI-10002026,Office Supplies,Binders,14,64,2067.0
OFF-BI-10002040,Office Supplies,Binders,10,46,1316.0
OFF-BI-10002047,Office Supplies,Binders,13,39,342.0
OFF-BI-10002049,Office Supplies,Binders,5,13,29.0
OFF-BI-10002061,Office Supplies,Binders,1,2,32.0
OFF-BI-10002062,Office Supplies,Binders,7,27,106.0
OFF-BI-10002071,Office Supplies,Binders,9,34,100.0
OFF-BI-10002072,Office Supplies,Binders,5,17,119.0
OFF-BI-10002075,Office Supplies,Binders,6,21,70.0
OFF-BI-10002080,Office Supplies,Binders,10,25,240.0
OFF-BI-10002082,Office Supplies,Binders,10,47,1042.0
OFF-BI-10002083,Office Supplies,Binders,10,37,248.0
OFF-BI-10002103,Office Supplies,Binders,10,37,180.0
OFF-BI-10002126,Office Supplies,Binders,13,54,202.0
OFF-BI-10002128,Office Supplies,Binders,9,34,401.0
OFF-BI-10002133,Office Supplies,Binders,8,42,835.0
OFF-BI-10002160,Office Supplies,Binders,7,17,41.0
OFF-BI-10002172,Office Supplies,Binders,10,48,2032.0
OFF-BI-10002190,Office Supplies,Binders,8,39,538.0
OFF-BI-10002193,Office Supplies,Binders,11,25,117.0
OFF-BI-10002194,Office Supplies,Binders,4,12,38.0
OFF-BI-10002215,Office Supplies,Binders,7,23,143.0
OFF-BI-10002222,Office Supplies,Binders,8,29,189.0
OFF-BI-10002225,Office Supplies,Binders,18,58,2078.0
OFF-BI-10002243,Office Supplies,Binders,9,27,749.0
OFF-BI-10002277,Office Supplies,Binders,1,2,57.0
OFF-BI-10002278,Office Supplies,Binders,6,21,250.0
OFF-BI-10002281,Office Supplies,Binders,1,2,26.0
OFF-BI-10002287,Office Supplies,Binders,4,9,67.0
OFF-BI-10002289,Office Supplies,Binders,10,37,485.0
OFF-BI-10002296,Office Supplies,Binders,6,28,238.0
OFF-BI-10002301,Office Supplies,Binders,4,13,59.0
OFF-BI-10002309,Office Supplies,Binders,6,28,110.0
OFF-BI-10002329,Office Supplies,Binders,10,40,989.0
OFF-BI-10002335,Office Supplies,Binders,8,25,268.0
OFF-BI-10002353,Office Supplies,Binders,11,42,343.0
OFF-BI-10002354,Office Supplies,Binders,13,41,594.0
OFF-BI-10002364,Office Supplies,Binders,4,14,217.0
OFF-BI-10002386,Office Supplies,Binders,6,24,191.0
OFF-BI-10002393,Office Supplies,Binders,6,16,56.0
OFF-BI-10002412,Office Supplies,Binders,8,30,136.0
OFF-BI-10002414,Office Supplies,Binders,15,55,341.0
OFF-BI-10002424,Office Supplies,Binders,10,43,518.0
OFF-BI-10002429,Office Supplies,Binders,9,46,527.0
OFF-BI-10002432,Office Supplies,Binders,11,38,281.0
OFF-BI-10002437,Office Supplies,Binders,3,9,109.0
OFF-BI-10002446,Office Supplies,Binders,6,25,315.0
OFF-BI-10002455,Office Supplies,Binders,12,35,658.0
OFF-BI-10002459,Office Supplies,Binders,9,34,1277.0
OFF-BI-10002465,Office Supplies,Binders,9,26,709.0
OFF-BI-10002483,Office Supplies,Binders,12,44,110.0
OFF-BI-10002498,Office Supplies,Binders,7,29,379.0
OFF-BI-10002510,Office Supplies,Binders,1,2,4.0
OFF-BI-10002511,Office Supplies,Binders,7,34,888.0
OFF-BI-10002517,Office Supplies,Binders,11,51,490.0
OFF-BI-10002520,Office Supplies,Binders,2,14,61.0
OFF-BI-10002523,Office Supplies,Binders,7,30,104.0
OFF-BI-10002524,Office Supplies,Binders,1,2,15.0
OFF-BI-10002533,Office Supplies,Binders,2,6,216.0
OFF-BI-10002557,Office Supplies,Binders,8,30,92.0
OFF-BI-10002558,Office Supplies,Binders,6,19,184.0
OFF-BI-10002562,Office Supplies,Binders,10,33,1582.0
OFF-BI-10002570,Office Supplies,Binders,27,102,1970.0
OFF-BI-10002571,Office Supplies,Binders,6,19,100.0
OFF-BI-10002594,Office Supplies,Binders,8,28,338.0
OFF-BI-10002607,Office Supplies,Binders,1,5,17.0
OFF-BI-10002609,Office Supplies,Binders,7,24,32.0
OFF-BI-10002627,Office Supplies,Binders,3,13,140.0
OFF-BI-10002628,Office Supplies,Binders,1,2,33.0
OFF-BI-10002632,Office Supplies,Binders,8,30,1415.0
OFF-BI-10002674,Office Supplies,Binders,8,35,377.0
OFF-BI-10002681,Office Supplies,Binders,4,17,170.0
OFF-BI-10002682,Office Supplies,Binders,5,14,567.0
OFF-BI-10002684,Office Supplies,Binders,10,42,138.0
OFF-BI-10002706,Office Supplies,Binders,7,21,191.0
OFF-BI-10002708,Office Supplies,Binders,9,27,345.0
OFF-BI-10002711,Office Supplies,Binders,1,2,61.0
OFF-BI-10002712,Office Supplies,Binders,4,6,44.0
OFF-BI-10002715,Office Supplies,Binders,5,20,84.0
OFF-BI-10002718,Office Supplies,Binders,11,46,647.0
OFF-BI-10002727,Office Supplies,Binders,6,22,698.0
OFF-BI-10002734,Office Supplies,Binders,1,6,64.0
OFF-BI-10002735,Office Supplies,Binders,10,39,1074.0
OFF-BI-10002738,Office Supplies,Binders,13,42,307.0
OFF-BI-10002764,Office Supplies,Binders,8,34,70.0
OFF-BI-10002775,Office Supplies,Binders,2,5,32.0
OFF-BI-10002792,Office Supplies,Binders,5,15,94.0
OFF-BI-10002794,Office Supplies,Binders,7,22,545.0
OFF-BI-10002796,Office Supplies,Binders,8,21,164.0
OFF-BI-10002799,Office Supplies,Binders,30,130,980.0
OFF-BI-10002813,Office Supplies,Binders,8,41,28.0
OFF-BI-10002824,Office Supplies,Binders,9,35,309.0
OFF-BI-10002827,Office Supplies,Binders,6,33,82.0
OFF-BI-10002841,Office Supplies,Binders,5,17,507.0
OFF-BI-10002852,Office Supplies,Binders,10,34,390.0
OFF-BI-10002853,Office Supplies,Binders,11,29,292.0
OFF-BI-10002854,Office Supplies,Binders,8,36,610.0
OFF-BI-10002859,Office Supplies,Binders,1,5,19.0
OFF-BI-10002867,Office Supplies,Binders,6,26,1292.0
OFF-BI-10002881,Office Supplies,Binders,8,30,1323.0
OFF-BI-10002885,Office Supplies,Binders,4,10,39.0
OFF-BI-10002894,Office Supplies,Binders,16,64,2995.0
OFF-BI-10002897,Office Supplies,Binders,4,16,45.0
OFF-BI-10002907,Office Supplies,Binders,4,7,188.0
OFF-BI-10002919,Office Supplies,Binders,8,49,644.0
OFF-BI-10002931,Office Supplies,Binders,4,15,315.0
OFF-BI-10002935,Office Supplies,Binders,7,27,323.0
OFF-BI-10002937,Office Supplies,Binders,4,14,99.0
OFF-BI-10002949,Office Supplies,Binders,8,21,87.0
OFF-BI-10002954,Office Supplies,Binders,6,20,51.0
OFF-BI-10002975,Office Supplies,Binders,1,2,7.0
OFF-BI-10002976,Office Supplies,Binders,4,21,65.0
OFF-BI-10002977,Office Supplies,Binders,5,13,95.0
OFF-BI-10002982,Office Supplies,Binders,11,41,142.0
OFF-BI-10002986,Office Supplies,Binders,18,58,598.0
OFF-BI-10002990,Office Supplies,Binders,3,14,114.0
OFF-BI-10003007,Office Supplies,Binders,7,29,698.0
OFF-BI-10003009,Office Supplies,Binders,1,4,24.0
OFF-BI-10003012,Office Supplies,Binders,11,37,149.0
OFF-BI-10003018,Office Supplies,Binders,10,42,425.0
OFF-BI-10003022,Office Supplies,Binders,9,29,522.0
OFF-BI-10003025,Office Supplies,Binders,7,17,868.0
OFF-BI-10003031,Office Supplies,Binders,3,10,87.0
OFF-BI-10003058,Office Supplies,Binders,17,58,718.0
OFF-BI-10003064,Office Supplies,Binders,1,6,45.0
OFF-BI-10003068,Office Supplies,Binders,12,45,2303.0
OFF-BI-10003090,Office Supplies,Binders,2,4,26.0
OFF-BI-10003091,Office Supplies,Binders,6,23,4323.0
OFF-BI-10003094,Office Supplies,Binders,4,11,22.0
OFF-BI-10003098,Office Supplies,Binders,5,14,696.0
OFF-BI-10003112,Office Supplies,Binders,6,21,178.0
OFF-BI-10003114,Office Supplies,Binders,17,71,458.0
OFF-BI-10003124,Office Supplies,Binders,9,33,220.0
OFF-BI-10003132,Office Supplies,Binders,1,2,98.0
OFF-BI-10003142,Office Supplies,Binders,11,45,539.0
OFF-BI-10003152,Office Supplies,Binders,9,28,134.0
OFF-BI-10003159,Office Supplies,Binders,5,26,1201.0
OFF-BI-10003162,Office Supplies,Binders,4,13,403.0
OFF-BI-10003166,Office Supplies,Binders,11,34,145.0
OFF-BI-10003181,Office Supplies,Binders,2,4,34.0
OFF-BI-10003184,Office Supplies,Binders,8,20,63.0
OFF-BI-10003188,Office Supplies,Binders,1,4,45.0
OFF-BI-10003196,Office Supplies,Binders,8,34,43.0
OFF-BI-10003240,Office Supplies,Binders,1,2,62.0
OFF-BI-10003253,Office Supplies,Binders,1,1,3.0
OFF-BI-10003265,Office Supplies,Binders,7,33,333.0
OFF-BI-10003274,Office Supplies,Binders,9,36,90.0
OFF-BI-10003277,Office Supplies,Binders,9,36,459.0
OFF-BI-10003281,Office Supplies,Binders,7,24,295.0
OFF-BI-10003291,Office Supplies,Binders,12,46,237.0
OFF-BI-10003305,Office Supplies,Binders,6,26,105.0
OFF-BI-10003309,Office Supplies,Binders,7,22,216.0
OFF-BI-10003314,Office Supplies,Binders,9,23,81.0
OFF-BI-10003320,Office Supplies,Binders,12,46,249.0
OFF-BI-10003323,Office Supplies,Binders,1,1,3.0
OFF-BI-10003324,Office Supplies,Binders,4,21,98.0
OFF-BI-10003340,Office Supplies,Binders,7,26,201.0
OFF-BI-10003342,Office Supplies,Binders,2,6,72.0
OFF-BI-10003350,Office Supplies,Binders,4,11,40.0
OFF-BI-10003355,Office Supplies,Binders,8,25,88.0
OFF-BI-10003364,Office Supplies,Binders,10,34,725.0
OFF-BI-10003367,Office Supplies,Binders,8,29,347.0
OFF-BI-10003372,Office Supplies,Binders,8,30,890.0
OFF-BI-10003373,Office Supplies,Binders,9,37,1129.0
OFF-BI-10003392,Office Supplies,Binders,5,14,133.0
OFF-BI-10003397,Office Supplies,Binders,7,28,446.0
OFF-BI-10003400,Office Supplies,Binders,7,20,147.0
OFF-BI-10003417,Office Supplies,Binders,1,9,17.0
OFF-BI-10003429,Office Supplies,Binders,9,41,135.0
OFF-BI-10003440,Office Supplies,Binders,15,57,584.0
OFF-BI-10003452,Office Supplies,Binders,2,10,307.0
OFF-BI-10003460,Office Supplies,Binders,9,36,140.0
OFF-BI-10003468,Office Supplies,Binders,9,28,325.0
OFF-BI-10003472,Office Supplies,Binders,6,32,155.0
OFF-BI-10003475,Office Supplies,Binders,10,49,316.0
OFF-BI-10003476,Office Supplies,Binders,6,31,136.0
OFF-BI-10003503,Office Supplies,Binders,12,45,255.0
OFF-BI-10003519,Office Supplies,Binders,1,8,145.0
OFF-BI-10003527,Office Supplies,Binders,10,31,789.691
OFF-BI-10003529,Office Supplies,Binders,6,17,38.0
OFF-BI-10003579,Office Supplies,Binders,4,17,316.0
OFF-BI-10003582,Office Supplies,Binders,8,33,274.0
OFF-BI-10003585,Office Supplies,Binders,9,31,524.0
OFF-BI-10003588,Office Supplies,Binders,5,9,126.0
OFF-BI-10003616,Office Supplies,Binders,12,62,2653.0
OFF-BI-10003633,Office Supplies,Binders,1,2,98.0
OFF-BI-10003638,Office Supplies,Binders,8,34,370.0
OFF-BI-10003642,Office Supplies,Binders,11,34,404.0
OFF-BI-10003646,Office Supplies,Binders,8,31,193.0
OFF-BI-10003650,Office Supplies,Binders,24,77,4075.156
OFF-BI-10003653,Office Supplies,Binders,12,38,677.0
OFF-BI-10003655,Office Supplies,Binders,2,11,37.0
OFF-BI-10003656,Office Supplies,Binders,9,38,3095.0879999999997
OFF-BI-10003669,Office Supplies,Binders,7,26,83.0
OFF-BI-10003676,Office Supplies,Binders,12,51,258.0
OFF-BI-10003684,Office Supplies,Binders,9,44,532.0
OFF-BI-10003694,Office Supplies,Binders,6,27,137.0
OFF-BI-10003702,Office Supplies,Binders,8,32,398.0
OFF-BI-10003705,Office Supplies,Binders,13,52,2392.0
OFF-BI-10003707,Office Supplies,Binders,11,41,354.0
OFF-BI-10003708,Office Supplies,Binders,30,111,1186.0
OFF-BI-10003709,Office Supplies,Binders,8,40,1137.0
OFF-BI-10003712,Office Supplies,Binders,11,45,131.0
OFF-BI-10003713,Office Supplies,Binders,9,35,194.0
OFF-BI-10003718,Office Supplies,Binders,4,19,1191.0
OFF-BI-10003719,Office Supplies,Binders,5,22,277.0
OFF-BI-10003724,Office Supplies,Binders,12,55,457.0
OFF-BI-10003725,Office Supplies,Binders,2,4,116.0
OFF-BI-10003727,Office Supplies,Binders,9,36,91.0
OFF-BI-10003763,Office Supplies,Binders,10,36,337.0
OFF-BI-10003768,Office Supplies,Binders,1,4,32.0
OFF-BI-10003774,Office Supplies,Binders,14,56,1699.0
OFF-BI-10003779,Office Supplies,Binders,9,37,1015.0
OFF-BI-10003784,Office Supplies,Binders,10,45,268.0
OFF-BI-10003806,Office Supplies,Binders,9,46,283.0
OFF-BI-10003856,Office Supplies,Binders,7,26,146.0
OFF-BI-10003870,Office Supplies,Binders,4,14,83.0
OFF-BI-10003874,Office Supplies,Binders,4,11,59.0
OFF-BI-10003876,Office Supplies,Binders,5,19,568.0
OFF-BI-10003879,Office Supplies,Binders,1,6,82.0
OFF-BI-10003883,Office Supplies,Binders,12,62,570.0
OFF-BI-10003899,Office Supplies,Binders,14,47,1256.0
OFF-BI-10003903,Office Supplies,Binders,9,29,251.0
OFF-BI-10003910,Office Supplies,Binders,10,35,216.0
OFF-BI-10003917,Office Supplies,Binders,18,65,1309.0
OFF-BI-10003919,Office Supplies,Binders,2,4,74.0
OFF-BI-10003925,Office Supplies,Binders,6,27,2565.51
OFF-BI-10003934,Office Supplies,Binders,7,35,996.0
OFF-BI-10003951,Office Supplies,Binders,6,20,563.0
OFF-BI-10003952,Office Supplies,Binders,7,26,825.0
OFF-BI-10003963,Office Supplies,Binders,3,16,100.0
OFF-BI-10003975,Office Supplies,Binders,8,19,76.0
OFF-BI-10003981,Office Supplies,Binders,7,34,117.0
OFF-BI-10003982,Office Supplies,Binders,10,48,585.0
OFF-BI-10003984,Office Supplies,Binders,7,44,705.0
OFF-BI-10003985,Office Supplies,Binders,1,2,18.0
OFF-BI-10003999,Office Supplies,Binders,9,40,141.0
OFF-BI-10004001,Office Supplies,Binders,8,42,488.0
OFF-BI-10004002,Office Supplies,Binders,7,18,175.0
OFF-BI-10004007,Office Supplies,Binders,5,17,397.0
OFF-BI-10004022,Office Supplies,Binders,8,29,40.0
OFF-BI-10004028,Office Supplies,Binders,9,27,238.0
OFF-BI-10004040,Office Supplies,Binders,9,42,134.0
OFF-BI-10004042,Office Supplies,Binders,6,27,861.0
OFF-BI-10004053,Office Supplies,Binders,4,17,153.0
OFF-BI-10004054,Office Supplies,Binders,6,19,85.0
OFF-BI-10004078,Office Supplies,Binders,6,25,588.0
OFF-BI-10004080,Office Supplies,Binders,5,21,369.0
OFF-BI-10004094,Office Supplies,Binders,5,13,57.0
OFF-BI-10004098,Office Supplies,Binders,8,33,940.0
OFF-BI-10004099,Office Supplies,Binders,4,20,53.0
OFF-BI-10004105,Office Supplies,Binders,7,34,983.0
OFF-BI-10004120,Office Supplies,Binders,8,23,661.0
OFF-BI-10004121,Office Supplies,Binders,2,6,40.0
OFF-BI-10004139,Office Supplies,Binders,2,14,133.0
OFF-BI-10004140,Office Supplies,Binders,25,83,366.0
OFF-BI-10004141,Office Supplies,Binders,5,13,18.0
OFF-BI-10004142,Office Supplies,Binders,10,45,210.0
OFF-BI-10004145,Office Supplies,Binders,12,46,119.0
OFF-BI-10004146,Office Supplies,Binders,1,2,27.0
OFF-BI-10004148,Office Supplies,Binders,3,7,68.0
OFF-BI-10004177,Office Supplies,Binders,10,29,549.0
OFF-BI-10004179,Office Supplies,Binders,2,8,153.0
OFF-BI-10004181,Office Supplies,Binders,10,39,976.0
OFF-BI-10004182,Office Supplies,Binders,4,19,29.0
OFF-BI-10004185,Office Supplies,Binders,2,6,92.0
OFF-BI-10004187,Office Supplies,Binders,6,26,44.0
OFF-BI-10004193,Office Supplies,Binders,1,4,14.0
OFF-BI-10004195,Office Supplies,Binders,24,92,2837.0
OFF-BI-10004200,Office Supplies,Binders,7,23,604.0
OFF-BI-10004209,Office Supplies,Binders,10,42,181.0
OFF-BI-10004220,Office Supplies,Binders,13,59,1645.0
OFF-BI-10004224,Office Supplies,Binders,12,54,1183.0
OFF-BI-10004227,Office Supplies,Binders,8,37,1622.0
OFF-BI-10004230,Office Supplies,Binders,5,20,467.0
OFF-BI-10004233,Office Supplies,Binders,13,47,434.0
OFF-BI-10004236,Office Supplies,Binders,10,39,386.0
OFF-BI-10004240,Office Supplies,Binders,4,12,509.0
OFF-BI-10004250,Office Supplies,Binders,2,9,248.0
OFF-BI-10004251,Office Supplies,Binders,1,3,5.0
OFF-BI-10004275,Office Supplies,Binders,5,18,82.0
OFF-BI-10004305,Office Supplies,Binders,6,19,63.0
OFF-BI-10004308,Office Supplies,Binders,4,16,258.0
OFF-BI-10004318,Office Supplies,Binders,8,23,3236.0
OFF-BI-10004328,Office Supplies,Binders,10,42,1714.0
OFF-BI-10004330,Office Supplies,Binders,7,33,662.0
OFF-BI-10004334,Office Supplies,Binders,6,13,71.0
OFF-BI-10004352,Office Supplies,Binders,2,6,36.0
OFF-BI-10004361,Office Supplies,Binders,2,12,316.0
OFF-BI-10004364,Office Supplies,Binders,12,38,128.0
OFF-BI-10004369,Office Supplies,Binders,10,33,228.0
OFF-BI-10004376,Office Supplies,Binders,2,10,50.0
OFF-BI-10004388,Office Supplies,Binders,6,25,96.0
OFF-BI-10004390,Office Supplies,Binders,4,15,1855.357
OFF-BI-10004410,Office Supplies,Binders,4,21,87.0
OFF-BI-10004428,Office Supplies,Binders,7,24,193.0
OFF-BI-10004436,Office Supplies,Binders,8,21,135.0
OFF-BI-10004440,Office Supplies,Binders,6,12,153.0
OFF-BI-10004442,Office Supplies,Binders,1,3,12.0
OFF-BI-10004446,Office Supplies,Binders,10,40,1889.0
OFF-BI-10004448,Office Supplies,Binders,10,38,510.0
OFF-BI-10004454,Office Supplies,Binders,7,24,222.0
OFF-BI-10004465,Office Supplies,Binders,5,19,52.0
OFF-BI-10004470,Office Supplies,Binders,10,52,207.0
OFF-BI-10004483,Office Supplies,Binders,8,25,197.0
OFF-BI-10004486,Office Supplies,Binders,1,2,59.0
OFF-BI-10004491,Office Supplies,Binders,9,53,415.0
OFF-BI-10004492,Office Supplies,Binders,7,26,670.0
OFF-BI-10004506,Office Supplies,Binders,5,12,66.0
OFF-BI-10004510,Office Supplies,Binders,1,4,70.0
OFF-BI-10004519,Office Supplies,Binders,8,27,2954.0
OFF-BI-10004528,Office Supplies,Binders,4,15,41.0
OFF-BI-10004534,Office Supplies,Binders,5,19,724.0
OFF-BI-10004541,Office Supplies,Binders,10,43,597.0
OFF-BI-10004553,Office Supplies,Binders,8,39,485.0
OFF-BI-10004554,Office Supplies,Binders,11,37,223.0
OFF-BI-10004562,Office Supplies,Binders,2,4,58.0
OFF-BI-10004581,Office Supplies,Binders,1,5,66.0
OFF-BI-10004584,Office Supplies,Binders,5,22,1203.022
OFF-BI-10004589,Office Supplies,Binders,14,56,2403.0
OFF-BI-10004593,Office Supplies,Binders,8,34,1103.0
OFF-BI-10004597,Office Supplies,Binders,2,8,322.0
OFF-BI-10004600,Office Supplies,Binders,8,28,3353.6369999999997
OFF-BI-10004624,Office Supplies,Binders,6,31,280.0
OFF-BI-10004628,Office Supplies,Binders,10,34,522.0
OFF-BI-10004632,Office Supplies,Binders,24,78,4871.22
OFF-BI-10004644,Office Supplies,Binders,12,37,282.0
OFF-BI-10004651,Office Supplies,Binders,10,31,1383.0
OFF-BI-10004654,Office Supplies,Binders,22,69,728.0
OFF-BI-10004656,Office Supplies,Binders,7,30,39.0
OFF-BI-10004666,Office Supplies,Binders,8,21,1003.0
OFF-BI-10004685,Office Supplies,Binders,9,31,421.0
OFF-BI-10004700,Office Supplies,Binders,7,29,406.0
OFF-BI-10004712,Office Supplies,Binders,10,30,140.0
OFF-BI-10004716,Office Supplies,Binders,2,4,33.0
OFF-BI-10004722,Office Supplies,Binders,13,53,297.0
OFF-BI-10004728,Office Supplies,Binders,13,59,213.0
OFF-BI-10004738,Office Supplies,Binders,6,13,142.0
OFF-BI-10004741,Office Supplies,Binders,2,6,100.0
OFF-BI-10004769,Office Supplies,Binders,1,1,6.0
OFF-BI-10004781,Office Supplies,Binders,5,14,213.0
OFF-BI-10004795,Office Supplies,Binders,1,2,58.0
OFF-BI-10004801,Office Supplies,Binders,12,47,2441.0
OFF-BI-10004809,Office Supplies,Binders,2,4,43.0
OFF-BI-10004817,Office Supplies,Binders,7,27,159.0
OFF-BI-10004826,Office Supplies,Binders,6,18,206.0
OFF-BI-10004828,Office Supplies,Binders,6,18,256.0
OFF-BI-10004830,Office Supplies,Binders,6,23,101.0
OFF-BI-10004861,Office Supplies,Binders,8,31,912.0
OFF-BI-10004868,Office Supplies,Binders,12,47,260.0
OFF-BI-10004869,Office Supplies,Binders,9,35,892.0
OFF-BI-10004876,Office Supplies,Binders,3,8,17.0
OFF-BI-10004903,Office Supplies,Binders,10,46,367.0
OFF-BI-10004908,Office Supplies,Binders,7,26,169.0
OFF-BI-10004924,Office Supplies,Binders,12,52,1463.0
OFF-BI-10004965,Office Supplies,Binders,7,20,186.0
OFF-BI-10004967,Office Supplies,Binders,6,28,29.0
OFF-BI-10004969,Office Supplies,Binders,8,24,784.0
OFF-BI-10004970,Office Supplies,Binders,13,44,145.0
OFF-BI-10004980,Office Supplies,Binders,7,32,88.0
OFF-BI-10004986,Office Supplies,Binders,9,38,1035.0
OFF-BI-10004995,Office Supplies,Binders,6,27,17.965
OFF-BIC-10000041,Office Supplies,Art,5,9,222.0
OFF-BIC-10000582,Office Supplies,Art,10,16,701.0
OFF-BIC-10000718,Office Supplies,Art,7,16,467.0
OFF-BIC-10001211,Office Supplies,Art,9,26,375.0
OFF-BIC-10001458,Office Supplies,Art,4,5,76.0
OFF-BIC-10001510,Office Supplies,Art,9,24,668.0
OFF-BIC-10001632,Office Supplies,Art,13,27,322.0
OFF-BIC-10001682,Office Supplies,Art,6,9,122.0
OFF-BIC-10001739,Office Supplies,Art,1,2,100.0
OFF-BIC-10001823,Office Supplies,Art,7,32,1726.0
OFF-BIC-10002270,Office Supplies,Art,15,34,848.0
OFF-BIC-10002403,Office Supplies,Art,8,20,833.0
OFF-BIC-10002440,Office Supplies,Art,15,24,818.0
OFF-BIC-10002722,Office Supplies,Art,13,39,595.0
OFF-BIC-10002942,Office Supplies,Art,11,26,484.0
OFF-BIC-10003473,Office Supplies,Art,7,14,202.0
OFF-BIC-10003575,Office Supplies,Art,10,14,225.0
OFF-BIC-10003654,Office Supplies,Art,8,15,137.0
OFF-BIC-10003680,Office Supplies,Art,12,36,540.0
OFF-BIC-10003800,Office Supplies,Art,13,23,509.0
OFF-BIC-10003841,Office Supplies,Art,14,30,1641.0
OFF-BIC-10004557,Office Supplies,Art,9,17,731.0
OFF-BIC-10004826,Office Supplies,Art,10,13,541.0
OFF-BIC-10004976,Office Supplies,Art,10,15,388.0
OFF-BIN-10000170,Office Supplies,Art,6,12,321.0
OFF-BIN-10000308,Office Supplies,Art,7,18,753.0
OFF-BIN-10000327,Office Supplies,Art,16,42,1107.0
OFF-BIN-10000561,Office Supplies,Art,9,31,454.0
OFF-BIN-10000711,Office Supplies,Art,15,37,777.0
OFF-BIN-10000712,Office Supplies,Art,15,46,2101.0
OFF-BIN-10000772,Office Supplies,Art,6,19,529.0
OFF-BIN-10000837,Office Supplies,Art,14,29,558.0
OFF-BIN-10000901,Office Supplies,Art,9,24,343.0
OFF-BIN-10001257,Office Supplies,Art,7,13,448.0
OFF-BIN-10001274,Office Supplies,Art,12,19,179.0
OFF-BIN-10001385,Office Supplies,Art,14,23,273.0
OFF-BIN-10001621,Office Supplies,Art,9,21,906.0
OFF-BIN-10001715,Office Supplies,Art,10,25,1230.0
OFF-BIN-10002061,Office Supplies,Art,23,56,2001.0
OFF-BIN-10002236,Office Supplies,Art,8,36,781.0
OFF-BIN-10002407,Office Supplies,Art,10,19,311.0
OFF-BIN-10003023,Office Supplies,Art,15,49,1085.0
OFF-BIN-10003089,Office Supplies,Art,12,26,374.0
OFF-BIN-10003327,Office Supplies,Art,14,34,622.0
OFF-BIN-10004512,Office Supplies,Art,13,27,197.0
OFF-BIN-10004563,Office Supplies,Art,10,18,431.0
OFF-BIN-10004569,Office Supplies,Art,8,16,193.0
OFF-BIN-10004729,Office Supplies,Art,6,13,610.0
OFF-BOS-10000350,Office Supplies,Art,13,34,404.0
OFF-BOS-10000363,Office Supplies,Art,9,30,835.0
OFF-BOS-10000477,Office Supplies,Art,9,17,772.0
OFF-BOS-10000557,Office Supplies,Art,8,35,326.0
OFF-BOS-10000577,Office Supplies,Art,6,13,182.0
OFF-BOS-10001348,Office Supplies,Art,12,35,769.0
OFF-BOS-10001375,Office Supplies,Art,10,18,874.0
OFF-BOS-10001386,Office Supplies,Art,11,19,592.0
OFF-BOS-10001511,Office Supplies,Art,13,36,1400.0
OFF-BOS-10001576,Office Supplies,Art,5,11,268.0
OFF-BOS-10001711,Office Supplies,Art,12,16,652.0
OFF-BOS-10001753,Office Supplies,Art,1,1,4.0
OFF-BOS-10001772,Office Supplies,Art,5,16,427.0
OFF-BOS-10002041,Office Supplies,Art,3,4,62.0
OFF-BOS-10002073,Office Supplies,Art,13,22,950.0
OFF-BOS-10002340,Office Supplies,Art,13,38,722.0
OFF-BOS-10002472,Office Supplies,Art,14,40,1681.0
OFF-BOS-10002558,Office Supplies,Art,15,34,855.0
OFF-BOS-10002705,Office Supplies,Art,10,22,428.0
OFF-BOS-10003113,Office Supplies,Art,10,21,312.0
OFF-BOS-10003160,Office Supplies,Art,7,26,586.0
OFF-BOS-10003478,Office Supplies,Art,13,34,606.0
OFF-BOS-10003699,Office Supplies,Art,9,18,724.0
OFF-BOS-10004262,Office Supplies,Art,14,22,352.0
OFF-BOS-10004950,Office Supplies,Art,15,27,349.0
OFF-BRE-10000157,Office Supplies,Appliances,2,8,613.0
OFF-BRE-10000391,Office Supplies,Appliances,3,11,792.0
OFF-BRE-10000448,Office Supplies,Appliances,2,6,125.0
OFF-BRE-10000493,Office Supplies,Appliances,2,3,186.0
OFF-BRE-10001107,Office Supplies,Appliances,5,10,2251.369
OFF-BRE-10001197,Office Supplies,Appliances,2,3,157.038
OFF-BRE-10001343,Office Supplies,Appliances,4,12,1028.0
OFF-BRE-10001378,Office Supplies,Appliances,2,2,97.0
OFF-BRE-10002255,Office Supplies,Appliances,3,5,1344.0
OFF-BRE-10002706,Office Supplies,Appliances,4,18,1321.799
OFF-BRE-10002738,Office Supplies,Appliances,1,1,302.0
OFF-BRE-10003081,Office Supplies,Appliances,7,21,1289.0
OFF-BRE-10003295,Office Supplies,Appliances,4,17,1630.81
OFF-BRE-10003382,Office Supplies,Appliances,2,3,226.125
OFF-BRE-10003443,Office Supplies,Appliances,3,3,884.0
OFF-BRE-10003558,Office Supplies,Appliances,2,2,724.0
OFF-BRE-10004073,Office Supplies,Appliances,2,2,1038.0
OFF-BRE-10004211,Office Supplies,Appliances,2,2,118.0
OFF-BRE-10004310,Office Supplies,Appliances,2,2,123.0
OFF-BRE-10004359,Office Supplies,Appliances,2,2,120.0
OFF-BRE-10004436,Office Supplies,Appliances,2,5,563.244
OFF-BRE-10004872,Office Supplies,Appliances,1,2,54.0
OFF-BRE-10004933,Office Supplies,Appliances,3,3,231.0
OFF-CAM-10000192,Office Supplies,Envelopes,1,1,20.0
OFF-CAM-10000497,Office Supplies,Envelopes,7,23,605.0
OFF-CAM-10000726,Office Supplies,Envelopes,5,6,175.0
OFF-CAM-10001141,Office Supplies,Envelopes,1,2,59.0
OFF-CAM-10001177,Office Supplies,Envelopes,4,5,114.0
OFF-CAM-10001191,Office Supplies,Envelopes,4,7,140.0
OFF-CAM-10001249,Office Supplies,Envelopes,5,13,367.0
OFF-CAM-10001341,Office Supplies,Envelopes,3,3,48.0
OFF-CAM-10001690,Office Supplies,Envelopes,4,5,36.0
OFF-CAM-10001761,Office Supplies,Envelopes,6,8,66.0
OFF-CAM-10002159,Office Supplies,Envelopes,5,8,180.0
OFF-CAM-10002611,Office Supplies,Envelopes,5,7,203.0
OFF-CAM-10002625,Office Supplies,Envelopes,2,7,172.0
OFF-CAM-10002734,Office Supplies,Envelopes,1,6,78.0
OFF-CAM-10003488,Office Supplies,Envelopes,5,7,266.0
OFF-CAM-10003511,Office Supplies,Envelopes,3,6,31.0
OFF-CAM-10003605,Office Supplies,Envelopes,3,4,93.0
OFF-CAM-10003933,Office Supplies,Envelopes,8,16,309.0
OFF-CAM-10004002,Office Supplies,Envelopes,5,8,105.0
OFF-CAM-10004269,Office Supplies,Envelopes,6,17,269.0
OFF-CAM-10004271,Office Supplies,Envelopes,3,6,196.0
OFF-CAM-10004338,Office Supplies,Envelopes,4,9,255.0
OFF-CAM-10004790,Office Supplies,Envelopes,3,13,273.0
OFF-CAR-10000150,Office Supplies,Binders,10,24,180.0
OFF-CAR-10000202,Office Supplies,Binders,13,23,1069.0
OFF-CAR-10000319,Office Supplies,Binders,12,23,219.0
OFF-CAR-10000687,Office Supplies,Binders,14,41,390.0
OFF-CAR-10001358,Office Supplies,Binders,11,19,79.0
OFF-CAR-10001428,Office Supplies,Binders,15,29,182.0
OFF-CAR-10001471,Office Supplies,Binders,9,37,1006.0
OFF-CAR-10001577,Office Supplies,Binders,20,45,1995.0
OFF-CAR-10001746,Office Supplies,Binders,14,34,159.0
OFF-CAR-10001911,Office Supplies,Binders,11,20,133.0
OFF-CAR-10002031,Office Supplies,Binders,7,12,342.0
OFF-CAR-10002054,Office Supplies,Binders,11,34,153.0
OFF-CAR-10002375,Office Supplies,Binders,13,34,403.0
OFF-CAR-10002931,Office Supplies,Binders,12,37,187.0
OFF-CAR-10002942,Office Supplies,Binders,14,55,1183.0
OFF-CAR-10003030,Office Supplies,Binders,12,34,177.0
OFF-CAR-10003259,Office Supplies,Binders,16,37,390.0
OFF-CAR-10003373,Office Supplies,Binders,14,29,175.0
OFF-CAR-10003703,Office Supplies,Binders,10,13,151.0
OFF-CAR-10004229,Office Supplies,Binders,16,43,277.0
OFF-CAR-10004293,Office Supplies,Binders,10,17,872.0
OFF-CAR-10004408,Office Supplies,Binders,13,28,605.0
OFF-CAR-10004661,Office Supplies,Binders,15,39,1619.0
OFF-CAR-10004886,Office Supplies,Binders,15,32,293.0
OFF-CUI-10000105,Office Supplies,Appliances,2,5,279.112
OFF-CUI-10000140,Office Supplies,Appliances,3,7,838.117
OFF-CUI-10000203,Office Supplies,Appliances,2,2,74.0
OFF-CUI-10000682,Office Supplies,Appliances,3,16,6.037
OFF-CUI-10001032,Office Supplies,Appliances,2,6,647.077
OFF-CUI-10001060,Office Supplies,Appliances,4,5,234.0
OFF-CUI-10001302,Office Supplies,Appliances,1,4,271.0
OFF-CUI-10001670,Office Supplies,Appliances,3,4,1019.0
OFF-CUI-10001965,Office Supplies,Appliances,4,5,1384.0
OFF-CUI-10001990,Office Supplies,Appliances,2,2,988.0
OFF-CUI-10002022,Office Supplies,Appliances,1,2,991.0
OFF-CUI-10002269,Office Supplies,Appliances,2,3,1488.0
OFF-CUI-10002314,Office Supplies,Appliances,3,6,125.0
OFF-CUI-10002413,Office Supplies,Appliances,4,10,334.0
OFF-CUI-10002506,Office Supplies,Appliances,1,1,65.0
OFF-CUI-10003409,Office Supplies,Appliances,3,4,1690.0
OFF-CUI-10003665,Office Supplies,Appliances,1,1,67.0
OFF-CUI-10003670,Office Supplies,Appliances,3,6,166.0
OFF-CUI-10003923,Office Supplies,Appliances,4,8,217.0
OFF-CUI-10003993,Office Supplies,Appliances,4,6,1503.0
OFF-CUI-10004428,Office Supplies,Appliances,4,7,122.0
OFF-CUI-10004536,Office Supplies,Appliances,7,22,1236.0
OFF-EAT-10000522,Office Supplies,Paper,4,8,207.0
OFF-EAT-10000652,Office Supplies,Paper,7,16,437.0
OFF-EAT-10000820,Office Supplies,Paper,5,22,378.0
OFF-EAT-10000854,Office Supplies,Paper,1,4,16.0
OFF-EAT-10001025,Office Supplies,Paper,1,6,184.0
OFF-EAT-10001137,Office Supplies,Paper,2,3,29.0
OFF-EAT-10001303,Office Supplies,Paper,3,5,61.0
OFF-EAT-10001933,Office Supplies,Paper,7,14,568.0
OFF-EAT-10002068,Office Supplies,Paper,4,13,271.0
OFF-EAT-10002122,Office Supplies,Paper,6,14,677.0
OFF-EAT-10002463,Office Supplies,Paper,3,11,273.0
OFF-EAT-10002674,Office Supplies,Paper,4,15,130.0
OFF-EAT-10002789,Office Supplies,Paper,2,2,37.0
OFF-EAT-10003094,Office Supplies,Paper,3,3,22.0
OFF-EAT-10003338,Office Supplies,Paper,7,16,396.0
OFF-EAT-10003405,Office Supplies,Paper,7,9,106.0
OFF-EAT-10003702,Office Supplies,Paper,2,9,252.0
OFF-EAT-10004036,Office Supplies,Paper,1,4,54.0
OFF-EAT-10004051,Office Supplies,Paper,5,7,60.0
OFF-EAT-10004307,Office Supplies,Paper,4,5,79.0
OFF-EAT-10004696,Office Supplies,Paper,5,6,87.0
OFF-EAT-10004908,Office Supplies,Paper,8,21,314.0
OFF-EAT-10004979,Office Supplies,Paper,2,3,140.0
OFF-ELD-10000024,Office Supplies,Storage,14,49,741.0
OFF-ELD-10000124,Office Supplies,Storage,13,33,1084.0
OFF-ELD-10000151,Office Supplies,Storage,14,21,2123.0
OFF-ELD-10000819,Office Supplies,Storage,7,18,836.0
OFF-ELD-10000845,Office Supplies,Storage,8,19,1735.182
OFF-ELD-10000967,Office Supplies,Storage,10,22,369.0
OFF-ELD-10001037,Office Supplies,Storage,10,24,687.0
OFF-ELD-10001293,Office Supplies,Storage,9,14,118.0
OFF-ELD-10001318,Office Supplies,Storage,5,7,1131.0
OFF-ELD-10001477,Office Supplies,Storage,6,7,1386.0
OFF-ELD-10001694,Office Supplies,Storage,13,46,4097.023
OFF-ELD-10001832,Office Supplies,Storage,14,32,1249.0
OFF-ELD-10001882,Office Supplies,Storage,10,13,94.0
OFF-ELD-10002199,Office Supplies,Storage,14,24,3078.0
OFF-ELD-10002207,Office Supplies,Storage,6,15,211.0
OFF-ELD-10002240,Office Supplies,Storage,9,10,443.0
OFF-ELD-10002279,Office Supplies,Storage,15,36,1434.0
OFF-ELD-10002297,Office Supplies,Storage,7,11,1900.0
OFF-ELD-10002578,Office Supplies,Storage,9,32,280.0
OFF-ELD-10003038,Office Supplies,Storage,14,28,865.0
OFF-ELD-10003181,Office Supplies,Storage,13,27,252.0
OFF-ELD-10003918,Office Supplies,Storage,14,34,512.0
OFF-ELD-10004324,Office Supplies,Storage,5,8,762.0
OFF-ELD-10004625,Office Supplies,Storage,9,12,474.0
OFF-ELI-10000044,Office Supplies,Supplies,4,14,96.0
OFF-ELI-10000443,Office Supplies,Supplies,3,3,138.0
OFF-ELI-10000541,Office Supplies,Supplies,1,1,13.0
OFF-ELI-10000711,Office Supplies,Supplies,4,5,95.0
OFF-ELI-10000797,Office Supplies,Supplies,1,1,14.0
OFF-ELI-10001057,Office Supplies,Supplies,3,10,384.0
OFF-ELI-10001176,Office Supplies,Supplies,4,6,220.0
OFF-ELI-10001351,Office Supplies,Supplies,4,13,459.0
OFF-ELI-10001507,Office Supplies,Supplies,1,1,22.0
OFF-ELI-10001685,Office Supplies,Supplies,8,18,189.0
OFF-ELI-10001705,Office Supplies,Supplies,6,31,1101.0
OFF-ELI-10001812,Office Supplies,Supplies,4,4,136.0
OFF-ELI-10001904,Office Supplies,Supplies,3,7,168.0
OFF-ELI-10002160,Office Supplies,Supplies,2,3,72.0
OFF-ELI-10002337,Office Supplies,Supplies,3,6,164.0
OFF-ELI-10002935,Office Supplies,Supplies,3,4,188.0
OFF-ELI-10003004,Office Supplies,Supplies,3,9,83.0
OFF-ELI-10003179,Office Supplies,Supplies,4,7,127.0
OFF-ELI-10003277,Office Supplies,Supplies,5,10,155.0
OFF-ELI-10003732,Office Supplies,Supplies,1,2,55.0
OFF-ELI-10003911,Office Supplies,Supplies,2,8,140.0
OFF-ELI-10004427,Office Supplies,Supplies,2,4,82.0
OFF-ELI-10004597,Office Supplies,Supplies,2,2,68.0
OFF-EN-10000025,Office Supplies,Envelopes,4,14,284.0
OFF-EN-10000031,Office Supplies,Envelopes,4,17,222.0
OFF-EN-10000051,Office Supplies,Envelopes,2,4,124.0
OFF-EN-10000053,Office Supplies,Envelopes,4,19,188.0
OFF-EN-10000056,Office Supplies,Envelopes,13,46,2041.0
OFF-EN-10000061,Office Supplies,Envelopes,12,29,361.0
OFF-EN-10000069,Office Supplies,Envelopes,2,9,345.0
OFF-EN-10000075,Office Supplies,Envelopes,8,20,641.0
OFF-EN-10000084,Office Supplies,Envelopes,10,37,675.0
OFF-EN-10000094,Office Supplies,Envelopes,1,1,29.0
OFF-EN-10000096,Office Supplies,Envelopes,1,2,14.0
OFF-EN-10000114,Office Supplies,Envelopes,5,20,228.0
OFF-EN-10000122,Office Supplies,Envelopes,2,3,49.0
OFF-EN-10000127,Office Supplies,Envelopes,2,8,49.0
OFF-EN-10000128,Office Supplies,Envelopes,3,14,478.0
OFF-EN-10000139,Office Supplies,Envelopes,11,43,863.0
OFF-EN-10000142,Office Supplies,Envelopes,5,19,274.0
OFF-EN-10000182,Office Supplies,Envelopes,1,4,54.0
OFF-EN-10000215,Office Supplies,Envelopes,4,12,326.0
OFF-EN-10000219,Office Supplies,Envelopes,5,19,113.0
OFF-EN-10000224,Office Supplies,Envelopes,10,38,267.0
OFF-EN-10000232,Office Supplies,Envelopes,2,6,79.0
OFF-EN-10000251,Office Supplies,Envelopes,2,8,57.0
OFF-EN-10000258,Office Supplies,Envelopes,5,17,242.0
OFF-EN-10000271,Office Supplies,Envelopes,3,13,312.0
OFF-EN-10000274,Office Supplies,Envelopes,5,25,369.0
OFF-EN-10000296,Office Supplies,Envelopes,6,20,325.0
OFF-EN-10000315,Office Supplies,Envelopes,15,45,699.0
OFF-EN-10000328,Office Supplies,Envelopes,7,33,531.0
OFF-EN-10000338,Office Supplies,Envelopes,7,20,409.0
OFF-EN-10000352,Office Supplies,Envelopes,5,18,364.0
OFF-EN-10000353,Office Supplies,Envelopes,2,5,203.0
OFF-EN-10000358,Office Supplies,Envelopes,3,8,85.0
OFF-EN-10000359,Office Supplies,Envelopes,3,11,36.0
OFF-EN-10000378,Office Supplies,Envelopes,1,4,149.0
OFF-EN-10000383,Office Supplies,Envelopes,7,27,204.0
OFF-EN-10000387,Office Supplies,Envelopes,3,10,54.0
OFF-EN-10000428,Office Supplies,Envelopes,1,5,65.0
OFF-EN-10000454,Office Supplies,Envelopes,6,17,202.0
OFF-EN-10000461,Office Supplies,Envelopes,8,27,210.0
OFF-EN-10000476,Office Supplies,Envelopes,3,8,51.0
OFF-EN-10000483,Office Supplies,Envelopes,5,22,320.0
OFF-EN-10000507,Office Supplies,Envelopes,1,4,86.0
OFF-EN-10000532,Office Supplies,Envelopes,5,20,109.0
OFF-EN-10000539,Office Supplies,Envelopes,4,13,80.0
OFF-EN-10000543,Office Supplies,Envelopes,4,14,112.0
OFF-EN-10000556,Office Supplies,Envelopes,8,20,972.0
OFF-EN-10000561,Office Supplies,Envelopes,1,6,61.0
OFF-EN-10000606,Office Supplies,Envelopes,3,14,144.0
OFF-EN-10000615,Office Supplies,Envelopes,4,17,585.0
OFF-EN-10000623,Office Supplies,Envelopes,3,14,263.0
OFF-EN-10000645,Office Supplies,Envelopes,6,21,576.0
OFF-EN-10000648,Office Supplies,Envelopes,5,12,283.0
OFF-EN-10000657,Office Supplies,Envelopes,7,28,539.0
OFF-EN-10000673,Office Supplies,Envelopes,5,23,363.0
OFF-EN-10000694,Office Supplies,Envelopes,2,5,92.0
OFF-EN-10000699,Office Supplies,Envelopes,4,17,737.0
OFF-EN-10000714,Office Supplies,Envelopes,5,18,417.0
OFF-EN-10000726,Office Supplies,Envelopes,4,9,42.0
OFF-EN-10000755,Office Supplies,Envelopes,6,24,481.0
OFF-EN-10000761,Office Supplies,Envelopes,7,20,223.0
OFF-EN-10000776,Office Supplies,Envelopes,4,10,143.0
OFF-EN-10000781,Office Supplies,Envelopes,2,10,75.0
OFF-EN-10000788,Office Supplies,Envelopes,8,22,465.0
OFF-EN-10000812,Office Supplies,Envelopes,5,24,144.0
OFF-EN-10000824,Office Supplies,Envelopes,1,8,143.0
OFF-EN-10000826,Office Supplies,Envelopes,1,14,383.0
OFF-EN-10000835,Office Supplies,Envelopes,1,6,48.0
OFF-EN-10000857,Office Supplies,Envelopes,11,56,1395.0
OFF-EN-10000863,Office Supplies,Envelopes,2,4,44.0
OFF-EN-10000871,Office Supplies,Envelopes,1,5,226.0
OFF-EN-10000872,Office Supplies,Envelopes,1,14,68.0
OFF-EN-10000890,Office Supplies,Envelopes,3,13,226.0
OFF-EN-10000897,Office Supplies,Envelopes,3,12,452.0
OFF-EN-10000898,Office Supplies,Envelopes,2,16,456.0
OFF-EN-10000904,Office Supplies,Envelopes,5,23,816.0
OFF-EN-10000927,Office Supplies,Envelopes,6,26,680.0
OFF-EN-10000938,Office Supplies,Envelopes,2,4,64.0
OFF-EN-10000940,Office Supplies,Envelopes,3,14,410.0
OFF-EN-10000947,Office Supplies,Envelopes,2,8,212.0
OFF-EN-10000968,Office Supplies,Envelopes,4,19,550.0
OFF-EN-10000975,Office Supplies,Envelopes,1,6,148.0
OFF-EN-10001028,Office Supplies,Envelopes,2,9,101.0
OFF-EN-10001029,Office Supplies,Envelopes,5,23,329.0
OFF-EN-10001038,Office Supplies,Envelopes,2,6,224.0
OFF-EN-10001044,Office Supplies,Envelopes,1,2,32.0
OFF-EN-10001047,Office Supplies,Envelopes,2,6,114.0
OFF-EN-10001099,Office Supplies,Envelopes,5,18,159.0
OFF-EN-10001109,Office Supplies,Envelopes,8,39,836.0
OFF-EN-10001136,Office Supplies,Envelopes,3,7,276.0
OFF-EN-10001137,Office Supplies,Envelopes,4,11,42.0
OFF-EN-10001141,Office Supplies,Envelopes,4,13,126.0
OFF-EN-10001147,Office Supplies,Envelopes,4,12,88.0
OFF-EN-10001154,Office Supplies,Envelopes,6,17,96.0
OFF-EN-10001157,Office Supplies,Envelopes,6,33,390.0
OFF-EN-10001162,Office Supplies,Envelopes,6,15,378.0
OFF-EN-10001202,Office Supplies,Envelopes,6,19,213.0
OFF-EN-10001219,Office Supplies,Envelopes,8,21,146.0
OFF-EN-10001311,Office Supplies,Envelopes,1,5,42.0
OFF-EN-10001315,Office Supplies,Envelopes,3,14,392.0
OFF-EN-10001327,Office Supplies,Envelopes,4,14,432.0
OFF-EN-10001335,Office Supplies,Envelopes,6,34,338.0
OFF-EN-10001346,Office Supplies,Envelopes,1,1,50.0
OFF-EN-10001375,Office Supplies,Envelopes,8,24,616.0
OFF-EN-10001415,Office Supplies,Envelopes,5,11,54.0
OFF-EN-10001434,Office Supplies,Envelopes,4,12,632.0
OFF-EN-10001443,Office Supplies,Envelopes,6,22,192.0
OFF-EN-10001449,Office Supplies,Envelopes,2,7,210.0
OFF-EN-10001453,Office Supplies,Envelopes,5,16,939.0
OFF-EN-10001454,Office Supplies,Envelopes,1,8,147.0
OFF-EN-10001476,Office Supplies,Envelopes,1,11,132.0
OFF-EN-10001480,Office Supplies,Envelopes,1,6,266.0
OFF-EN-10001491,Office Supplies,Envelopes,4,21,841.0
OFF-EN-10001509,Office Supplies,Envelopes,11,35,67.0
OFF-EN-10001528,Office Supplies,Envelopes,6,21,237.0
OFF-EN-10001532,Office Supplies,Envelopes,5,15,245.0
OFF-EN-10001533,Office Supplies,Envelopes,1,9,247.0
OFF-EN-10001535,Office Supplies,Envelopes,1,2,7.0
OFF-EN-10001538,Office Supplies,Envelopes,5,22,252.0
OFF-EN-10001539,Office Supplies,Envelopes,7,26,196.0
OFF-EN-10001616,Office Supplies,Envelopes,6,21,171.0
OFF-EN-10001621,Office Supplies,Envelopes,1,2,39.0
OFF-EN-10001627,Office Supplies,Envelopes,6,18,793.0
OFF-EN-10001647,Office Supplies,Envelopes,1,2,27.0
OFF-EN-10001669,Office Supplies,Envelopes,1,4,52.0
OFF-EN-10001680,Office Supplies,Envelopes,3,13,97.0
OFF-EN-10001711,Office Supplies,Envelopes,2,11,118.0
OFF-EN-10001712,Office Supplies,Envelopes,1,2,56.0
OFF-EN-10001715,Office Supplies,Envelopes,1,6,39.0
OFF-EN-10001727,Office Supplies,Envelopes,1,2,18.0
OFF-EN-10001728,Office Supplies,Envelopes,5,21,949.0
OFF-EN-10001733,Office Supplies,Envelopes,1,1,51.0
OFF-EN-10001749,Office Supplies,Envelopes,1,2,30.0
OFF-EN-10001751,Office Supplies,Envelopes,8,27,693.0
OFF-EN-10001755,Office Supplies,Envelopes,5,26,469.0
OFF-EN-10001768,Office Supplies,Envelopes,1,5,17.0
OFF-EN-10001771,Office Supplies,Envelopes,4,19,452.0
OFF-EN-10001789,Office Supplies,Envelopes,7,20,338.0
OFF-EN-10001823,Office Supplies,Envelopes,1,2,44.0
OFF-EN-10001832,Office Supplies,Envelopes,9,40,419.0
OFF-EN-10001852,Office Supplies,Envelopes,4,14,428.0
OFF-EN-10001854,Office Supplies,Envelopes,3,14,211.0
OFF-EN-10001861,Office Supplies,Envelopes,7,27,298.0
OFF-EN-10001870,Office Supplies,Envelopes,2,7,92.0
OFF-EN-10001882,Office Supplies,Envelopes,5,24,480.0
OFF-EN-10001939,Office Supplies,Envelopes,7,42,554.0
OFF-EN-10001940,Office Supplies,Envelopes,4,10,137.0
OFF-EN-10001946,Office Supplies,Envelopes,4,14,556.0
OFF-EN-10001958,Office Supplies,Envelopes,4,13,101.0
OFF-EN-10001975,Office Supplies,Envelopes,9,29,463.0
OFF-EN-10001976,Office Supplies,Envelopes,5,20,819.0
OFF-EN-10001977,Office Supplies,Envelopes,4,12,190.0
OFF-EN-10001979,Office Supplies,Envelopes,9,26,308.0
OFF-EN-10001990,Office Supplies,Envelopes,6,23,129.0
OFF-EN-10001991,Office Supplies,Envelopes,5,14,113.0
OFF-EN-10001993,Office Supplies,Envelopes,9,28,684.0
OFF-EN-10001997,Office Supplies,Envelopes,4,10,206.0
OFF-EN-10002002,Office Supplies,Envelopes,1,2,28.0
OFF-EN-10002003,Office Supplies,Envelopes,5,9,56.0
OFF-EN-10002007,Office Supplies,Envelopes,10,44,436.0
OFF-EN-10002008,Office Supplies,Envelopes,5,29,1073.0
OFF-EN-10002013,Office Supplies,Envelopes,5,19,297.0
OFF-EN-10002015,Office Supplies,Envelopes,6,23,507.0
OFF-EN-10002034,Office Supplies,Envelopes,1,2,27.0
OFF-EN-10002035,Office Supplies,Envelopes,5,25,788.0
OFF-EN-10002046,Office Supplies,Envelopes,2,9,63.0
OFF-EN-10002048,Office Supplies,Envelopes,3,13,292.0
OFF-EN-10002061,Office Supplies,Envelopes,1,14,321.0
OFF-EN-10002065,Office Supplies,Envelopes,7,29,190.0
OFF-EN-10002066,Office Supplies,Envelopes,1,2,61.0
OFF-EN-10002081,Office Supplies,Envelopes,1,2,37.0
OFF-EN-10002090,Office Supplies,Envelopes,3,7,106.0
OFF-EN-10002096,Office Supplies,Envelopes,1,8,80.0
OFF-EN-10002104,Office Supplies,Envelopes,5,21,875.0
OFF-EN-10002119,Office Supplies,Envelopes,4,19,402.0
OFF-EN-10002122,Office Supplies,Envelopes,5,23,625.0
OFF-EN-10002140,Office Supplies,Envelopes,5,33,448.0
OFF-EN-10002166,Office Supplies,Envelopes,3,6,184.0
OFF-EN-10002186,Office Supplies,Envelopes,4,21,371.0
OFF-EN-10002226,Office Supplies,Envelopes,5,13,45.0
OFF-EN-10002230,Office Supplies,Envelopes,6,19,1360.0
OFF-EN-10002240,Office Supplies,Envelopes,3,5,46.0
OFF-EN-10002258,Office Supplies,Envelopes,6,26,863.0
OFF-EN-10002263,Office Supplies,Envelopes,1,2,62.0
OFF-EN-10002312,Office Supplies,Envelopes,4,10,109.0
OFF-EN-10002313,Office Supplies,Envelopes,5,13,447.0
OFF-EN-10002348,Office Supplies,Envelopes,6,23,322.0
OFF-EN-10002372,Office Supplies,Envelopes,5,17,318.0
OFF-EN-10002396,Office Supplies,Envelopes,6,18,417.0
OFF-EN-10002406,Office Supplies,Envelopes,3,12,198.0
OFF-EN-10002410,Office Supplies,Envelopes,5,19,448.0
OFF-EN-10002425,Office Supplies,Envelopes,11,31,422.0
OFF-EN-10002427,Office Supplies,Envelopes,1,1,23.0
OFF-EN-10002434,Office Supplies,Envelopes,5,16,274.0
OFF-EN-10002449,Office Supplies,Envelopes,6,27,1284.0
OFF-EN-10002464,Office Supplies,Envelopes,6,17,331.0
OFF-EN-10002465,Office Supplies,Envelopes,6,22,450.0
OFF-EN-10002472,Office Supplies,Envelopes,4,22,752.0
OFF-EN-10002490,Office Supplies,Envelopes,7,26,416.0
OFF-EN-10002491,Office Supplies,Envelopes,2,4,87.0
OFF-EN-10002500,Office Supplies,Envelopes,7,30,376.0
OFF-EN-10002504,Office Supplies,Envelopes,7,24,571.0
OFF-EN-10002522,Office Supplies,Envelopes,1,4,153.0
OFF-EN-10002524,Office Supplies,Envelopes,1,1,15.0
OFF-EN-10002540,Office Supplies,Envelopes,6,21,234.0
OFF-EN-10002556,Office Supplies,Envelopes,4,13,215.0
OFF-EN-10002559,Office Supplies,Envelopes,7,23,120.0
OFF-EN-10002581,Office Supplies,Envelopes,6,30,583.0
OFF-EN-10002592,Office Supplies,Envelopes,5,19,269.0
OFF-EN-10002600,Office Supplies,Envelopes,7,35,94.0
OFF-EN-10002613,Office Supplies,Envelopes,3,10,68.0
OFF-EN-10002621,Office Supplies,Envelopes,5,9,78.0
OFF-EN-10002624,Office Supplies,Envelopes,5,17,90.0
OFF-EN-10002630,Office Supplies,Envelopes,3,13,167.0
OFF-EN-10002634,Office Supplies,Envelopes,2,4,34.0
OFF-EN-10002671,Office Supplies,Envelopes,2,6,259.0
OFF-EN-10002674,Office Supplies,Envelopes,10,41,1107.0
OFF-EN-10002679,Office Supplies,Envelopes,5,18,634.0
OFF-EN-10002700,Office Supplies,Envelopes,13,36,691.0
OFF-EN-10002710,Office Supplies,Envelopes,4,7,232.0
OFF-EN-10002723,Office Supplies,Envelopes,2,7,357.0
OFF-EN-10002725,Office Supplies,Envelopes,4,12,197.0
OFF-EN-10002728,Office Supplies,Envelopes,3,17,813.0
OFF-EN-10002736,Office Supplies,Envelopes,6,20,247.0
OFF-EN-10002749,Office Supplies,Envelopes,1,1,41.0
OFF-EN-10002752,Office Supplies,Envelopes,1,10,200.0
OFF-EN-10002757,Office Supplies,Envelopes,4,10,389.0
OFF-EN-10002778,Office Supplies,Envelopes,4,11,51.0
OFF-EN-10002784,Office Supplies,Envelopes,6,25,525.0
OFF-EN-10002789,Office Supplies,Envelopes,4,25,483.0
OFF-EN-10002806,Office Supplies,Envelopes,5,18,282.0
OFF-EN-10002808,Office Supplies,Envelopes,1,8,98.0
OFF-EN-10002816,Office Supplies,Envelopes,4,15,193.0
OFF-EN-10002831,Office Supplies,Envelopes,3,17,612.0
OFF-EN-10002849,Office Supplies,Envelopes,2,3,116.0
OFF-EN-10002850,Office Supplies,Envelopes,4,12,234.0
OFF-EN-10002855,Office Supplies,Envelopes,7,36,1157.0
OFF-EN-10002873,Office Supplies,Envelopes,3,9,396.0
OFF-EN-10002891,Office Supplies,Envelopes,2,10,379.0
OFF-EN-10002896,Office Supplies,Envelopes,6,22,270.0
OFF-EN-10002911,Office Supplies,Envelopes,1,4,68.0
OFF-EN-10002924,Office Supplies,Envelopes,5,20,872.0
OFF-EN-10002926,Office Supplies,Envelopes,1,6,61.0
OFF-EN-10002936,Office Supplies,Envelopes,1,2,25.0
OFF-EN-10002955,Office Supplies,Envelopes,3,9,375.0
OFF-EN-10002959,Office Supplies,Envelopes,2,4,44.0
OFF-EN-10002961,Office Supplies,Envelopes,1,2,23.0
OFF-EN-10002973,Office Supplies,Envelopes,3,12,54.0
OFF-EN-10002985,Office Supplies,Envelopes,7,43,723.0
OFF-EN-10002986,Office Supplies,Envelopes,2,13,176.0
OFF-EN-10003000,Office Supplies,Envelopes,6,24,881.0
OFF-EN-10003001,Office Supplies,Envelopes,4,18,1361.0
OFF-EN-10003018,Office Supplies,Envelopes,1,2,20.0
OFF-EN-10003040,Office Supplies,Envelopes,4,11,241.0
OFF-EN-10003049,Office Supplies,Envelopes,2,7,86.0
OFF-EN-10003055,Office Supplies,Envelopes,7,22,784.0
OFF-EN-10003068,Office Supplies,Envelopes,4,9,72.0
OFF-EN-10003069,Office Supplies,Envelopes,5,18,592.0
OFF-EN-10003071,Office Supplies,Envelopes,4,8,46.0
OFF-EN-10003072,Office Supplies,Envelopes,4,18,63.0
OFF-EN-10003073,Office Supplies,Envelopes,2,7,137.0
OFF-EN-10003080,Office Supplies,Envelopes,8,29,666.0
OFF-EN-10003087,Office Supplies,Envelopes,4,15,336.0
OFF-EN-10003094,Office Supplies,Envelopes,4,13,151.0
OFF-EN-10003103,Office Supplies,Envelopes,4,8,248.0
OFF-EN-10003111,Office Supplies,Envelopes,3,22,102.0
OFF-EN-10003134,Office Supplies,Envelopes,7,24,247.0
OFF-EN-10003160,Office Supplies,Envelopes,3,9,65.0
OFF-EN-10003175,Office Supplies,Envelopes,8,28,462.0
OFF-EN-10003176,Office Supplies,Envelopes,2,8,130.0
OFF-EN-10003177,Office Supplies,Envelopes,4,23,937.0
OFF-EN-10003231,Office Supplies,Envelopes,5,21,389.0
OFF-EN-10003271,Office Supplies,Envelopes,4,16,267.0
OFF-EN-10003272,Office Supplies,Envelopes,1,3,6.0
OFF-EN-10003286,Office Supplies,Envelopes,7,35,286.0
OFF-EN-10003296,Office Supplies,Envelopes,5,14,1266.0
OFF-EN-10003299,Office Supplies,Envelopes,1,7,284.0
OFF-EN-10003316,Office Supplies,Envelopes,4,18,236.0
OFF-EN-10003332,Office Supplies,Envelopes,6,29,874.0
OFF-EN-10003352,Office Supplies,Envelopes,8,14,200.0
OFF-EN-10003360,Office Supplies,Envelopes,3,15,601.0
OFF-EN-10003361,Office Supplies,Envelopes,4,20,596.0
OFF-EN-10003373,Office Supplies,Envelopes,3,10,420.0
OFF-EN-10003381,Office Supplies,Envelopes,7,36,1060.0
OFF-EN-10003391,Office Supplies,Envelopes,5,18,293.0
OFF-EN-10003392,Office Supplies,Envelopes,5,17,272.0
OFF-EN-10003398,Office Supplies,Envelopes,1,2,40.0
OFF-EN-10003413,Office Supplies,Envelopes,7,28,1044.0
OFF-EN-10003416,Office Supplies,Envelopes,2,3,19.0
OFF-EN-10003422,Office Supplies,Envelopes,1,4,77.0
OFF-EN-10003425,Office Supplies,Envelopes,3,8,197.0
OFF-EN-10003431,Office Supplies,Envelopes,4,13,648.0
OFF-EN-10003435,Office Supplies,Envelopes,6,15,260.0
OFF-EN-10003444,Office Supplies,Envelopes,2,5,60.0
OFF-EN-10003448,Office Supplies,Envelopes,5,27,260.0
OFF-EN-10003455,Office Supplies,Envelopes,3,9,200.0
OFF-EN-10003463,Office Supplies,Envelopes,3,18,261.0
OFF-EN-10003465,Office Supplies,Envelopes,3,12,280.0
OFF-EN-10003472,Office Supplies,Envelopes,6,30,220.0
OFF-EN-10003484,Office Supplies,Envelopes,3,5,30.0
OFF-EN-10003498,Office Supplies,Envelopes,8,35,1491.0
OFF-EN-10003507,Office Supplies,Envelopes,7,31,352.0
OFF-EN-10003508,Office Supplies,Envelopes,7,19,407.0
OFF-EN-10003511,Office Supplies,Envelopes,1,1,49.0
OFF-EN-10003512,Office Supplies,Envelopes,1,4,75.0
OFF-EN-10003520,Office Supplies,Envelopes,3,15,181.0
OFF-EN-10003529,Office Supplies,Envelopes,16,66,876.0
OFF-EN-10003533,Office Supplies,Envelopes,1,3,30.0
OFF-EN-10003537,Office Supplies,Envelopes,8,31,747.0
OFF-EN-10003540,Office Supplies,Envelopes,2,4,139.0
OFF-EN-10003544,Office Supplies,Envelopes,1,5,23.0
OFF-EN-10003547,Office Supplies,Envelopes,4,19,882.0
OFF-EN-10003550,Office Supplies,Envelopes,3,14,503.0
OFF-EN-10003559,Office Supplies,Envelopes,9,34,240.0
OFF-EN-10003560,Office Supplies,Envelopes,8,34,263.0
OFF-EN-10003567,Office Supplies,Envelopes,3,10,198.0
OFF-EN-10003577,Office Supplies,Envelopes,5,23,359.0
OFF-EN-10003601,Office Supplies,Envelopes,6,17,164.0
OFF-EN-10003604,Office Supplies,Envelopes,1,1,2.0
OFF-EN-10003607,Office Supplies,Envelopes,3,23,235.0
OFF-EN-10003615,Office Supplies,Envelopes,2,12,390.0
OFF-EN-10003619,Office Supplies,Envelopes,3,11,230.0
OFF-EN-10003623,Office Supplies,Envelopes,5,12,383.0
OFF-EN-10003628,Office Supplies,Envelopes,4,20,307.0
OFF-EN-10003630,Office Supplies,Envelopes,6,25,347.0
OFF-EN-10003632,Office Supplies,Envelopes,5,14,343.0
OFF-EN-10003636,Office Supplies,Envelopes,7,30,422.0
OFF-EN-10003661,Office Supplies,Envelopes,5,13,57.0
OFF-EN-10003668,Office Supplies,Envelopes,1,3,34.0
OFF-EN-10003669,Office Supplies,Envelopes,4,20,792.0
OFF-EN-10003673,Office Supplies,Envelopes,1,3,21.0
OFF-EN-10003675,Office Supplies,Envelopes,5,23,689.0
OFF-EN-10003685,Office Supplies,Envelopes,1,5,54.0
OFF-EN-10003689,Office Supplies,Envelopes,3,11,110.0
OFF-EN-10003715,Office Supplies,Envelopes,9,26,580.0
OFF-EN-10003721,Office Supplies,Envelopes,4,10,92.0
OFF-EN-10003728,Office Supplies,Envelopes,8,33,708.0
OFF-EN-10003729,Office Supplies,Envelopes,3,8,121.0
OFF-EN-10003731,Office Supplies,Envelopes,1,3,31.0
OFF-EN-10003733,Office Supplies,Envelopes,1,2,100.0
OFF-EN-10003737,Office Supplies,Envelopes,6,24,798.0
OFF-EN-10003748,Office Supplies,Envelopes,2,6,177.0
OFF-EN-10003770,Office Supplies,Envelopes,1,14,420.0
OFF-EN-10003780,Office Supplies,Envelopes,5,23,432.0
OFF-EN-10003785,Office Supplies,Envelopes,3,10,385.0
OFF-EN-10003798,Office Supplies,Envelopes,2,5,68.0
OFF-EN-10003817,Office Supplies,Envelopes,5,12,192.0
OFF-EN-10003832,Office Supplies,Envelopes,4,27,260.0
OFF-EN-10003834,Office Supplies,Envelopes,2,5,87.0
OFF-EN-10003838,Office Supplies,Envelopes,3,5,108.0
OFF-EN-10003845,Office Supplies,Envelopes,5,16,51.0
OFF-EN-10003850,Office Supplies,Envelopes,10,48,384.0
OFF-EN-10003853,Office Supplies,Envelopes,1,2,40.0
OFF-EN-10003854,Office Supplies,Envelopes,2,5,33.0
OFF-EN-10003858,Office Supplies,Envelopes,1,1,25.0
OFF-EN-10003859,Office Supplies,Envelopes,3,16,320.0
OFF-EN-10003862,Office Supplies,Envelopes,5,20,199.0
OFF-EN-10003885,Office Supplies,Envelopes,1,1,23.0
OFF-EN-10003887,Office Supplies,Envelopes,1,5,68.0
OFF-EN-10003898,Office Supplies,Envelopes,9,34,382.0
OFF-EN-10003904,Office Supplies,Envelopes,5,10,148.0
OFF-EN-10003920,Office Supplies,Envelopes,1,4,31.0
OFF-EN-10003933,Office Supplies,Envelopes,4,21,606.0
OFF-EN-10003936,Office Supplies,Envelopes,7,23,565.0
OFF-EN-10003939,Office Supplies,Envelopes,6,24,651.0
OFF-EN-10003962,Office Supplies,Envelopes,7,25,248.0
OFF-EN-10003977,Office Supplies,Envelopes,6,27,179.0
OFF-EN-10003979,Office Supplies,Envelopes,1,2,25.0
OFF-EN-10003999,Office Supplies,Envelopes,5,17,278.0
OFF-EN-10004007,Office Supplies,Envelopes,1,4,62.0
OFF-EN-10004012,Office Supplies,Envelopes,7,19,204.0
OFF-EN-10004030,Office Supplies,Envelopes,7,21,91.0
OFF-EN-10004051,Office Supplies,Envelopes,5,13,321.0
OFF-EN-10004053,Office Supplies,Envelopes,4,14,390.0
OFF-EN-10004057,Office Supplies,Envelopes,3,15,183.0
OFF-EN-10004074,Office Supplies,Envelopes,3,11,74.0
OFF-EN-10004100,Office Supplies,Envelopes,5,11,287.0
OFF-EN-10004120,Office Supplies,Envelopes,5,13,250.0
OFF-EN-10004144,Office Supplies,Envelopes,7,30,277.0
OFF-EN-10004147,Office Supplies,Envelopes,3,9,50.0
OFF-EN-10004150,Office Supplies,Envelopes,5,18,284.0
OFF-EN-10004173,Office Supplies,Envelopes,6,27,405.0
OFF-EN-10004181,Office Supplies,Envelopes,1,3,44.0
OFF-EN-10004183,Office Supplies,Envelopes,9,30,357.0
OFF-EN-10004186,Office Supplies,Envelopes,8,29,1002.0
OFF-EN-10004190,Office Supplies,Envelopes,7,24,539.0
OFF-EN-10004206,Office Supplies,Envelopes,1,2,326.0
OFF-EN-10004211,Office Supplies,Envelopes,4,18,237.0
OFF-EN-10004212,Office Supplies,Envelopes,1,3,76.0
OFF-EN-10004254,Office Supplies,Envelopes,1,2,53.0
OFF-EN-10004296,Office Supplies,Envelopes,5,21,779.0
OFF-EN-10004303,Office Supplies,Envelopes,1,7,126.0
OFF-EN-10004305,Office Supplies,Envelopes,1,2,34.0
OFF-EN-10004309,Office Supplies,Envelopes,1,2,19.0
OFF-EN-10004386,Office Supplies,Envelopes,5,12,260.0
OFF-EN-10004404,Office Supplies,Envelopes,3,10,296.0
OFF-EN-10004410,Office Supplies,Envelopes,11,51,1131.0
OFF-EN-10004418,Office Supplies,Envelopes,3,15,131.0
OFF-EN-10004422,Office Supplies,Envelopes,7,23,343.0
OFF-EN-10004424,Office Supplies,Envelopes,4,13,622.0
OFF-EN-10004443,Office Supplies,Envelopes,1,10,102.0
OFF-EN-10004453,Office Supplies,Envelopes,1,2,99.0
OFF-EN-10004459,Office Supplies,Envelopes,9,23,162.0
OFF-EN-10004462,Office Supplies,Envelopes,3,16,271.0
OFF-EN-10004469,Office Supplies,Envelopes,1,4,99.0
OFF-EN-10004470,Office Supplies,Envelopes,10,29,159.0
OFF-EN-10004473,Office Supplies,Envelopes,9,29,1320.0
OFF-EN-10004479,Office Supplies,Envelopes,1,2,5.0
OFF-EN-10004483,Office Supplies,Envelopes,7,32,489.0
OFF-EN-10004486,Office Supplies,Envelopes,5,20,278.0
OFF-EN-10004491,Office Supplies,Envelopes,3,12,309.0
OFF-EN-10004493,Office Supplies,Envelopes,4,15,384.0
OFF-EN-10004495,Office Supplies,Envelopes,5,24,428.0
OFF-EN-10004503,Office Supplies,Envelopes,4,13,297.0
OFF-EN-10004507,Office Supplies,Envelopes,1,4,154.0
OFF-EN-10004518,Office Supplies,Envelopes,5,25,623.0
OFF-EN-10004521,Office Supplies,Envelopes,1,2,54.0
OFF-EN-10004525,Office Supplies,Envelopes,7,17,226.0
OFF-EN-10004526,Office Supplies,Envelopes,7,28,999.0
OFF-EN-10004537,Office Supplies,Envelopes,4,18,162.0
OFF-EN-10004547,Office Supplies,Envelopes,4,17,117.0
OFF-EN-10004550,Office Supplies,Envelopes,4,14,392.0
OFF-EN-10004560,Office Supplies,Envelopes,14,47,708.0
OFF-EN-10004564,Office Supplies,Envelopes,1,3,30.0
OFF-EN-10004568,Office Supplies,Envelopes,5,19,211.0
OFF-EN-10004571,Office Supplies,Envelopes,4,17,378.0
OFF-EN-10004580,Office Supplies,Envelopes,7,27,836.0
OFF-EN-10004590,Office Supplies,Envelopes,5,11,213.0
OFF-EN-10004597,Office Supplies,Envelopes,4,14,299.0
OFF-EN-10004604,Office Supplies,Envelopes,1,5,47.0
OFF-EN-10004649,Office Supplies,Envelopes,9,32,964.0
OFF-EN-10004667,Office Supplies,Envelopes,5,17,799.0
OFF-EN-10004677,Office Supplies,Envelopes,2,8,208.0
OFF-EN-10004684,Office Supplies,Envelopes,2,10,354.0
OFF-EN-10004742,Office Supplies,Envelopes,2,8,195.0
OFF-EN-10004744,Office Supplies,Envelopes,4,14,488.0
OFF-EN-10004755,Office Supplies,Envelopes,2,11,225.0
OFF-EN-10004759,Office Supplies,Envelopes,5,18,739.0
OFF-EN-10004773,Office Supplies,Envelopes,4,15,434.0
OFF-EN-10004775,Office Supplies,Envelopes,5,11,247.0
OFF-EN-10004784,Office Supplies,Envelopes,3,11,164.0
OFF-EN-10004788,Office Supplies,Envelopes,9,36,571.0
OFF-EN-10004793,Office Supplies,Envelopes,4,20,602.0
OFF-EN-10004801,Office Supplies,Envelopes,1,2,19.0
OFF-EN-10004820,Office Supplies,Envelopes,3,12,196.0
OFF-EN-10004840,Office Supplies,Envelopes,2,8,52.0
OFF-EN-10004846,Office Supplies,Envelopes,4,16,37.0
OFF-EN-10004849,Office Supplies,Envelopes,5,37,1145.0
OFF-EN-10004870,Office Supplies,Envelopes,6,31,677.0
OFF-EN-10004885,Office Supplies,Envelopes,5,24,918.0
OFF-EN-10004892,Office Supplies,Envelopes,4,11,244.0
OFF-EN-10004895,Office Supplies,Envelopes,5,16,540.0
OFF-EN-10004899,Office Supplies,Envelopes,7,23,465.0
OFF-EN-10004903,Office Supplies,Envelopes,5,24,440.0
OFF-EN-10004904,Office Supplies,Envelopes,2,8,216.0
OFF-EN-10004909,Office Supplies,Envelopes,5,17,185.0
OFF-EN-10004935,Office Supplies,Envelopes,6,20,175.0
OFF-EN-10004938,Office Supplies,Envelopes,3,11,123.0
OFF-EN-10004941,Office Supplies,Envelopes,8,25,479.0
OFF-EN-10004955,Office Supplies,Envelopes,3,15,78.0
OFF-EN-10004956,Office Supplies,Envelopes,2,8,90.0
OFF-EN-10004958,Office Supplies,Envelopes,5,12,295.0
OFF-EN-10004970,Office Supplies,Envelopes,4,13,310.0
OFF-EN-10004977,Office Supplies,Envelopes,3,20,265.0
OFF-EN-10004981,Office Supplies,Envelopes,2,6,292.0
OFF-EN-10004988,Office Supplies,Envelopes,4,15,342.0
OFF-EN-10004989,Office Supplies,Envelopes,6,30,497.0
OFF-EN-10004995,Office Supplies,Envelopes,4,13,422.0
OFF-ENE-10000012,Office Supplies,Paper,3,6,65.0
OFF-ENE-10000199,Office Supplies,Paper,2,2,39.0
OFF-ENE-10000516,Office Supplies,Paper,3,3,59.0
OFF-ENE-10000935,Office Supplies,Paper,2,7,110.0
OFF-ENE-10001117,Office Supplies,Paper,1,4,43.0
OFF-ENE-10001291,Office Supplies,Paper,3,4,94.0
OFF-ENE-10001356,Office Supplies,Paper,5,7,253.0
OFF-ENE-10001906,Office Supplies,Paper,7,8,177.0
OFF-ENE-10002038,Office Supplies,Paper,1,1,9.0
OFF-ENE-10002093,Office Supplies,Paper,5,7,91.0
OFF-ENE-10002104,Office Supplies,Paper,4,13,353.0
OFF-ENE-10002470,Office Supplies,Paper,1,2,102.0
OFF-ENE-10002784,Office Supplies,Paper,6,9,129.0
OFF-ENE-10002833,Office Supplies,Paper,7,16,636.0
OFF-ENE-10002922,Office Supplies,Paper,8,19,543.0
OFF-ENE-10003066,Office Supplies,Paper,1,1,17.0
OFF-ENE-10003274,Office Supplies,Paper,4,6,120.0
OFF-ENE-10003314,Office Supplies,Paper,5,12,78.0
OFF-ENE-10003409,Office Supplies,Paper,3,6,94.0
OFF-ENE-10003549,Office Supplies,Paper,3,4,66.0
OFF-ENE-10004132,Office Supplies,Paper,2,10,326.0
OFF-ENE-10004377,Office Supplies,Paper,1,6,170.0
OFF-ENE-10004401,Office Supplies,Paper,3,7,108.0
OFF-ENE-10004866,Office Supplies,Paper,1,1,6.0
OFF-FA-10000010,Office Supplies,Fasteners,5,15,148.0
OFF-FA-10000027,Office Supplies,Fasteners,7,26,336.0
OFF-FA-10000038,Office Supplies,Fasteners,9,22,271.0
OFF-FA-10000046,Office Supplies,Fasteners,3,10,82.0
OFF-FA-10000053,Office Supplies,Fasteners,6,29,49.0
OFF-FA-10000059,Office Supplies,Fasteners,2,6,83.0
OFF-FA-10000067,Office Supplies,Fasteners,2,5,51.0
OFF-FA-10000074,Office Supplies,Fasteners,1,2,17.0
OFF-FA-10000087,Office Supplies,Fasteners,4,15,150.0
OFF-FA-10000089,Office Supplies,Fasteners,2,7,49.0
OFF-FA-10000091,Office Supplies,Fasteners,4,15,126.0
OFF-FA-10000099,Office Supplies,Fasteners,3,15,122.0
OFF-FA-10000122,Office Supplies,Fasteners,1,4,27.0
OFF-FA-10000131,Office Supplies,Fasteners,3,16,176.0
OFF-FA-10000134,Office Supplies,Fasteners,6,29,156.0
OFF-FA-10000136,Office Supplies,Fasteners,2,7,66.0
OFF-FA-10000146,Office Supplies,Fasteners,2,6,84.0
OFF-FA-10000154,Office Supplies,Fasteners,5,15,183.0
OFF-FA-10000179,Office Supplies,Fasteners,4,17,228.0
OFF-FA-10000189,Office Supplies,Fasteners,6,16,216.0
OFF-FA-10000191,Office Supplies,Fasteners,1,4,62.0
OFF-FA-10000194,Office Supplies,Fasteners,6,22,194.0
OFF-FA-10000196,Office Supplies,Fasteners,1,8,31.0
OFF-FA-10000197,Office Supplies,Fasteners,8,31,304.0
OFF-FA-10000207,Office Supplies,Fasteners,1,3,52.0
OFF-FA-10000227,Office Supplies,Fasteners,3,9,179.0
OFF-FA-10000248,Office Supplies,Fasteners,7,21,254.0
OFF-FA-10000254,Office Supplies,Fasteners,2,5,20.0
OFF-FA-10000256,Office Supplies,Fasteners,3,9,170.0
OFF-FA-10000260,Office Supplies,Fasteners,3,15,184.0
OFF-FA-10000263,Office Supplies,Fasteners,7,30,336.0
OFF-FA-10000294,Office Supplies,Fasteners,7,24,399.0
OFF-FA-10000300,Office Supplies,Fasteners,10,36,218.0
OFF-FA-10000304,Office Supplies,Fasteners,7,27,55.0
OFF-FA-10000349,Office Supplies,Fasteners,1,3,43.0
OFF-FA-10000353,Office Supplies,Fasteners,12,45,484.0
OFF-FA-10000401,Office Supplies,Fasteners,3,14,104.0
OFF-FA-10000406,Office Supplies,Fasteners,6,13,111.0
OFF-FA-10000411,Office Supplies,Fasteners,3,6,85.0
OFF-FA-10000429,Office Supplies,Fasteners,2,6,86.0
OFF-FA-10000439,Office Supplies,Fasteners,6,18,129.0
OFF-FA-10000447,Office Supplies,Fasteners,4,13,121.0
OFF-FA-10000455,Office Supplies,Fasteners,9,28,233.0
OFF-FA-10000459,Office Supplies,Fasteners,1,2,28.0
OFF-FA-10000467,Office Supplies,Fasteners,10,49,444.0
OFF-FA-10000470,Office Supplies,Fasteners,4,11,81.0
OFF-FA-10000471,Office Supplies,Fasteners,2,10,106.0
OFF-FA-10000474,Office Supplies,Fasteners,1,2,22.0
OFF-FA-10000475,Office Supplies,Fasteners,6,28,231.0
OFF-FA-10000487,Office Supplies,Fasteners,1,3,42.0
OFF-FA-10000490,Office Supplies,Fasteners,5,13,15.0
OFF-FA-10000509,Office Supplies,Fasteners,5,24,304.0
OFF-FA-10000520,Office Supplies,Fasteners,7,25,328.0
OFF-FA-10000522,Office Supplies,Fasteners,7,35,242.0
OFF-FA-10000540,Office Supplies,Fasteners,3,12,66.0
OFF-FA-10000549,Office Supplies,Fasteners,4,19,168.0
OFF-FA-10000563,Office Supplies,Fasteners,6,20,136.0
OFF-FA-10000571,Office Supplies,Fasteners,3,9,127.0
OFF-FA-10000577,Office Supplies,Fasteners,7,22,220.0
OFF-FA-10000581,Office Supplies,Fasteners,7,25,253.0
OFF-FA-10000585,Office Supplies,Fasteners,8,30,91.0
OFF-FA-10000611,Office Supplies,Fasteners,7,27,36.0
OFF-FA-10000621,Office Supplies,Fasteners,7,44,139.0
OFF-FA-10000624,Office Supplies,Fasteners,7,38,128.0
OFF-FA-10000631,Office Supplies,Fasteners,6,30,248.0
OFF-FA-10000644,Office Supplies,Fasteners,5,17,154.0
OFF-FA-10000659,Office Supplies,Fasteners,1,6,110.0
OFF-FA-10000670,Office Supplies,Fasteners,8,47,702.0
OFF-FA-10000697,Office Supplies,Fasteners,6,20,266.0
OFF-FA-10000700,Office Supplies,Fasteners,5,19,133.0
OFF-FA-10000713,Office Supplies,Fasteners,9,34,333.0
OFF-FA-10000720,Office Supplies,Fasteners,2,8,86.0
OFF-FA-10000735,Office Supplies,Fasteners,5,19,55.0
OFF-FA-10000740,Office Supplies,Fasteners,1,2,11.0
OFF-FA-10000746,Office Supplies,Fasteners,5,18,192.0
OFF-FA-10000757,Office Supplies,Fasteners,6,28,249.0
OFF-FA-10000790,Office Supplies,Fasteners,1,2,33.0
OFF-FA-10000799,Office Supplies,Fasteners,3,5,75.0
OFF-FA-10000801,Office Supplies,Fasteners,9,29,260.0
OFF-FA-10000805,Office Supplies,Fasteners,1,2,12.0
OFF-FA-10000834,Office Supplies,Fasteners,4,8,59.0
OFF-FA-10000838,Office Supplies,Fasteners,5,19,201.0
OFF-FA-10000840,Office Supplies,Fasteners,3,13,13.0
OFF-FA-10000856,Office Supplies,Fasteners,3,17,196.0
OFF-FA-10000899,Office Supplies,Fasteners,5,27,419.0
OFF-FA-10000907,Office Supplies,Fasteners,1,4,68.0
OFF-FA-10000936,Office Supplies,Fasteners,6,23,68.0
OFF-FA-10000974,Office Supplies,Fasteners,6,16,188.0
OFF-FA-10000992,Office Supplies,Fasteners,5,19,67.0
OFF-FA-10000999,Office Supplies,Fasteners,2,5,55.0
OFF-FA-10001010,Office Supplies,Fasteners,5,23,252.0
OFF-FA-10001026,Office Supplies,Fasteners,13,67,714.0
OFF-FA-10001029,Office Supplies,Fasteners,6,27,222.0
OFF-FA-10001030,Office Supplies,Fasteners,2,6,84.0
OFF-FA-10001039,Office Supplies,Fasteners,1,1,11.0
OFF-FA-10001045,Office Supplies,Fasteners,7,25,210.0
OFF-FA-10001051,Office Supplies,Fasteners,3,13,223.0
OFF-FA-10001052,Office Supplies,Fasteners,3,15,114.0
OFF-FA-10001054,Office Supplies,Fasteners,3,9,117.0
OFF-FA-10001057,Office Supplies,Fasteners,3,13,212.0
OFF-FA-10001072,Office Supplies,Fasteners,4,14,185.0
OFF-FA-10001082,Office Supplies,Fasteners,10,42,307.0
OFF-FA-10001086,Office Supplies,Fasteners,2,10,74.0
OFF-FA-10001097,Office Supplies,Fasteners,10,39,440.0
OFF-FA-10001104,Office Supplies,Fasteners,3,11,99.0
OFF-FA-10001111,Office Supplies,Fasteners,1,2,13.0
OFF-FA-10001113,Office Supplies,Fasteners,9,25,292.0
OFF-FA-10001115,Office Supplies,Fasteners,2,14,120.0
OFF-FA-10001126,Office Supplies,Fasteners,4,10,117.0
OFF-FA-10001128,Office Supplies,Fasteners,2,6,61.0
OFF-FA-10001135,Office Supplies,Fasteners,3,7,13.0
OFF-FA-10001152,Office Supplies,Fasteners,1,8,152.0
OFF-FA-10001175,Office Supplies,Fasteners,3,14,76.0
OFF-FA-10001184,Office Supplies,Fasteners,2,7,58.0
OFF-FA-10001187,Office Supplies,Fasteners,3,13,158.0
OFF-FA-10001199,Office Supplies,Fasteners,5,24,165.0
OFF-FA-10001213,Office Supplies,Fasteners,1,2,28.0
OFF-FA-10001228,Office Supplies,Fasteners,6,14,179.0
OFF-FA-10001229,Office Supplies,Fasteners,3,9,30.0
OFF-FA-10001237,Office Supplies,Fasteners,4,18,139.0
OFF-FA-10001246,Office Supplies,Fasteners,5,15,171.0
OFF-FA-10001272,Office Supplies,Fasteners,2,2,24.0
OFF-FA-10001297,Office Supplies,Fasteners,5,20,195.0
OFF-FA-10001304,Office Supplies,Fasteners,7,28,273.0
OFF-FA-10001309,Office Supplies,Fasteners,7,30,274.0
OFF-FA-10001330,Office Supplies,Fasteners,5,18,202.0
OFF-FA-10001332,Office Supplies,Fasteners,5,15,41.0
OFF-FA-10001337,Office Supplies,Fasteners,7,27,133.0
OFF-FA-10001339,Office Supplies,Fasteners,4,16,174.0
OFF-FA-10001348,Office Supplies,Fasteners,2,6,62.0
OFF-FA-10001359,Office Supplies,Fasteners,2,4,55.0
OFF-FA-10001375,Office Supplies,Fasteners,8,33,424.0
OFF-FA-10001401,Office Supplies,Fasteners,5,19,127.0
OFF-FA-10001419,Office Supplies,Fasteners,1,2,19.0
OFF-FA-10001427,Office Supplies,Fasteners,6,25,230.0
OFF-FA-10001435,Office Supplies,Fasteners,5,27,264.0
OFF-FA-10001476,Office Supplies,Fasteners,4,13,101.0
OFF-FA-10001520,Office Supplies,Fasteners,3,14,182.0
OFF-FA-10001521,Office Supplies,Fasteners,4,11,83.0
OFF-FA-10001526,Office Supplies,Fasteners,3,8,114.0
OFF-FA-10001530,Office Supplies,Fasteners,6,19,266.0
OFF-FA-10001551,Office Supplies,Fasteners,5,16,197.0
OFF-FA-10001561,Office Supplies,Fasteners,8,34,69.0
OFF-FA-10001563,Office Supplies,Fasteners,3,6,58.0
OFF-FA-10001567,Office Supplies,Fasteners,7,17,122.0
OFF-FA-10001574,Office Supplies,Fasteners,3,18,349.0
OFF-FA-10001577,Office Supplies,Fasteners,4,11,119.0
OFF-FA-10001596,Office Supplies,Fasteners,6,33,479.0
OFF-FA-10001613,Office Supplies,Fasteners,4,9,112.0
OFF-FA-10001621,Office Supplies,Fasteners,9,38,408.0
OFF-FA-10001631,Office Supplies,Fasteners,1,4,26.0
OFF-FA-10001650,Office Supplies,Fasteners,5,18,169.0
OFF-FA-10001651,Office Supplies,Fasteners,3,9,81.0
OFF-FA-10001670,Office Supplies,Fasteners,2,7,26.0
OFF-FA-10001680,Office Supplies,Fasteners,6,13,194.0
OFF-FA-10001684,Office Supplies,Fasteners,5,14,97.0
OFF-FA-10001698,Office Supplies,Fasteners,4,19,317.0
OFF-FA-10001700,Office Supplies,Fasteners,6,15,148.0
OFF-FA-10001702,Office Supplies,Fasteners,8,20,229.0
OFF-FA-10001710,Office Supplies,Fasteners,1,2,33.0
OFF-FA-10001711,Office Supplies,Fasteners,3,8,123.0
OFF-FA-10001718,Office Supplies,Fasteners,6,27,158.0
OFF-FA-10001724,Office Supplies,Fasteners,4,20,216.0
OFF-FA-10001727,Office Supplies,Fasteners,6,32,232.0
OFF-FA-10001754,Office Supplies,Fasteners,2,5,8.0
OFF-FA-10001761,Office Supplies,Fasteners,9,35,266.0
OFF-FA-10001764,Office Supplies,Fasteners,1,6,68.0
OFF-FA-10001776,Office Supplies,Fasteners,5,12,123.0
OFF-FA-10001783,Office Supplies,Fasteners,4,17,283.0
OFF-FA-10001800,Office Supplies,Fasteners,2,18,182.0
OFF-FA-10001815,Office Supplies,Fasteners,3,10,92.0
OFF-FA-10001832,Office Supplies,Fasteners,1,3,13.0
OFF-FA-10001838,Office Supplies,Fasteners,4,17,192.0
OFF-FA-10001843,Office Supplies,Fasteners,4,22,50.0
OFF-FA-10001871,Office Supplies,Fasteners,3,9,97.0
OFF-FA-10001877,Office Supplies,Fasteners,8,30,248.0
OFF-FA-10001883,Office Supplies,Fasteners,4,27,197.0
OFF-FA-10001892,Office Supplies,Fasteners,5,9,145.0
OFF-FA-10001925,Office Supplies,Fasteners,5,20,167.0
OFF-FA-10001953,Office Supplies,Fasteners,1,4,77.0
OFF-FA-10001957,Office Supplies,Fasteners,1,6,54.0
OFF-FA-10001963,Office Supplies,Fasteners,1,1,10.0
OFF-FA-10002011,Office Supplies,Fasteners,4,24,266.0
OFF-FA-10002015,Office Supplies,Fasteners,7,21,215.0
OFF-FA-10002017,Office Supplies,Fasteners,4,29,318.0
OFF-FA-10002025,Office Supplies,Fasteners,1,2,23.0
OFF-FA-10002045,Office Supplies,Fasteners,2,3,49.0
OFF-FA-10002047,Office Supplies,Fasteners,4,11,119.0
OFF-FA-10002058,Office Supplies,Fasteners,4,13,111.0
OFF-FA-10002061,Office Supplies,Fasteners,1,2,28.0
OFF-FA-10002066,Office Supplies,Fasteners,6,23,455.0
OFF-FA-10002071,Office Supplies,Fasteners,4,18,200.0
OFF-FA-10002084,Office Supplies,Fasteners,6,25,199.0
OFF-FA-10002085,Office Supplies,Fasteners,5,25,259.0
OFF-FA-10002100,Office Supplies,Fasteners,8,24,202.0
OFF-FA-10002101,Office Supplies,Fasteners,2,6,70.0
OFF-FA-10002120,Office Supplies,Fasteners,4,10,68.0
OFF-FA-10002156,Office Supplies,Fasteners,4,23,302.0
OFF-FA-10002163,Office Supplies,Fasteners,6,27,222.0
OFF-FA-10002175,Office Supplies,Fasteners,2,10,67.0
OFF-FA-10002177,Office Supplies,Fasteners,6,15,284.0
OFF-FA-10002226,Office Supplies,Fasteners,3,7,93.0
OFF-FA-10002241,Office Supplies,Fasteners,6,30,533.0
OFF-FA-10002247,Office Supplies,Fasteners,9,38,460.0
OFF-FA-10002248,Office Supplies,Fasteners,7,27,211.0
OFF-FA-10002264,Office Supplies,Fasteners,3,13,182.0
OFF-FA-10002268,Office Supplies,Fasteners,3,6,72.0
OFF-FA-10002280,Office Supplies,Fasteners,10,47,225.0
OFF-FA-10002286,Office Supplies,Fasteners,8,37,313.0
OFF-FA-10002308,Office Supplies,Fasteners,3,11,114.0
OFF-FA-10002350,Office Supplies,Fasteners,5,17,150.0
OFF-FA-10002353,Office Supplies,Fasteners,3,21,189.0
OFF-FA-10002358,Office Supplies,Fasteners,3,15,139.0
OFF-FA-10002360,Office Supplies,Fasteners,5,21,180.0
OFF-FA-10002388,Office Supplies,Fasteners,6,28,285.0
OFF-FA-10002393,Office Supplies,Fasteners,2,5,59.0
OFF-FA-10002427,Office Supplies,Fasteners,6,17,127.0
OFF-FA-10002444,Office Supplies,Fasteners,1,1,11.0
OFF-FA-10002453,Office Supplies,Fasteners,3,14,115.0
OFF-FA-10002459,Office Supplies,Fasteners,5,19,318.0
OFF-FA-10002481,Office Supplies,Fasteners,9,26,397.0
OFF-FA-10002491,Office Supplies,Fasteners,8,29,266.0
OFF-FA-10002506,Office Supplies,Fasteners,1,5,41.0
OFF-FA-10002526,Office Supplies,Fasteners,6,27,182.0
OFF-FA-10002531,Office Supplies,Fasteners,1,2,14.0
OFF-FA-10002539,Office Supplies,Fasteners,4,11,149.0
OFF-FA-10002552,Office Supplies,Fasteners,4,20,115.0
OFF-FA-10002569,Office Supplies,Fasteners,4,14,123.0
OFF-FA-10002577,Office Supplies,Fasteners,4,13,161.0
OFF-FA-10002597,Office Supplies,Fasteners,3,24,295.0
OFF-FA-10002600,Office Supplies,Fasteners,4,13,117.0
OFF-FA-10002617,Office Supplies,Fasteners,5,23,289.0
OFF-FA-10002619,Office Supplies,Fasteners,7,28,408.0
OFF-FA-10002632,Office Supplies,Fasteners,2,5,28.0
OFF-FA-10002635,Office Supplies,Fasteners,4,10,130.0
OFF-FA-10002636,Office Supplies,Fasteners,3,9,93.0
OFF-FA-10002637,Office Supplies,Fasteners,1,2,24.0
OFF-FA-10002639,Office Supplies,Fasteners,1,6,66.0
OFF-FA-10002652,Office Supplies,Fasteners,6,16,140.0
OFF-FA-10002676,Office Supplies,Fasteners,5,15,25.0
OFF-FA-10002683,Office Supplies,Fasteners,1,5,39.0
OFF-FA-10002701,Office Supplies,Fasteners,2,8,13.0
OFF-FA-10002708,Office Supplies,Fasteners,1,2,5.0
OFF-FA-10002715,Office Supplies,Fasteners,7,20,318.0
OFF-FA-10002717,Office Supplies,Fasteners,1,4,41.0
OFF-FA-10002719,Office Supplies,Fasteners,14,52,522.0
OFF-FA-10002728,Office Supplies,Fasteners,2,13,178.0
OFF-FA-10002752,Office Supplies,Fasteners,4,12,129.0
OFF-FA-10002759,Office Supplies,Fasteners,2,7,134.0
OFF-FA-10002763,Office Supplies,Fasteners,6,25,88.0
OFF-FA-10002780,Office Supplies,Fasteners,5,37,93.0
OFF-FA-10002782,Office Supplies,Fasteners,3,11,76.0
OFF-FA-10002790,Office Supplies,Fasteners,2,10,134.0
OFF-FA-10002791,Office Supplies,Fasteners,2,5,56.0
OFF-FA-10002803,Office Supplies,Fasteners,3,23,254.0
OFF-FA-10002815,Office Supplies,Fasteners,4,15,76.0
OFF-FA-10002831,Office Supplies,Fasteners,1,2,5.0
OFF-FA-10002835,Office Supplies,Fasteners,4,13,67.0
OFF-FA-10002890,Office Supplies,Fasteners,4,21,149.0
OFF-FA-10002895,Office Supplies,Fasteners,14,49,485.0
OFF-FA-10002900,Office Supplies,Fasteners,1,2,15.0
OFF-FA-10002964,Office Supplies,Fasteners,2,8,103.0
OFF-FA-10002965,Office Supplies,Fasteners,2,6,117.0
OFF-FA-10002975,Office Supplies,Fasteners,4,24,76.0
OFF-FA-10002983,Office Supplies,Fasteners,3,15,46.0
OFF-FA-10002988,Office Supplies,Fasteners,8,33,59.0
OFF-FA-10002991,Office Supplies,Fasteners,9,35,272.0
OFF-FA-10002992,Office Supplies,Fasteners,1,2,9.0
OFF-FA-10003004,Office Supplies,Fasteners,5,24,189.0
OFF-FA-10003007,Office Supplies,Fasteners,3,17,157.0
OFF-FA-10003015,Office Supplies,Fasteners,2,3,20.0
OFF-FA-10003020,Office Supplies,Fasteners,4,16,130.0
OFF-FA-10003021,Office Supplies,Fasteners,6,22,36.0
OFF-FA-10003022,Office Supplies,Fasteners,8,22,222.0
OFF-FA-10003034,Office Supplies,Fasteners,2,8,48.0
OFF-FA-10003050,Office Supplies,Fasteners,3,12,140.0
OFF-FA-10003054,Office Supplies,Fasteners,1,2,20.0
OFF-FA-10003058,Office Supplies,Fasteners,7,21,178.0
OFF-FA-10003059,Office Supplies,Fasteners,8,21,34.0
OFF-FA-10003112,Office Supplies,Fasteners,7,22,148.0
OFF-FA-10003123,Office Supplies,Fasteners,6,24,142.0
OFF-FA-10003139,Office Supplies,Fasteners,7,19,228.0
OFF-FA-10003144,Office Supplies,Fasteners,2,5,63.0
OFF-FA-10003161,Office Supplies,Fasteners,5,21,235.0
OFF-FA-10003186,Office Supplies,Fasteners,6,27,359.0
OFF-FA-10003213,Office Supplies,Fasteners,1,4,54.0
OFF-FA-10003218,Office Supplies,Fasteners,4,26,303.0
OFF-FA-10003257,Office Supplies,Fasteners,3,14,136.0
OFF-FA-10003266,Office Supplies,Fasteners,1,4,39.0
OFF-FA-10003318,Office Supplies,Fasteners,3,13,181.0
OFF-FA-10003332,Office Supplies,Fasteners,2,3,23.0
OFF-FA-10003378,Office Supplies,Fasteners,3,12,154.0
OFF-FA-10003399,Office Supplies,Fasteners,1,5,18.0
OFF-FA-10003411,Office Supplies,Fasteners,2,9,102.0
OFF-FA-10003415,Office Supplies,Fasteners,1,2,28.0
OFF-FA-10003429,Office Supplies,Fasteners,1,1,13.0
OFF-FA-10003437,Office Supplies,Fasteners,5,19,334.0
OFF-FA-10003450,Office Supplies,Fasteners,1,2,27.0
OFF-FA-10003462,Office Supplies,Fasteners,4,11,116.0
OFF-FA-10003463,Office Supplies,Fasteners,7,35,340.0
OFF-FA-10003464,Office Supplies,Fasteners,3,10,95.0
OFF-FA-10003467,Office Supplies,Fasteners,4,15,30.0
OFF-FA-10003472,Office Supplies,Fasteners,5,21,27.0
OFF-FA-10003485,Office Supplies,Fasteners,2,12,27.0
OFF-FA-10003495,Office Supplies,Fasteners,7,35,190.0
OFF-FA-10003496,Office Supplies,Fasteners,8,24,184.0
OFF-FA-10003499,Office Supplies,Fasteners,5,18,162.0
OFF-FA-10003505,Office Supplies,Fasteners,3,10,142.0
OFF-FA-10003529,Office Supplies,Fasteners,4,12,86.0
OFF-FA-10003530,Office Supplies,Fasteners,9,35,605.0
OFF-FA-10003531,Office Supplies,Fasteners,1,3,41.0
OFF-FA-10003542,Office Supplies,Fasteners,1,5,14.0
OFF-FA-10003546,Office Supplies,Fasteners,1,2,27.0
OFF-FA-10003587,Office Supplies,Fasteners,3,10,72.0
OFF-FA-10003595,Office Supplies,Fasteners,4,13,93.0
OFF-FA-10003596,Office Supplies,Fasteners,5,20,224.0
OFF-FA-10003604,Office Supplies,Fasteners,5,17,146.0
OFF-FA-10003605,Office Supplies,Fasteners,5,24,231.0
OFF-FA-10003615,Office Supplies,Fasteners,6,19,99.0
OFF-FA-10003626,Office Supplies,Fasteners,5,19,233.0
OFF-FA-10003631,Office Supplies,Fasteners,3,6,61.0
OFF-FA-10003638,Office Supplies,Fasteners,8,31,332.0
OFF-FA-10003659,Office Supplies,Fasteners,5,14,100.0
OFF-FA-10003668,Office Supplies,Fasteners,1,6,58.0
OFF-FA-10003685,Office Supplies,Fasteners,1,2,33.0
OFF-FA-10003703,Office Supplies,Fasteners,1,2,34.0
OFF-FA-10003716,Office Supplies,Fasteners,3,7,108.0
OFF-FA-10003717,Office Supplies,Fasteners,1,5,97.0
OFF-FA-10003727,Office Supplies,Fasteners,2,16,197.0
OFF-FA-10003730,Office Supplies,Fasteners,7,31,408.0
OFF-FA-10003734,Office Supplies,Fasteners,7,16,176.0
OFF-FA-10003744,Office Supplies,Fasteners,4,14,121.0
OFF-FA-10003745,Office Supplies,Fasteners,10,44,669.0
OFF-FA-10003749,Office Supplies,Fasteners,1,4,17.0
OFF-FA-10003779,Office Supplies,Fasteners,5,14,170.0
OFF-FA-10003782,Office Supplies,Fasteners,6,20,256.0
OFF-FA-10003789,Office Supplies,Fasteners,5,14,184.0
OFF-FA-10003797,Office Supplies,Fasteners,3,10,87.0
OFF-FA-10003799,Office Supplies,Fasteners,3,14,140.0
OFF-FA-10003815,Office Supplies,Fasteners,2,11,116.0
OFF-FA-10003816,Office Supplies,Fasteners,1,1,6.0
OFF-FA-10003817,Office Supplies,Fasteners,5,20,328.0
OFF-FA-10003818,Office Supplies,Fasteners,6,35,285.0
OFF-FA-10003819,Office Supplies,Fasteners,6,16,185.0
OFF-FA-10003833,Office Supplies,Fasteners,5,19,195.0
OFF-FA-10003836,Office Supplies,Fasteners,6,10,160.0
OFF-FA-10003838,Office Supplies,Fasteners,5,21,275.0
OFF-FA-10003850,Office Supplies,Fasteners,1,3,11.0
OFF-FA-10003879,Office Supplies,Fasteners,12,47,320.0
OFF-FA-10003885,Office Supplies,Fasteners,7,25,208.0
OFF-FA-10003891,Office Supplies,Fasteners,6,16,148.0
OFF-FA-10003892,Office Supplies,Fasteners,7,26,233.0
OFF-FA-10003893,Office Supplies,Fasteners,5,15,182.0
OFF-FA-10003897,Office Supplies,Fasteners,1,8,113.0
OFF-FA-10003911,Office Supplies,Fasteners,9,32,312.0
OFF-FA-10003929,Office Supplies,Fasteners,6,23,228.0
OFF-FA-10003930,Office Supplies,Fasteners,4,14,158.0
OFF-FA-10003931,Office Supplies,Fasteners,5,19,150.0
OFF-FA-10003954,Office Supplies,Fasteners,1,1,8.0
OFF-FA-10003961,Office Supplies,Fasteners,5,20,138.0
OFF-FA-10003962,Office Supplies,Fasteners,9,25,227.0
OFF-FA-10003977,Office Supplies,Fasteners,3,13,132.0
OFF-FA-10003980,Office Supplies,Fasteners,5,21,226.0
OFF-FA-10003985,Office Supplies,Fasteners,8,35,185.0
OFF-FA-10003990,Office Supplies,Fasteners,3,16,304.0
OFF-FA-10003991,Office Supplies,Fasteners,1,3,17.0
OFF-FA-10003994,Office Supplies,Fasteners,4,17,137.0
OFF-FA-10004027,Office Supplies,Fasteners,8,35,330.0
OFF-FA-10004067,Office Supplies,Fasteners,5,19,221.0
OFF-FA-10004076,Office Supplies,Fasteners,3,15,25.0
OFF-FA-10004108,Office Supplies,Fasteners,1,5,21.0
OFF-FA-10004112,Office Supplies,Fasteners,1,3,8.0
OFF-FA-10004139,Office Supplies,Fasteners,2,8,104.0
OFF-FA-10004140,Office Supplies,Fasteners,3,9,112.0
OFF-FA-10004156,Office Supplies,Fasteners,1,1,14.0
OFF-FA-10004171,Office Supplies,Fasteners,3,7,64.0
OFF-FA-10004175,Office Supplies,Fasteners,5,18,177.0
OFF-FA-10004186,Office Supplies,Fasteners,8,33,249.0
OFF-FA-10004206,Office Supplies,Fasteners,3,7,40.0
OFF-FA-10004233,Office Supplies,Fasteners,3,7,71.0
OFF-FA-10004239,Office Supplies,Fasteners,4,11,93.0
OFF-FA-10004243,Office Supplies,Fasteners,1,6,32.0
OFF-FA-10004248,Office Supplies,Fasteners,5,16,64.0
OFF-FA-10004257,Office Supplies,Fasteners,5,21,375.0
OFF-FA-10004258,Office Supplies,Fasteners,5,19,167.0
OFF-FA-10004265,Office Supplies,Fasteners,6,28,200.0
OFF-FA-10004269,Office Supplies,Fasteners,1,2,17.0
OFF-FA-10004298,Office Supplies,Fasteners,6,15,157.0
OFF-FA-10004310,Office Supplies,Fasteners,2,6,62.0
OFF-FA-10004339,Office Supplies,Fasteners,5,30,295.0
OFF-FA-10004344,Office Supplies,Fasteners,6,23,215.0
OFF-FA-10004359,Office Supplies,Fasteners,2,5,48.0
OFF-FA-10004362,Office Supplies,Fasteners,2,14,118.0
OFF-FA-10004374,Office Supplies,Fasteners,1,3,28.0
OFF-FA-10004377,Office Supplies,Fasteners,2,4,14.0
OFF-FA-10004395,Office Supplies,Fasteners,5,18,77.0
OFF-FA-10004398,Office Supplies,Fasteners,5,29,363.0
OFF-FA-10004401,Office Supplies,Fasteners,2,9,52.0
OFF-FA-10004410,Office Supplies,Fasteners,6,27,189.0
OFF-FA-10004424,Office Supplies,Fasteners,5,23,395.0
OFF-FA-10004447,Office Supplies,Fasteners,9,28,361.0
OFF-FA-10004449,Office Supplies,Fasteners,2,9,103.0
OFF-FA-10004474,Office Supplies,Fasteners,2,7,117.0
OFF-FA-10004494,Office Supplies,Fasteners,2,6,44.0
OFF-FA-10004503,Office Supplies,Fasteners,2,8,46.0
OFF-FA-10004516,Office Supplies,Fasteners,3,7,55.0
OFF-FA-10004523,Office Supplies,Fasteners,8,26,308.0
OFF-FA-10004527,Office Supplies,Fasteners,7,20,227.0
OFF-FA-10004533,Office Supplies,Fasteners,7,27,163.0
OFF-FA-10004545,Office Supplies,Fasteners,6,14,136.0
OFF-FA-10004563,Office Supplies,Fasteners,1,2,33.0
OFF-FA-10004586,Office Supplies,Fasteners,3,6,30.0
OFF-FA-10004587,Office Supplies,Fasteners,2,6,64.0
OFF-FA-10004605,Office Supplies,Fasteners,3,12,138.0
OFF-FA-10004606,Office Supplies,Fasteners,7,17,142.0
OFF-FA-10004626,Office Supplies,Fasteners,7,16,82.0
OFF-FA-10004637,Office Supplies,Fasteners,3,11,102.0
OFF-FA-10004649,Office Supplies,Fasteners,4,9,97.0
OFF-FA-10004657,Office Supplies,Fasteners,3,12,126.0
OFF-FA-10004659,Office Supplies,Fasteners,7,22,218.0
OFF-FA-10004664,Office Supplies,Fasteners,4,14,186.0
OFF-FA-10004665,Office Supplies,Fasteners,2,9,84.0
OFF-FA-10004684,Office Supplies,Fasteners,4,11,143.0
OFF-FA-10004687,Office Supplies,Fasteners,1,2,27.0
OFF-FA-10004698,Office Supplies,Fasteners,5,22,175.0
OFF-FA-10004705,Office Supplies,Fasteners,6,22,211.0
OFF-FA-10004709,Office Supplies,Fasteners,6,26,419.0
OFF-FA-10004734,Office Supplies,Fasteners,7,24,352.0
OFF-FA-10004739,Office Supplies,Fasteners,3,7,93.0
OFF-FA-10004754,Office Supplies,Fasteners,4,11,176.0
OFF-FA-10004775,Office Supplies,Fasteners,1,3,8.0
OFF-FA-10004781,Office Supplies,Fasteners,6,18,131.0
OFF-FA-10004792,Office Supplies,Fasteners,3,10,67.0
OFF-FA-10004795,Office Supplies,Fasteners,10,32,302.0
OFF-FA-10004799,Office Supplies,Fasteners,3,12,142.0
OFF-FA-10004813,Office Supplies,Fasteners,6,23,307.0
OFF-FA-10004824,Office Supplies,Fasteners,4,20,324.0
OFF-FA-10004838,Office Supplies,Fasteners,4,20,33.0
OFF-FA-10004839,Office Supplies,Fasteners,5,16,277.0
OFF-FA-10004854,Office Supplies,Fasteners,8,29,296.0
OFF-FA-10004878,Office Supplies,Fasteners,6,28,467.0
OFF-FA-10004880,Office Supplies,Fasteners,3,12,197.0
OFF-FA-10004899,Office Supplies,Fasteners,5,15,288.0
OFF-FA-10004910,Office Supplies,Fasteners,7,25,203.0
OFF-FA-10004920,Office Supplies,Fasteners,5,15,142.0
OFF-FA-10004924,Office Supplies,Fasteners,5,15,112.0
OFF-FA-10004931,Office Supplies,Fasteners,5,19,220.0
OFF-FA-10004942,Office Supplies,Fasteners,3,13,162.0
OFF-FA-10004946,Office Supplies,Fasteners,5,16,118.0
OFF-FA-10004968,Office Supplies,Fasteners,4,16,58.0
OFF-FA-10004993,Office Supplies,Fasteners,2,4,59.0
OFF-FA-10004997,Office Supplies,Fasteners,6,25,354.0
OFF-FEL-10000070,Office Supplies,Storage,8,28,310.0
OFF-FEL-10000998,Office Supplies,Storage,8,14,202.0
OFF-FEL-10001261,Office Supplies,Storage,7,9,1070.0
OFF-FEL-10001343,Office Supplies,Storage,12,33,599.0
OFF-FEL-10001405,Office Supplies,Storage,10,22,1999.0
OFF-FEL-10001541,Office Supplies,Storage,15,22,3939.0
OFF-FEL-10001630,Office Supplies,Storage,14,28,5675.0
OFF-FEL-10001776,Office Supplies,Storage,11,30,2568.236
OFF-FEL-10001792,Office Supplies,Storage,13,27,515.0
OFF-FEL-10001796,Office Supplies,Storage,5,7,401.0
OFF-FEL-10001865,Office Supplies,Storage,20,61,5402.182
OFF-FEL-10002158,Office Supplies,Storage,11,27,623.0
OFF-FEL-10002399,Office Supplies,Storage,8,29,504.0
OFF-FEL-10002658,Office Supplies,Storage,5,14,411.0
OFF-FEL-10002837,Office Supplies,Storage,18,41,910.0
OFF-FEL-10002867,Office Supplies,Storage,15,46,2804.391
OFF-FEL-10002897,Office Supplies,Storage,9,16,886.0
OFF-FEL-10003785,Office Supplies,Storage,7,9,524.0
OFF-FEL-10003848,Office Supplies,Storage,12,32,1671.0
OFF-FEL-10004016,Office Supplies,Storage,5,15,723.0
OFF-FEL-10004117,Office Supplies,Storage,11,30,1549.0
OFF-FEL-10004224,Office Supplies,Storage,14,24,1234.0
OFF-FEL-10004665,Office Supplies,Storage,16,46,6407.659
OFF-FEL-10004974,Office Supplies,Storage,11,25,539.0
OFF-FIS-10000063,Office Supplies,Supplies,10,19,430.0
OFF-FIS-10000628,Office Supplies,Supplies,3,11,176.0
OFF-FIS-10000670,Office Supplies,Supplies,2,8,180.0
OFF-FIS-10001399,Office Supplies,Supplies,5,8,68.0
OFF-FIS-10001549,Office Supplies,Supplies,2,2,88.0
OFF-FIS-10001591,Office Supplies,Supplies,5,10,372.0
OFF-FIS-10001797,Office Supplies,Supplies,8,17,477.0
OFF-FIS-10002661,Office Supplies,Supplies,3,3,108.0
OFF-FIS-10002703,Office Supplies,Supplies,3,11,291.0
OFF-FIS-10002759,Office Supplies,Supplies,3,5,98.0
OFF-FIS-10002784,Office Supplies,Supplies,7,10,180.0
OFF-FIS-10002924,Office Supplies,Supplies,5,30,306.0
OFF-FIS-10002949,Office Supplies,Supplies,7,11,137.0
OFF-FIS-10003234,Office Supplies,Supplies,4,15,585.0
OFF-FIS-10003463,Office Supplies,Supplies,3,4,119.0
OFF-FIS-10004067,Office Supplies,Supplies,4,8,86.0
OFF-FIS-10004155,Office Supplies,Supplies,2,3,74.0
OFF-FIS-10004183,Office Supplies,Supplies,3,6,119.0
OFF-FIS-10004721,Office Supplies,Supplies,5,23,364.0
OFF-FIS-10004787,Office Supplies,Supplies,7,12,350.0
OFF-FIS-10004882,Office Supplies,Supplies,4,7,197.0
OFF-FIS-10004915,Office Supplies,Supplies,6,13,572.0
OFF-GLO-10000014,Office Supplies,Envelopes,3,10,309.0
OFF-GLO-10000016,Office Supplies,Envelopes,4,11,513.0
OFF-GLO-10000201,Office Supplies,Envelopes,2,5,38.0
OFF-GLO-10000485,Office Supplies,Envelopes,3,9,340.0
OFF-GLO-10000491,Office Supplies,Envelopes,4,9,431.0
OFF-GLO-10000617,Office Supplies,Envelopes,2,7,129.0
OFF-GLO-10000813,Office Supplies,Envelopes,1,1,15.0
OFF-GLO-10001127,Office Supplies,Envelopes,7,14,193.0
OFF-GLO-10001233,Office Supplies,Envelopes,2,4,40.0
OFF-GLO-10001348,Office Supplies,Envelopes,7,13,290.0
OFF-GLO-10001567,Office Supplies,Envelopes,3,5,67.0
OFF-GLO-10001688,Office Supplies,Envelopes,2,5,57.0
OFF-GLO-10002315,Office Supplies,Envelopes,3,3,144.0
OFF-GLO-10002982,Office Supplies,Envelopes,4,8,282.0
OFF-GLO-10003429,Office Supplies,Envelopes,3,9,192.0
OFF-GLO-10003463,Office Supplies,Envelopes,5,15,258.0
OFF-GLO-10003496,Office Supplies,Envelopes,3,3,81.0
OFF-GLO-10003639,Office Supplies,Envelopes,8,14,435.0
OFF-GLO-10003650,Office Supplies,Envelopes,5,6,114.0
OFF-GLO-10004123,Office Supplies,Envelopes,2,5,99.0
OFF-GLO-10004160,Office Supplies,Envelopes,2,2,29.0
OFF-GLO-10004223,Office Supplies,Envelopes,4,6,59.0
OFF-GLO-10004430,Office Supplies,Envelopes,5,17,146.0
OFF-GLO-10004610,Office Supplies,Envelopes,3,10,249.0
OFF-GRE-10000216,Office Supplies,Paper,7,17,398.0
OFF-GRE-10000320,Office Supplies,Paper,4,8,135.0
OFF-GRE-10000328,Office Supplies,Paper,4,12,83.0
OFF-GRE-10000492,Office Supplies,Paper,2,6,101.0
OFF-GRE-10001059,Office Supplies,Paper,5,18,534.0
OFF-GRE-10001084,Office Supplies,Paper,3,9,419.0
OFF-GRE-10001521,Office Supplies,Paper,4,6,114.0
OFF-GRE-10001774,Office Supplies,Paper,5,13,280.0
OFF-GRE-10001814,Office Supplies,Paper,3,3,62.0
OFF-GRE-10002109,Office Supplies,Paper,5,15,230.0
OFF-GRE-10002510,Office Supplies,Paper,3,3,90.0
OFF-GRE-10002555,Office Supplies,Paper,3,7,88.0
OFF-GRE-10002561,Office Supplies,Paper,6,21,500.0
OFF-GRE-10002738,Office Supplies,Paper,7,25,1180.0
OFF-GRE-10003213,Office Supplies,Paper,1,1,17.0
OFF-GRE-10003316,Office Supplies,Paper,2,8,133.0
OFF-GRE-10003334,Office Supplies,Paper,3,9,187.0
OFF-GRE-10003899,Office Supplies,Paper,1,1,14.0
OFF-GRE-10003943,Office Supplies,Paper,5,14,274.0
OFF-GRE-10004054,Office Supplies,Paper,4,17,260.0
OFF-GRE-10004359,Office Supplies,Paper,1,10,279.0
OFF-GRE-10004604,Office Supplies,Paper,6,11,547.0
OFF-GRE-10004796,Office Supplies,Paper,5,11,305.0
OFF-HAM-10000312,Office Supplies,Appliances,4,8,1801.0
OFF-HAM-10000430,Office Supplies,Appliances,1,1,70.0
OFF-HAM-10000822,Office Supplies,Appliances,1,2,114.0
OFF-HAM-10000983,Office Supplies,Appliances,1,2,997.0
OFF-HAM-10001107,Office Supplies,Appliances,2,3,502.002
OFF-HAM-10001302,Office Supplies,Appliances,2,6,562.123
OFF-HAM-10001387,Office Supplies,Appliances,1,1,17.0
OFF-HAM-10001621,Office Supplies,Appliances,4,5,1900.0
OFF-HAM-10001712,Office Supplies,Appliances,2,3,170.0
OFF-HAM-10002455,Office Supplies,Appliances,3,6,311.0
OFF-HAM-10002778,Office Supplies,Appliances,2,5,283.128
OFF-HAM-10003040,Office Supplies,Appliances,1,4,649.0
OFF-HAM-10003368,Office Supplies,Appliances,2,9,622.0
OFF-HAM-10003628,Office Supplies,Appliances,3,6,257.0
OFF-HAM-10003663,Office Supplies,Appliances,4,6,1410.0839999999998
OFF-HAM-10003872,Office Supplies,Appliances,2,6,259.0
OFF-HAM-10003992,Office Supplies,Appliances,3,8,385.0
OFF-HAM-10004122,Office Supplies,Appliances,4,6,1162.0
OFF-HAM-10004471,Office Supplies,Appliances,1,4,174.0
OFF-HAM-10004674,Office Supplies,Appliances,3,7,1196.086
OFF-HAM-10004805,Office Supplies,Appliances,2,4,106.0
OFF-HAM-10004896,Office Supplies,Appliances,3,16,399.955
OFF-HAM-10004917,Office Supplies,Appliances,4,6,1519.085
OFF-HAR-10000187,Office Supplies,Labels,4,10,119.0
OFF-HAR-10000242,Office Supplies,Labels,3,3,21.0
OFF-HAR-10000414,Office Supplies,Labels,2,2,7.0
OFF-HAR-10000495,Office Supplies,Labels,4,11,90.0
OFF-HAR-10000501,Office Supplies,Labels,6,15,107.0
OFF-HAR-10000681,Office Supplies,Labels,2,3,34.0
OFF-HAR-10001262,Office Supplies,Labels,8,21,191.0
OFF-HAR-10001310,Office Supplies,Labels,5,7,46.0
OFF-HAR-10001531,Office Supplies,Labels,3,8,60.0
OFF-HAR-10001714,Office Supplies,Labels,5,14,112.0
OFF-HAR-10001855,Office Supplies,Labels,2,3,20.0
OFF-HAR-10001913,Office Supplies,Labels,6,18,141.0
OFF-HAR-10001948,Office Supplies,Labels,4,8,37.0
OFF-HAR-10002083,Office Supplies,Labels,7,17,122.0
OFF-HAR-10002479,Office Supplies,Labels,5,7,93.0
OFF-HAR-10002914,Office Supplies,Labels,3,6,34.0
OFF-HAR-10003043,Office Supplies,Labels,2,8,61.0
OFF-HAR-10003514,Office Supplies,Labels,5,10,87.0
OFF-HAR-10003580,Office Supplies,Labels,3,12,130.0
OFF-HAR-10003659,Office Supplies,Labels,6,27,254.0
OFF-HAR-10004011,Office Supplies,Labels,5,14,90.0
OFF-HAR-10004099,Office Supplies,Labels,6,12,90.0
OFF-HAR-10004816,Office Supplies,Labels,3,6,67.0
OFF-HAR-10004896,Office Supplies,Labels,5,18,234.0
OFF-HON-10000137,Office Supplies,Labels,4,10,67.0
OFF-HON-10000172,Office Supplies,Labels,6,16,129.0
OFF-HON-10000278,Office Supplies,Labels,2,10,59.0
OFF-HON-10000934,Office Supplies,Labels,9,41,407.0
OFF-HON-10000966,Office Supplies,Labels,5,16,103.0
OFF-HON-10001102,Office Supplies,Labels,4,8,71.0
OFF-HON-10001132,Office Supplies,Labels,6,13,60.0
OFF-HON-10001204,Office Supplies,Labels,5,13,79.0
OFF-HON-10001508,Office Supplies,Labels,5,10,102.0
OFF-HON-10001706,Office Supplies,Labels,2,12,128.0
OFF-HON-10001723,Office Supplies,Labels,2,2,26.0
OFF-HON-10001783,Office Supplies,Labels,5,7,84.0
OFF-HON-10002389,Office Supplies,Labels,3,17,178.0
OFF-HON-10002456,Office Supplies,Labels,5,15,192.0
OFF-HON-10002610,Office Supplies,Labels,6,17,138.0
OFF-HON-10003010,Office Supplies,Labels,4,9,38.0
OFF-HON-10003230,Office Supplies,Labels,2,4,23.0
OFF-HON-10003538,Office Supplies,Labels,3,5,34.0
OFF-HON-10003921,Office Supplies,Labels,4,9,83.0
OFF-HON-10004014,Office Supplies,Labels,8,17,146.0
OFF-HON-10004621,Office Supplies,Labels,4,9,81.0
OFF-HON-10004698,Office Supplies,Labels,4,10,82.0
OFF-HON-10004800,Office Supplies,Labels,3,5,40.0
OFF-HON-10004825,Office Supplies,Labels,3,15,75.0
OFF-HOO-10000318,Office Supplies,Appliances,4,7,496.238
OFF-HOO-10000335,Office Supplies,Appliances,4,11,1106.841
OFF-HOO-10000445,Office Supplies,Appliances,3,3,1578.0
OFF-HOO-10000638,Office Supplies,Appliances,1,1,83.0
OFF-HOO-10001105,Office Supplies,Appliances,2,3,528.054
OFF-HOO-10001248,Office Supplies,Appliances,3,5,348.0
OFF-HOO-10001448,Office Supplies,Appliances,3,7,686.0
OFF-HOO-10001783,Office Supplies,Appliances,4,8,1236.2350000000001
OFF-HOO-10001881,Office Supplies,Appliances,4,12,1137.626
OFF-HOO-10001987,Office Supplies,Appliances,1,2,138.0
OFF-HOO-10002386,Office Supplies,Appliances,3,6,210.0
OFF-HOO-10002715,Office Supplies,Appliances,3,4,174.0
OFF-HOO-10002752,Office Supplies,Appliances,1,1,526.0
OFF-HOO-10002920,Office Supplies,Appliances,2,2,795.0
OFF-HOO-10002946,Office Supplies,Appliances,3,3,1704.0
OFF-HOO-10003246,Office Supplies,Appliances,2,2,68.0
OFF-HOO-10003269,Office Supplies,Appliances,3,9,452.0
OFF-HOO-10003338,Office Supplies,Appliances,6,17,1651.0
OFF-HOO-10003653,Office Supplies,Appliances,3,9,2163.0
OFF-HOO-10003820,Office Supplies,Appliances,5,9,680.0
OFF-HOO-10004188,Office Supplies,Appliances,3,8,496.0
OFF-HOO-10004243,Office Supplies,Appliances,3,7,925.232
OFF-HOO-10004910,Office Supplies,Appliances,5,12,1053.195
OFF-IBI-10000080,Office Supplies,Binders,16,30,357.0
OFF-IBI-10000099,Office Supplies,Binders,13,31,445.0
OFF-IBI-10000440,Office Supplies,Binders,15,29,360.0
OFF-IBI-10000684,Office Supplies,Binders,7,14,714.0
OFF-IBI-10000779,Office Supplies,Binders,10,14,118.0
OFF-IBI-10000951,Office Supplies,Binders,12,39,490.0
OFF-IBI-10000959,Office Supplies,Binders,8,19,949.0
OFF-IBI-10001123,Office Supplies,Binders,9,29,838.0
OFF-IBI-10001494,Office Supplies,Binders,9,21,150.0
OFF-IBI-10001640,Office Supplies,Binders,10,21,125.0
OFF-IBI-10001772,Office Supplies,Binders,16,35,227.0
OFF-IBI-10001951,Office Supplies,Binders,12,25,121.0
OFF-IBI-10002486,Office Supplies,Binders,13,15,123.0
OFF-IBI-10002637,Office Supplies,Binders,14,18,752.0
OFF-IBI-10002805,Office Supplies,Binders,12,17,338.0
OFF-IBI-10003191,Office Supplies,Binders,19,36,1025.0
OFF-IBI-10003422,Office Supplies,Binders,7,16,260.0
OFF-IBI-10003541,Office Supplies,Binders,9,33,1697.0
OFF-IBI-10003732,Office Supplies,Binders,9,16,123.0
OFF-IBI-10004074,Office Supplies,Binders,12,14,336.0
OFF-IBI-10004323,Office Supplies,Binders,5,9,136.0
OFF-IBI-10004855,Office Supplies,Binders,11,35,228.0
OFF-IBI-10004916,Office Supplies,Binders,10,17,218.0
OFF-IBI-10004959,Office Supplies,Binders,9,15,172.0
OFF-JIF-10000165,Office Supplies,Envelopes,5,11,142.0
OFF-JIF-10000375,Office Supplies,Envelopes,3,9,245.0
OFF-JIF-10000556,Office Supplies,Envelopes,2,4,78.0
OFF-JIF-10000704,Office Supplies,Envelopes,2,2,12.0
OFF-JIF-10000843,Office Supplies,Envelopes,2,2,34.0
OFF-JIF-10000890,Office Supplies,Envelopes,3,5,85.0
OFF-JIF-10000981,Office Supplies,Envelopes,4,8,106.0
OFF-JIF-10002184,Office Supplies,Envelopes,7,10,183.0
OFF-JIF-10002228,Office Supplies,Envelopes,3,6,300.0
OFF-JIF-10002275,Office Supplies,Envelopes,7,13,131.0
OFF-JIF-10002454,Office Supplies,Envelopes,3,5,110.0
OFF-JIF-10002621,Office Supplies,Envelopes,5,13,187.0
OFF-JIF-10002836,Office Supplies,Envelopes,1,4,186.0
OFF-JIF-10003115,Office Supplies,Envelopes,1,1,14.0
OFF-JIF-10003677,Office Supplies,Envelopes,2,7,56.0
OFF-JIF-10003842,Office Supplies,Envelopes,6,8,75.0
OFF-JIF-10003890,Office Supplies,Envelopes,3,3,44.0
OFF-JIF-10003976,Office Supplies,Envelopes,2,7,260.0
OFF-JIF-10004213,Office Supplies,Envelopes,2,2,40.0
OFF-JIF-10004450,Office Supplies,Envelopes,4,8,137.0
OFF-JIF-10004616,Office Supplies,Envelopes,3,8,226.0
OFF-JIF-10004747,Office Supplies,Envelopes,4,16,367.0
OFF-JIF-10004777,Office Supplies,Envelopes,3,5,13.0
OFF-JIF-10004822,Office Supplies,Envelopes,3,9,328.0
OFF-KIT-10000099,Office Supplies,Appliances,4,9,1272.172
OFF-KIT-10000624,Office Supplies,Appliances,2,4,138.0
OFF-KIT-10000717,Office Supplies,Appliances,4,6,500.0
OFF-KIT-10000964,Office Supplies,Appliances,3,7,480.0
OFF-KIT-10001040,Office Supplies,Appliances,1,2,140.0
OFF-KIT-10001213,Office Supplies,Appliances,1,2,1.055
OFF-KIT-10001245,Office Supplies,Appliances,2,3,155.0
OFF-KIT-10001380,Office Supplies,Appliances,3,6,621.239
OFF-KIT-10001609,Office Supplies,Appliances,2,3,169.0
OFF-KIT-10001791,Office Supplies,Appliances,3,5,843.052
OFF-KIT-10001899,Office Supplies,Appliances,5,8,628.0
OFF-KIT-10002357,Office Supplies,Appliances,3,4,339.0
OFF-KIT-10002678,Office Supplies,Appliances,4,10,491.0
OFF-KIT-10002828,Office Supplies,Appliances,3,8,1235.234
OFF-KIT-10003337,Office Supplies,Appliances,2,3,746.0
OFF-KIT-10003611,Office Supplies,Appliances,4,5,1711.1399999999999
OFF-KIT-10003683,Office Supplies,Appliances,3,8,802.425
OFF-KIT-10003757,Office Supplies,Appliances,1,2,317.0
OFF-KIT-10003938,Office Supplies,Appliances,3,3,145.0
OFF-KIT-10003990,Office Supplies,Appliances,2,3,258.0
OFF-KIT-10004058,Office Supplies,Appliances,3,8,741.41
OFF-KIT-10004515,Office Supplies,Appliances,5,7,2172.0
OFF-KIT-10004732,Office Supplies,Appliances,2,3,158.0
OFF-KLE-10000050,Office Supplies,Supplies,5,6,247.0
OFF-KLE-10000228,Office Supplies,Supplies,6,11,253.0
OFF-KLE-10000296,Office Supplies,Supplies,6,15,291.0
OFF-KLE-10000466,Office Supplies,Supplies,3,9,130.0
OFF-KLE-10000527,Office Supplies,Supplies,5,8,147.0
OFF-KLE-10000552,Office Supplies,Supplies,4,6,244.0
OFF-KLE-10001317,Office Supplies,Supplies,7,9,116.0
OFF-KLE-10001381,Office Supplies,Supplies,1,1,10.0
OFF-KLE-10001644,Office Supplies,Supplies,7,13,507.0
OFF-KLE-10001699,Office Supplies,Supplies,4,9,258.0
OFF-KLE-10001794,Office Supplies,Supplies,7,16,300.0
OFF-KLE-10002118,Office Supplies,Supplies,5,11,112.0
OFF-KLE-10002292,Office Supplies,Supplies,2,5,109.0
OFF-KLE-10002340,Office Supplies,Supplies,4,9,319.0
OFF-KLE-10002550,Office Supplies,Supplies,3,6,114.0
OFF-KLE-10002869,Office Supplies,Supplies,7,21,555.0
OFF-KLE-10003227,Office Supplies,Supplies,3,7,64.0
OFF-KLE-10003497,Office Supplies,Supplies,5,21,642.0
OFF-KLE-10004112,Office Supplies,Supplies,3,5,167.0
OFF-KLE-10004543,Office Supplies,Supplies,5,10,136.0
OFF-KLE-10004581,Office Supplies,Supplies,5,18,774.0
OFF-KLE-10004673,Office Supplies,Supplies,4,10,247.0
OFF-KLE-10004771,Office Supplies,Supplies,6,10,372.0
OFF-KRA-10000113,Office Supplies,Envelopes,5,6,102.0
OFF-KRA-10000117,Office Supplies,Envelopes,4,12,312.0
OFF-KRA-10000492,Office Supplies,Envelopes,2,2,35.0
OFF-KRA-10000534,Office Supplies,Envelopes,4,5,212.0
OFF-KRA-10000695,Office Supplies,Envelopes,3,6,98.0
OFF-KRA-10000916,Office Supplies,Envelopes,8,12,486.0
OFF-KRA-10001807,Office Supplies,Envelopes,6,18,521.0
OFF-KRA-10001967,Office Supplies,Envelopes,6,13,260.0
OFF-KRA-10002085,Office Supplies,Envelopes,2,7,43.0
OFF-KRA-10002094,Office Supplies,Envelopes,3,4,45.0
OFF-KRA-10002126,Office Supplies,Envelopes,1,8,122.0
OFF-KRA-10002170,Office Supplies,Envelopes,5,9,147.0
OFF-KRA-10002406,Office Supplies,Envelopes,5,6,236.0
OFF-KRA-10002441,Office Supplies,Envelopes,1,1,19.0
OFF-KRA-10002752,Office Supplies,Envelopes,4,5,40.0
OFF-KRA-10002789,Office Supplies,Envelopes,7,16,280.0
OFF-KRA-10002828,Office Supplies,Envelopes,3,5,87.0
OFF-KRA-10003337,Office Supplies,Envelopes,4,17,599.0
OFF-KRA-10003816,Office Supplies,Envelopes,3,6,222.0
OFF-KRA-10004192,Office Supplies,Envelopes,1,1,26.0
OFF-KRA-10004624,Office Supplies,Envelopes,2,2,40.0
OFF-KRA-10004876,Office Supplies,Envelopes,3,7,273.0
OFF-KRA-10004892,Office Supplies,Envelopes,5,13,111.0
OFF-LA-10000039,Office Supplies,Labels,6,19,171.0
OFF-LA-10000073,Office Supplies,Labels,6,25,131.0
OFF-LA-10000081,Office Supplies,Labels,4,14,51.0
OFF-LA-10000095,Office Supplies,Labels,8,31,146.0
OFF-LA-10000108,Office Supplies,Labels,4,12,144.0
OFF-LA-10000114,Office Supplies,Labels,1,6,36.0
OFF-LA-10000116,Office Supplies,Labels,4,12,45.0
OFF-LA-10000121,Office Supplies,Labels,3,15,91.0
OFF-LA-10000134,Office Supplies,Labels,11,38,243.0
OFF-LA-10000151,Office Supplies,Labels,3,9,37.0
OFF-LA-10000155,Office Supplies,Labels,1,3,9.0
OFF-LA-10000157,Office Supplies,Labels,2,6,66.0
OFF-LA-10000190,Office Supplies,Labels,5,23,98.0
OFF-LA-10000195,Office Supplies,Labels,5,25,202.0
OFF-LA-10000203,Office Supplies,Labels,10,40,150.0
OFF-LA-10000216,Office Supplies,Labels,5,11,59.0
OFF-LA-10000219,Office Supplies,Labels,8,35,212.0
OFF-LA-10000220,Office Supplies,Labels,1,2,12.0
OFF-LA-10000236,Office Supplies,Labels,6,19,143.0
OFF-LA-10000240,Office Supplies,Labels,7,23,154.0
OFF-LA-10000244,Office Supplies,Labels,6,28,266.0
OFF-LA-10000248,Office Supplies,Labels,6,19,68.0
OFF-LA-10000262,Office Supplies,Labels,6,23,56.0
OFF-LA-10000271,Office Supplies,Labels,5,15,165.0
OFF-LA-10000276,Office Supplies,Labels,6,21,118.0
OFF-LA-10000296,Office Supplies,Labels,4,13,136.0
OFF-LA-10000305,Office Supplies,Labels,4,16,97.0
OFF-LA-10000321,Office Supplies,Labels,2,4,25.0
OFF-LA-10000322,Office Supplies,Labels,5,23,132.0
OFF-LA-10000334,Office Supplies,Labels,6,29,211.0
OFF-LA-10000341,Office Supplies,Labels,2,8,96.0
OFF-LA-10000345,Office Supplies,Labels,2,10,48.0
OFF-LA-10000356,Office Supplies,Labels,5,16,100.0
OFF-LA-10000370,Office Supplies,Labels,7,29,273.0
OFF-LA-10000379,Office Supplies,Labels,7,25,255.0
OFF-LA-10000404,Office Supplies,Labels,5,17,196.0
OFF-LA-10000407,Office Supplies,Labels,4,20,96.0
OFF-LA-10000413,Office Supplies,Labels,8,29,206.0
OFF-LA-10000414,Office Supplies,Labels,4,15,155.0
OFF-LA-10000425,Office Supplies,Labels,13,56,544.0
OFF-LA-10000436,Office Supplies,Labels,3,14,95.0
OFF-LA-10000438,Office Supplies,Labels,2,8,87.0
OFF-LA-10000443,Office Supplies,Labels,8,22,67.0
OFF-LA-10000448,Office Supplies,Labels,10,32,166.0
OFF-LA-10000452,Office Supplies,Labels,6,17,51.0
OFF-LA-10000471,Office Supplies,Labels,4,17,172.0
OFF-LA-10000473,Office Supplies,Labels,1,2,17.0
OFF-LA-10000476,Office Supplies,Labels,2,5,20.0
OFF-LA-10000477,Office Supplies,Labels,3,10,46.0
OFF-LA-10000483,Office Supplies,Labels,1,2,14.0
OFF-LA-10000495,Office Supplies,Labels,2,10,18.0
OFF-LA-10000506,Office Supplies,Labels,10,43,373.0
OFF-LA-10000508,Office Supplies,Labels,5,21,139.0
OFF-LA-10000519,Office Supplies,Labels,6,26,186.0
OFF-LA-10000536,Office Supplies,Labels,3,13,143.0
OFF-LA-10000540,Office Supplies,Labels,5,20,85.0
OFF-LA-10000553,Office Supplies,Labels,2,5,30.0
OFF-LA-10000560,Office Supplies,Labels,1,4,23.0
OFF-LA-10000590,Office Supplies,Labels,3,15,197.0
OFF-LA-10000598,Office Supplies,Labels,6,31,142.0
OFF-LA-10000604,Office Supplies,Labels,4,19,242.0
OFF-LA-10000615,Office Supplies,Labels,7,39,267.0
OFF-LA-10000624,Office Supplies,Labels,7,31,246.0
OFF-LA-10000633,Office Supplies,Labels,6,24,115.0
OFF-LA-10000634,Office Supplies,Labels,4,13,33.0
OFF-LA-10000635,Office Supplies,Labels,4,11,109.0
OFF-LA-10000648,Office Supplies,Labels,7,28,177.0
OFF-LA-10000658,Office Supplies,Labels,6,27,264.0
OFF-LA-10000668,Office Supplies,Labels,10,40,352.0
OFF-LA-10000685,Office Supplies,Labels,1,1,12.0
OFF-LA-10000688,Office Supplies,Labels,5,16,148.0
OFF-LA-10000692,Office Supplies,Labels,6,33,200.0
OFF-LA-10000700,Office Supplies,Labels,3,6,68.0
OFF-LA-10000707,Office Supplies,Labels,11,53,464.0
OFF-LA-10000709,Office Supplies,Labels,3,9,118.0
OFF-LA-10000713,Office Supplies,Labels,1,4,21.0
OFF-LA-10000714,Office Supplies,Labels,5,14,43.0
OFF-LA-10000732,Office Supplies,Labels,8,34,179.0
OFF-LA-10000738,Office Supplies,Labels,7,25,113.0
OFF-LA-10000757,Office Supplies,Labels,1,6,62.0
OFF-LA-10000760,Office Supplies,Labels,6,23,157.0
OFF-LA-10000765,Office Supplies,Labels,6,26,186.0
OFF-LA-10000767,Office Supplies,Labels,2,4,44.0
OFF-LA-10000779,Office Supplies,Labels,2,6,40.0
OFF-LA-10000784,Office Supplies,Labels,5,10,71.0
OFF-LA-10000793,Office Supplies,Labels,2,12,90.0
OFF-LA-10000818,Office Supplies,Labels,1,4,26.0
OFF-LA-10000845,Office Supplies,Labels,7,21,53.0
OFF-LA-10000861,Office Supplies,Labels,3,14,180.0
OFF-LA-10000869,Office Supplies,Labels,4,18,171.0
OFF-LA-10000879,Office Supplies,Labels,9,44,331.0
OFF-LA-10000880,Office Supplies,Labels,3,9,89.0
OFF-LA-10000897,Office Supplies,Labels,4,11,49.0
OFF-LA-10000901,Office Supplies,Labels,1,4,37.0
OFF-LA-10000927,Office Supplies,Labels,1,3,7.0
OFF-LA-10000934,Office Supplies,Labels,5,10,70.0
OFF-LA-10000950,Office Supplies,Labels,5,19,196.0
OFF-LA-10000959,Office Supplies,Labels,2,3,15.0
OFF-LA-10000970,Office Supplies,Labels,3,8,45.0
OFF-LA-10000973,Office Supplies,Labels,3,7,18.0
OFF-LA-10000984,Office Supplies,Labels,4,13,81.0
OFF-LA-10000989,Office Supplies,Labels,5,16,42.0
OFF-LA-10000990,Office Supplies,Labels,7,24,168.0
OFF-LA-10001019,Office Supplies,Labels,6,21,181.0
OFF-LA-10001026,Office Supplies,Labels,2,9,54.0
OFF-LA-10001028,Office Supplies,Labels,4,12,77.0
OFF-LA-10001038,Office Supplies,Labels,6,28,197.0
OFF-LA-10001045,Office Supplies,Labels,6,18,44.0
OFF-LA-10001063,Office Supplies,Labels,3,9,51.0
OFF-LA-10001065,Office Supplies,Labels,5,16,74.0
OFF-LA-10001067,Office Supplies,Labels,1,7,21.0
OFF-LA-10001074,Office Supplies,Labels,6,39,421.0
OFF-LA-10001075,Office Supplies,Labels,2,6,60.0
OFF-LA-10001092,Office Supplies,Labels,1,2,17.0
OFF-LA-10001154,Office Supplies,Labels,4,19,149.0
OFF-LA-10001158,Office Supplies,Labels,7,28,278.0
OFF-LA-10001169,Office Supplies,Labels,4,30,186.0
OFF-LA-10001170,Office Supplies,Labels,2,5,47.0
OFF-LA-10001175,Office Supplies,Labels,4,17,47.0
OFF-LA-10001184,Office Supplies,Labels,6,21,229.0
OFF-LA-10001185,Office Supplies,Labels,4,10,60.0
OFF-LA-10001187,Office Supplies,Labels,2,8,102.0
OFF-LA-10001188,Office Supplies,Labels,2,14,112.0
OFF-LA-10001191,Office Supplies,Labels,5,16,112.0
OFF-LA-10001194,Office Supplies,Labels,1,5,39.0
OFF-LA-10001202,Office Supplies,Labels,1,3,9.0
OFF-LA-10001215,Office Supplies,Labels,1,1,9.0
OFF-LA-10001228,Office Supplies,Labels,1,2,5.0
OFF-LA-10001229,Office Supplies,Labels,2,4,26.0
OFF-LA-10001230,Office Supplies,Labels,3,16,75.0
OFF-LA-10001246,Office Supplies,Labels,2,4,26.0
OFF-LA-10001256,Office Supplies,Labels,1,4,6.0
OFF-LA-10001265,Office Supplies,Labels,5,18,151.0
OFF-LA-10001284,Office Supplies,Labels,5,22,162.0
OFF-LA-10001287,Office Supplies,Labels,1,2,4.0
OFF-LA-10001292,Office Supplies,Labels,7,31,178.0
OFF-LA-10001294,Office Supplies,Labels,3,9,52.0
OFF-LA-10001297,Office Supplies,Labels,6,24,249.0
OFF-LA-10001299,Office Supplies,Labels,4,11,77.0
OFF-LA-10001312,Office Supplies,Labels,6,22,136.0
OFF-LA-10001317,Office Supplies,Labels,5,15,47.0
OFF-LA-10001375,Office Supplies,Labels,4,10,80.0
OFF-LA-10001383,Office Supplies,Labels,1,8,38.0
OFF-LA-10001402,Office Supplies,Labels,5,16,215.0
OFF-LA-10001404,Office Supplies,Labels,4,13,44.0
OFF-LA-10001413,Office Supplies,Labels,7,25,267.0
OFF-LA-10001417,Office Supplies,Labels,1,2,10.0
OFF-LA-10001444,Office Supplies,Labels,4,11,42.0
OFF-LA-10001469,Office Supplies,Labels,3,14,62.0
OFF-LA-10001471,Office Supplies,Labels,2,16,92.0
OFF-LA-10001474,Office Supplies,Labels,4,20,575.0
OFF-LA-10001484,Office Supplies,Labels,5,18,108.0
OFF-LA-10001497,Office Supplies,Labels,5,12,45.0
OFF-LA-10001538,Office Supplies,Labels,1,2,11.0
OFF-LA-10001541,Office Supplies,Labels,3,17,189.0
OFF-LA-10001546,Office Supplies,Labels,5,20,176.0
OFF-LA-10001548,Office Supplies,Labels,7,26,191.0
OFF-LA-10001549,Office Supplies,Labels,2,9,97.0
OFF-LA-10001569,Office Supplies,Labels,11,40,177.0
OFF-LA-10001582,Office Supplies,Labels,2,13,27.0
OFF-LA-10001607,Office Supplies,Labels,6,18,195.0
OFF-LA-10001613,Office Supplies,Labels,13,44,117.0
OFF-LA-10001618,Office Supplies,Labels,5,28,245.0
OFF-LA-10001633,Office Supplies,Labels,3,5,44.0
OFF-LA-10001634,Office Supplies,Labels,7,22,189.0
OFF-LA-10001641,Office Supplies,Labels,8,35,106.0
OFF-LA-10001658,Office Supplies,Labels,6,24,142.0
OFF-LA-10001669,Office Supplies,Labels,2,6,56.0
OFF-LA-10001672,Office Supplies,Labels,8,40,385.0
OFF-LA-10001676,Office Supplies,Labels,5,16,113.0
OFF-LA-10001677,Office Supplies,Labels,3,17,125.0
OFF-LA-10001701,Office Supplies,Labels,7,29,109.0
OFF-LA-10001719,Office Supplies,Labels,1,2,27.0
OFF-LA-10001731,Office Supplies,Labels,8,20,177.0
OFF-LA-10001738,Office Supplies,Labels,4,11,116.0
OFF-LA-10001764,Office Supplies,Labels,7,30,103.0
OFF-LA-10001771,Office Supplies,Labels,5,22,94.0
OFF-LA-10001778,Office Supplies,Labels,3,9,70.0
OFF-LA-10001793,Office Supplies,Labels,2,7,49.0
OFF-LA-10001800,Office Supplies,Labels,6,24,178.0
OFF-LA-10001803,Office Supplies,Labels,3,14,91.0
OFF-LA-10001830,Office Supplies,Labels,8,47,242.0
OFF-LA-10001831,Office Supplies,Labels,5,15,140.0
OFF-LA-10001833,Office Supplies,Labels,5,18,201.0
OFF-LA-10001839,Office Supplies,Labels,3,8,66.0
OFF-LA-10001865,Office Supplies,Labels,1,2,15.0
OFF-LA-10001867,Office Supplies,Labels,4,11,86.0
OFF-LA-10001873,Office Supplies,Labels,1,3,17.0
OFF-LA-10001915,Office Supplies,Labels,3,18,211.0
OFF-LA-10001924,Office Supplies,Labels,1,9,27.0
OFF-LA-10001930,Office Supplies,Labels,2,6,48.0
OFF-LA-10001934,Office Supplies,Labels,4,15,110.0
OFF-LA-10001942,Office Supplies,Labels,7,34,236.0
OFF-LA-10001982,Office Supplies,Labels,5,20,72.0
OFF-LA-10002015,Office Supplies,Labels,5,15,53.0
OFF-LA-10002020,Office Supplies,Labels,6,29,277.0
OFF-LA-10002029,Office Supplies,Labels,6,31,168.0
OFF-LA-10002034,Office Supplies,Labels,4,18,89.0
OFF-LA-10002037,Office Supplies,Labels,2,10,83.0
OFF-LA-10002043,Office Supplies,Labels,5,16,159.0
OFF-LA-10002063,Office Supplies,Labels,7,31,145.0
OFF-LA-10002068,Office Supplies,Labels,10,51,334.0
OFF-LA-10002086,Office Supplies,Labels,3,10,109.0
OFF-LA-10002088,Office Supplies,Labels,7,16,77.0
OFF-LA-10002107,Office Supplies,Labels,9,24,224.0
OFF-LA-10002123,Office Supplies,Labels,3,9,97.0
OFF-LA-10002139,Office Supplies,Labels,9,34,341.0
OFF-LA-10002159,Office Supplies,Labels,4,8,85.0
OFF-LA-10002180,Office Supplies,Labels,7,23,280.0
OFF-LA-10002183,Office Supplies,Labels,7,20,108.0
OFF-LA-10002195,Office Supplies,Labels,5,30,92.0
OFF-LA-10002199,Office Supplies,Labels,7,20,104.0
OFF-LA-10002225,Office Supplies,Labels,3,14,165.0
OFF-LA-10002258,Office Supplies,Labels,5,16,68.0
OFF-LA-10002271,Office Supplies,Labels,5,16,48.0
OFF-LA-10002272,Office Supplies,Labels,7,27,201.0
OFF-LA-10002289,Office Supplies,Labels,7,30,206.0
OFF-LA-10002295,Office Supplies,Labels,7,29,200.0
OFF-LA-10002312,Office Supplies,Labels,5,13,177.0
OFF-LA-10002319,Office Supplies,Labels,5,13,88.0
OFF-LA-10002323,Office Supplies,Labels,3,15,105.0
OFF-LA-10002324,Office Supplies,Labels,3,14,117.0
OFF-LA-10002325,Office Supplies,Labels,1,6,65.0
OFF-LA-10002334,Office Supplies,Labels,13,51,430.0
OFF-LA-10002337,Office Supplies,Labels,1,2,24.0
OFF-LA-10002353,Office Supplies,Labels,3,12,110.0
OFF-LA-10002354,Office Supplies,Labels,5,20,168.0
OFF-LA-10002364,Office Supplies,Labels,6,33,349.0
OFF-LA-10002368,Office Supplies,Labels,3,7,17.0
OFF-LA-10002381,Office Supplies,Labels,2,8,24.0
OFF-LA-10002389,Office Supplies,Labels,2,11,54.0
OFF-LA-10002401,Office Supplies,Labels,6,23,138.0
OFF-LA-10002465,Office Supplies,Labels,5,18,168.0
OFF-LA-10002469,Office Supplies,Labels,5,23,143.0
OFF-LA-10002473,Office Supplies,Labels,1,4,9.0
OFF-LA-10002475,Office Supplies,Labels,6,18,122.0
OFF-LA-10002486,Office Supplies,Labels,5,20,155.0
OFF-LA-10002490,Office Supplies,Labels,2,7,45.0
OFF-LA-10002493,Office Supplies,Labels,7,17,158.0
OFF-LA-10002523,Office Supplies,Labels,1,7,43.0
OFF-LA-10002544,Office Supplies,Labels,5,16,121.0
OFF-LA-10002559,Office Supplies,Labels,2,4,35.0
OFF-LA-10002575,Office Supplies,Labels,6,35,246.0
OFF-LA-10002596,Office Supplies,Labels,5,18,118.0
OFF-LA-10002598,Office Supplies,Labels,6,13,83.0
OFF-LA-10002609,Office Supplies,Labels,5,24,206.0
OFF-LA-10002625,Office Supplies,Labels,5,13,61.0
OFF-LA-10002630,Office Supplies,Labels,6,31,258.0
OFF-LA-10002633,Office Supplies,Labels,7,28,221.0
OFF-LA-10002635,Office Supplies,Labels,4,13,65.0
OFF-LA-10002650,Office Supplies,Labels,7,25,150.0
OFF-LA-10002651,Office Supplies,Labels,5,19,61.0
OFF-LA-10002673,Office Supplies,Labels,4,12,55.0
OFF-LA-10002674,Office Supplies,Labels,6,34,359.0
OFF-LA-10002681,Office Supplies,Labels,4,13,57.0
OFF-LA-10002688,Office Supplies,Labels,1,3,5.0
OFF-LA-10002703,Office Supplies,Labels,5,22,202.0
OFF-LA-10002731,Office Supplies,Labels,3,14,72.0
OFF-LA-10002733,Office Supplies,Labels,7,28,216.0
OFF-LA-10002741,Office Supplies,Labels,6,17,162.0
OFF-LA-10002744,Office Supplies,Labels,2,3,15.0
OFF-LA-10002752,Office Supplies,Labels,6,17,194.0
OFF-LA-10002762,Office Supplies,Labels,8,51,639.0
OFF-LA-10002765,Office Supplies,Labels,7,24,186.0
OFF-LA-10002770,Office Supplies,Labels,1,2,12.0
OFF-LA-10002782,Office Supplies,Labels,5,16,65.0
OFF-LA-10002787,Office Supplies,Labels,6,24,90.0
OFF-LA-10002805,Office Supplies,Labels,2,5,63.0
OFF-LA-10002806,Office Supplies,Labels,11,46,460.0
OFF-LA-10002821,Office Supplies,Labels,3,10,68.0
OFF-LA-10002827,Office Supplies,Labels,3,12,37.0
OFF-LA-10002848,Office Supplies,Labels,5,18,112.0
OFF-LA-10002851,Office Supplies,Labels,2,4,46.0
OFF-LA-10002868,Office Supplies,Labels,5,16,100.0
OFF-LA-10002875,Office Supplies,Labels,4,22,196.0
OFF-LA-10002876,Office Supplies,Labels,3,7,51.0
OFF-LA-10002883,Office Supplies,Labels,3,10,56.0
OFF-LA-10002895,Office Supplies,Labels,7,26,173.0
OFF-LA-10002900,Office Supplies,Labels,1,2,9.0
OFF-LA-10002927,Office Supplies,Labels,7,19,118.0
OFF-LA-10002939,Office Supplies,Labels,8,25,247.0
OFF-LA-10002943,Office Supplies,Labels,2,5,48.0
OFF-LA-10002945,Office Supplies,Labels,6,29,153.0
OFF-LA-10002964,Office Supplies,Labels,5,26,256.0
OFF-LA-10002972,Office Supplies,Labels,6,19,100.0
OFF-LA-10002974,Office Supplies,Labels,5,16,123.0
OFF-LA-10002980,Office Supplies,Labels,3,12,66.0
OFF-LA-10002992,Office Supplies,Labels,7,25,205.0
OFF-LA-10002995,Office Supplies,Labels,4,12,103.0
OFF-LA-10002996,Office Supplies,Labels,3,10,107.0
OFF-LA-10003057,Office Supplies,Labels,1,2,18.0
OFF-LA-10003058,Office Supplies,Labels,2,5,42.0
OFF-LA-10003077,Office Supplies,Labels,2,8,59.0
OFF-LA-10003084,Office Supplies,Labels,5,27,242.0
OFF-LA-10003090,Office Supplies,Labels,2,11,50.0
OFF-LA-10003119,Office Supplies,Labels,1,4,32.0
OFF-LA-10003121,Office Supplies,Labels,3,17,67.0
OFF-LA-10003132,Office Supplies,Labels,8,29,180.0
OFF-LA-10003140,Office Supplies,Labels,7,24,105.0
OFF-LA-10003141,Office Supplies,Labels,12,47,413.0
OFF-LA-10003148,Office Supplies,Labels,5,16,96.0
OFF-LA-10003155,Office Supplies,Labels,1,2,8.0
OFF-LA-10003190,Office Supplies,Labels,9,30,80.0
OFF-LA-10003210,Office Supplies,Labels,10,45,423.0
OFF-LA-10003215,Office Supplies,Labels,3,9,49.0
OFF-LA-10003217,Office Supplies,Labels,5,25,191.0
OFF-LA-10003223,Office Supplies,Labels,6,19,88.0
OFF-LA-10003231,Office Supplies,Labels,2,4,15.0
OFF-LA-10003233,Office Supplies,Labels,6,24,238.0
OFF-LA-10003236,Office Supplies,Labels,7,30,94.0
OFF-LA-10003271,Office Supplies,Labels,8,34,203.0
OFF-LA-10003273,Office Supplies,Labels,5,17,140.0
OFF-LA-10003278,Office Supplies,Labels,2,10,114.0
OFF-LA-10003283,Office Supplies,Labels,12,58,452.0
OFF-LA-10003285,Office Supplies,Labels,7,25,116.0
OFF-LA-10003290,Office Supplies,Labels,6,16,73.0
OFF-LA-10003295,Office Supplies,Labels,6,23,247.0
OFF-LA-10003297,Office Supplies,Labels,1,2,22.0
OFF-LA-10003327,Office Supplies,Labels,4,16,90.0
OFF-LA-10003337,Office Supplies,Labels,10,39,253.0
OFF-LA-10003338,Office Supplies,Labels,9,41,364.0
OFF-LA-10003372,Office Supplies,Labels,5,15,53.0
OFF-LA-10003376,Office Supplies,Labels,1,6,33.0
OFF-LA-10003379,Office Supplies,Labels,6,15,147.0
OFF-LA-10003381,Office Supplies,Labels,15,48,424.0
OFF-LA-10003388,Office Supplies,Labels,1,2,6.0
OFF-LA-10003390,Office Supplies,Labels,4,12,108.0
OFF-LA-10003396,Office Supplies,Labels,12,46,528.0
OFF-LA-10003422,Office Supplies,Labels,6,25,173.0
OFF-LA-10003435,Office Supplies,Labels,10,34,246.0
OFF-LA-10003437,Office Supplies,Labels,8,27,221.0
OFF-LA-10003444,Office Supplies,Labels,2,8,88.0
OFF-LA-10003459,Office Supplies,Labels,3,9,64.0
OFF-LA-10003487,Office Supplies,Labels,6,12,62.0
OFF-LA-10003498,Office Supplies,Labels,4,18,265.0
OFF-LA-10003503,Office Supplies,Labels,6,17,93.0
OFF-LA-10003505,Office Supplies,Labels,7,26,263.0
OFF-LA-10003510,Office Supplies,Labels,11,43,1233.0
OFF-LA-10003511,Office Supplies,Labels,5,15,75.0
OFF-LA-10003515,Office Supplies,Labels,4,12,100.0
OFF-LA-10003537,Office Supplies,Labels,2,5,63.0
OFF-LA-10003551,Office Supplies,Labels,2,16,102.0
OFF-LA-10003583,Office Supplies,Labels,4,14,84.0
OFF-LA-10003591,Office Supplies,Labels,6,21,202.0
OFF-LA-10003594,Office Supplies,Labels,4,15,74.0
OFF-LA-10003610,Office Supplies,Labels,7,29,264.0
OFF-LA-10003617,Office Supplies,Labels,4,15,94.0
OFF-LA-10003627,Office Supplies,Labels,5,17,63.0
OFF-LA-10003644,Office Supplies,Labels,9,36,267.0
OFF-LA-10003663,Office Supplies,Labels,3,13,35.0
OFF-LA-10003674,Office Supplies,Labels,1,6,64.0
OFF-LA-10003678,Office Supplies,Labels,3,15,91.0
OFF-LA-10003699,Office Supplies,Labels,5,27,152.0
OFF-LA-10003714,Office Supplies,Labels,3,7,22.0
OFF-LA-10003717,Office Supplies,Labels,5,10,58.0
OFF-LA-10003720,Office Supplies,Labels,7,25,85.0
OFF-LA-10003766,Office Supplies,Labels,7,35,110.0
OFF-LA-10003778,Office Supplies,Labels,2,5,40.0
OFF-LA-10003795,Office Supplies,Labels,2,11,69.0
OFF-LA-10003807,Office Supplies,Labels,5,14,89.0
OFF-LA-10003809,Office Supplies,Labels,7,30,183.0
OFF-LA-10003820,Office Supplies,Labels,3,15,103.0
OFF-LA-10003821,Office Supplies,Labels,2,4,12.0
OFF-LA-10003827,Office Supplies,Labels,4,14,192.0
OFF-LA-10003848,Office Supplies,Labels,2,7,34.0
OFF-LA-10003851,Office Supplies,Labels,2,7,49.0
OFF-LA-10003898,Office Supplies,Labels,1,3,8.0
OFF-LA-10003923,Office Supplies,Labels,9,37,520.0
OFF-LA-10003929,Office Supplies,Labels,1,2,10.0
OFF-LA-10003930,Office Supplies,Labels,8,36,3324.0
OFF-LA-10003955,Office Supplies,Labels,8,40,299.0
OFF-LA-10003967,Office Supplies,Labels,1,5,55.0
OFF-LA-10003969,Office Supplies,Labels,3,9,94.0
OFF-LA-10003971,Office Supplies,Labels,5,15,167.0
OFF-LA-10003973,Office Supplies,Labels,6,34,273.0
OFF-LA-10003982,Office Supplies,Labels,2,11,37.0
OFF-LA-10004007,Office Supplies,Labels,5,23,248.0
OFF-LA-10004008,Office Supplies,Labels,2,10,24.0
OFF-LA-10004020,Office Supplies,Labels,3,8,93.0
OFF-LA-10004034,Office Supplies,Labels,5,22,159.0
OFF-LA-10004050,Office Supplies,Labels,3,10,96.0
OFF-LA-10004055,Office Supplies,Labels,2,3,15.0
OFF-LA-10004058,Office Supplies,Labels,8,37,349.0
OFF-LA-10004062,Office Supplies,Labels,4,12,102.0
OFF-LA-10004093,Office Supplies,Labels,9,24,169.0
OFF-LA-10004094,Office Supplies,Labels,2,6,44.0
OFF-LA-10004108,Office Supplies,Labels,2,4,30.0
OFF-LA-10004112,Office Supplies,Labels,1,10,67.0
OFF-LA-10004114,Office Supplies,Labels,7,27,189.0
OFF-LA-10004122,Office Supplies,Labels,4,17,212.0
OFF-LA-10004132,Office Supplies,Labels,4,10,129.0
OFF-LA-10004137,Office Supplies,Labels,1,6,39.0
OFF-LA-10004148,Office Supplies,Labels,4,13,120.0
OFF-LA-10004164,Office Supplies,Labels,5,14,116.0
OFF-LA-10004166,Office Supplies,Labels,1,4,19.0
OFF-LA-10004178,Office Supplies,Labels,3,12,45.0
OFF-LA-10004181,Office Supplies,Labels,1,2,12.0
OFF-LA-10004182,Office Supplies,Labels,3,7,61.0
OFF-LA-10004234,Office Supplies,Labels,2,5,32.0
OFF-LA-10004239,Office Supplies,Labels,4,16,86.0
OFF-LA-10004272,Office Supplies,Labels,2,4,12.0
OFF-LA-10004280,Office Supplies,Labels,2,17,173.0
OFF-LA-10004285,Office Supplies,Labels,5,19,204.0
OFF-LA-10004312,Office Supplies,Labels,3,15,66.0
OFF-LA-10004318,Office Supplies,Labels,5,17,104.0
OFF-LA-10004320,Office Supplies,Labels,2,4,30.0
OFF-LA-10004332,Office Supplies,Labels,6,22,133.0
OFF-LA-10004345,Office Supplies,Labels,4,13,57.0
OFF-LA-10004370,Office Supplies,Labels,5,33,190.0
OFF-LA-10004398,Office Supplies,Labels,5,20,236.0
OFF-LA-10004400,Office Supplies,Labels,2,14,139.0
OFF-LA-10004409,Office Supplies,Labels,5,20,54.0
OFF-LA-10004411,Office Supplies,Labels,1,6,57.0
OFF-LA-10004425,Office Supplies,Labels,5,21,55.0
OFF-LA-10004430,Office Supplies,Labels,9,27,286.0
OFF-LA-10004462,Office Supplies,Labels,1,1,6.0
OFF-LA-10004484,Office Supplies,Labels,10,37,138.0
OFF-LA-10004487,Office Supplies,Labels,1,4,45.0
OFF-LA-10004488,Office Supplies,Labels,5,25,234.0
OFF-LA-10004495,Office Supplies,Labels,9,40,152.0
OFF-LA-10004519,Office Supplies,Labels,8,46,329.0
OFF-LA-10004538,Office Supplies,Labels,7,28,187.0
OFF-LA-10004543,Office Supplies,Labels,1,3,7.0
OFF-LA-10004544,Office Supplies,Labels,7,28,373.0
OFF-LA-10004545,Office Supplies,Labels,5,20,236.0
OFF-LA-10004559,Office Supplies,Labels,6,24,67.0
OFF-LA-10004576,Office Supplies,Labels,5,10,47.0
OFF-LA-10004594,Office Supplies,Labels,4,11,124.0
OFF-LA-10004614,Office Supplies,Labels,3,14,75.0
OFF-LA-10004623,Office Supplies,Labels,7,27,171.0
OFF-LA-10004648,Office Supplies,Labels,5,23,210.0
OFF-LA-10004677,Office Supplies,Labels,2,9,27.0
OFF-LA-10004689,Office Supplies,Labels,5,32,84.0
OFF-LA-10004700,Office Supplies,Labels,1,1,3.0
OFF-LA-10004709,Office Supplies,Labels,4,14,98.0
OFF-LA-10004714,Office Supplies,Labels,1,1,5.0
OFF-LA-10004727,Office Supplies,Labels,5,19,146.0
OFF-LA-10004737,Office Supplies,Labels,8,41,437.0
OFF-LA-10004738,Office Supplies,Labels,4,12,122.0
OFF-LA-10004744,Office Supplies,Labels,5,18,205.0
OFF-LA-10004745,Office Supplies,Labels,8,24,157.0
OFF-LA-10004747,Office Supplies,Labels,6,27,228.0
OFF-LA-10004749,Office Supplies,Labels,9,40,239.0
OFF-LA-10004753,Office Supplies,Labels,6,26,162.0
OFF-LA-10004756,Office Supplies,Labels,7,28,242.0
OFF-LA-10004761,Office Supplies,Labels,3,8,54.0
OFF-LA-10004774,Office Supplies,Labels,1,1,12.0
OFF-LA-10004777,Office Supplies,Labels,10,33,261.0
OFF-LA-10004795,Office Supplies,Labels,3,10,72.0
OFF-LA-10004799,Office Supplies,Labels,6,22,181.0
OFF-LA-10004832,Office Supplies,Labels,4,13,134.0
OFF-LA-10004848,Office Supplies,Labels,6,38,331.0
OFF-LA-10004853,Office Supplies,Labels,6,19,84.0
OFF-LA-10004859,Office Supplies,Labels,2,7,75.0
OFF-LA-10004877,Office Supplies,Labels,3,9,57.0
OFF-LA-10004894,Office Supplies,Labels,6,19,172.0
OFF-LA-10004916,Office Supplies,Labels,1,6,69.0
OFF-LA-10004918,Office Supplies,Labels,5,19,81.0
OFF-LA-10004919,Office Supplies,Labels,7,34,320.0
OFF-LA-10004929,Office Supplies,Labels,7,27,332.0
OFF-LA-10004933,Office Supplies,Labels,3,10,50.0
OFF-LA-10004947,Office Supplies,Labels,3,5,30.0
OFF-LA-10004964,Office Supplies,Labels,1,2,10.0
OFF-LA-10004969,Office Supplies,Labels,4,22,116.0
OFF-LA-10004972,Office Supplies,Labels,2,5,48.0
OFF-NOV-10000092,Office Supplies,Labels,5,6,54.0
OFF-NOV-10000141,Office Supplies,Labels,3,18,120.0
OFF-NOV-10000512,Office Supplies,Labels,5,11,112.0
OFF-NOV-10000721,Office Supplies,Labels,1,1,8.0
OFF-NOV-10000787,Office Supplies,Labels,4,7,69.0
OFF-NOV-10000808,Office Supplies,Labels,5,10,34.0
OFF-NOV-10000986,Office Supplies,Labels,2,5,12.0
OFF-NOV-10001238,Office Supplies,Labels,2,3,26.0
OFF-NOV-10001568,Office Supplies,Labels,8,12,134.0
OFF-NOV-10001753,Office Supplies,Labels,3,5,22.0
OFF-NOV-10002258,Office Supplies,Labels,1,4,41.0
OFF-NOV-10002610,Office Supplies,Labels,1,6,48.0
OFF-NOV-10002952,Office Supplies,Labels,5,14,74.0
OFF-NOV-10003180,Office Supplies,Labels,3,3,19.0
OFF-NOV-10003401,Office Supplies,Labels,3,4,48.0
OFF-NOV-10003499,Office Supplies,Labels,3,5,52.0
OFF-NOV-10003578,Office Supplies,Labels,3,4,49.0
OFF-NOV-10003964,Office Supplies,Labels,3,3,15.0
OFF-NOV-10004048,Office Supplies,Labels,5,8,67.0
OFF-NOV-10004223,Office Supplies,Labels,3,4,30.0
OFF-NOV-10004585,Office Supplies,Labels,3,6,55.0
OFF-NOV-10004671,Office Supplies,Labels,4,7,69.0
OFF-NOV-10004680,Office Supplies,Labels,5,16,130.0
OFF-NOV-10004968,Office Supplies,Labels,3,5,40.0
OFF-OIC-10000121,Office Supplies,Fasteners,3,4,56.0
OFF-OIC-10000189,Office Supplies,Fasteners,2,5,100.0
OFF-OIC-10000492,Office Supplies,Fasteners,5,8,95.0
OFF-OIC-10000855,Office Supplies,Fasteners,4,6,84.0
OFF-OIC-10000988,Office Supplies,Fasteners,3,3,51.0
OFF-OIC-10001056,Office Supplies,Fasteners,5,16,234.0
OFF-OIC-10001155,Office Supplies,Fasteners,9,14,184.0
OFF-OIC-10001477,Office Supplies,Fasteners,3,6,68.0
OFF-OIC-10001921,Office Supplies,Fasteners,3,7,62.0
OFF-OIC-10002160,Office Supplies,Fasteners,3,4,55.0
OFF-OIC-10002161,Office Supplies,Fasteners,4,10,123.0
OFF-OIC-10002266,Office Supplies,Fasteners,3,4,28.0
OFF-OIC-10002625,Office Supplies,Fasteners,5,6,83.0
OFF-OIC-10003028,Office Supplies,Fasteners,2,3,34.0
OFF-OIC-10003366,Office Supplies,Fasteners,4,14,144.0
OFF-OIC-10003518,Office Supplies,Fasteners,5,9,111.0
OFF-OIC-10003879,Office Supplies,Fasteners,4,8,131.0
OFF-OIC-10003978,Office Supplies,Fasteners,4,4,26.0
OFF-OIC-10004253,Office Supplies,Fasteners,4,5,39.0
OFF-OIC-10004255,Office Supplies,Fasteners,2,2,24.0
OFF-OIC-10004536,Office Supplies,Fasteners,4,16,178.0
OFF-OIC-10004622,Office Supplies,Fasteners,1,1,6.0
OFF-OIC-10004810,Office Supplies,Fasteners,2,3,44.0
OFF-OIC-10004999,Office Supplies,Fasteners,2,3,36.0
OFF-PA-10000007,Office Supplies,Paper,3,15,52.0
OFF-PA-10000019,Office Supplies,Paper,8,36,209.0
OFF-PA-10000026,Office Supplies,Paper,4,12,512.0
OFF-PA-10000029,Office Supplies,Paper,6,17,94.0
OFF-PA-10000030,Office Supplies,Paper,4,13,147.0
OFF-PA-10000032,Office Supplies,Paper,9,38,721.0
OFF-PA-10000034,Office Supplies,Paper,4,23,1067.0
OFF-PA-10000036,Office Supplies,Paper,1,7,95.0
OFF-PA-10000048,Office Supplies,Paper,3,6,61.0
OFF-PA-10000061,Office Supplies,Paper,4,24,151.0
OFF-PA-10000062,Office Supplies,Paper,5,17,858.0
OFF-PA-10000069,Office Supplies,Paper,3,13,103.0
OFF-PA-10000070,Office Supplies,Paper,4,13,277.0
OFF-PA-10000081,Office Supplies,Paper,3,11,219.0
OFF-PA-10000091,Office Supplies,Paper,3,10,136.0
OFF-PA-10000098,Office Supplies,Paper,2,9,157.0
OFF-PA-10000100,Office Supplies,Paper,8,45,1698.0
OFF-PA-10000108,Office Supplies,Paper,4,13,170.0
OFF-PA-10000116,Office Supplies,Paper,5,15,158.0
OFF-PA-10000127,Office Supplies,Paper,11,46,766.0
OFF-PA-10000130,Office Supplies,Paper,4,16,57.0
OFF-PA-10000141,Office Supplies,Paper,4,14,27.0
OFF-PA-10000143,Office Supplies,Paper,6,29,144.0
OFF-PA-10000157,Office Supplies,Paper,10,39,768.0
OFF-PA-10000167,Office Supplies,Paper,6,18,489.0
OFF-PA-10000174,Office Supplies,Paper,6,18,152.0
OFF-PA-10000176,Office Supplies,Paper,8,30,513.0
OFF-PA-10000194,Office Supplies,Paper,3,7,161.0
OFF-PA-10000206,Office Supplies,Paper,1,2,28.0
OFF-PA-10000210,Office Supplies,Paper,1,5,100.0
OFF-PA-10000213,Office Supplies,Paper,3,16,76.0
OFF-PA-10000215,Office Supplies,Paper,7,29,368.0
OFF-PA-10000223,Office Supplies,Paper,5,14,84.0
OFF-PA-10000232,Office Supplies,Paper,5,12,71.0
OFF-PA-10000241,Office Supplies,Paper,6,16,459.0
OFF-PA-10000246,Office Supplies,Paper,5,15,136.0
OFF-PA-10000249,Office Supplies,Paper,6,17,197.0
OFF-PA-10000273,Office Supplies,Paper,6,24,743.0
OFF-PA-10000277,Office Supplies,Paper,2,4,90.0
OFF-PA-10000289,Office Supplies,Paper,6,18,110.0
OFF-PA-10000295,Office Supplies,Paper,3,15,86.0
OFF-PA-10000300,Office Supplies,Paper,4,12,301.0
OFF-PA-10000301,Office Supplies,Paper,3,11,139.0
OFF-PA-10000302,Office Supplies,Paper,9,21,509.0
OFF-PA-10000304,Office Supplies,Paper,6,22,121.0
OFF-PA-10000308,Office Supplies,Paper,1,4,17.0
OFF-PA-10000312,Office Supplies,Paper,2,10,182.0
OFF-PA-10000317,Office Supplies,Paper,2,10,255.0
OFF-PA-10000318,Office Supplies,Paper,6,31,457.0
OFF-PA-10000320,Office Supplies,Paper,3,9,87.0
OFF-PA-10000327,Office Supplies,Paper,6,28,114.0
OFF-PA-10000344,Office Supplies,Paper,10,40,700.0
OFF-PA-10000349,Office Supplies,Paper,9,25,119.0
OFF-PA-10000350,Office Supplies,Paper,2,6,51.0
OFF-PA-10000354,Office Supplies,Paper,1,2,15.0
OFF-PA-10000357,Office Supplies,Paper,16,59,2269.0
OFF-PA-10000362,Office Supplies,Paper,8,25,211.0
OFF-PA-10000373,Office Supplies,Paper,1,6,295.0
OFF-PA-10000380,Office Supplies,Paper,8,37,282.0
OFF-PA-10000382,Office Supplies,Paper,4,16,468.0
OFF-PA-10000383,Office Supplies,Paper,6,20,459.0
OFF-PA-10000393,Office Supplies,Paper,4,12,211.0
OFF-PA-10000418,Office Supplies,Paper,6,19,1782.0
OFF-PA-10000420,Office Supplies,Paper,1,3,42.0
OFF-PA-10000423,Office Supplies,Paper,3,8,227.0
OFF-PA-10000450,Office Supplies,Paper,8,32,1030.0
OFF-PA-10000453,Office Supplies,Paper,9,30,1406.0
OFF-PA-10000466,Office Supplies,Paper,3,12,76.0
OFF-PA-10000474,Office Supplies,Paper,12,34,1104.0
OFF-PA-10000476,Office Supplies,Paper,1,2,32.0
OFF-PA-10000477,Office Supplies,Paper,7,33,172.0
OFF-PA-10000482,Office Supplies,Paper,6,28,1017.0
OFF-PA-10000483,Office Supplies,Paper,4,15,415.0
OFF-PA-10000501,Office Supplies,Paper,3,10,232.0
OFF-PA-10000520,Office Supplies,Paper,5,19,109.0
OFF-PA-10000522,Office Supplies,Paper,4,17,332.0
OFF-PA-10000527,Office Supplies,Paper,1,2,36.0
OFF-PA-10000528,Office Supplies,Paper,4,14,71.0
OFF-PA-10000533,Office Supplies,Paper,6,15,84.0
OFF-PA-10000540,Office Supplies,Paper,6,24,479.0
OFF-PA-10000551,Office Supplies,Paper,3,11,55.0
OFF-PA-10000552,Office Supplies,Paper,5,15,84.0
OFF-PA-10000556,Office Supplies,Paper,2,9,55.0
OFF-PA-10000562,Office Supplies,Paper,5,30,748.0
OFF-PA-10000565,Office Supplies,Paper,2,5,280.0
OFF-PA-10000575,Office Supplies,Paper,7,34,217.0
OFF-PA-10000579,Office Supplies,Paper,7,40,1040.0
OFF-PA-10000587,Office Supplies,Paper,4,15,107.0
OFF-PA-10000588,Office Supplies,Paper,1,2,63.0
OFF-PA-10000591,Office Supplies,Paper,11,42,1229.0
OFF-PA-10000595,Office Supplies,Paper,4,16,352.0
OFF-PA-10000601,Office Supplies,Paper,1,2,7.0
OFF-PA-10000605,Office Supplies,Paper,3,9,50.0
OFF-PA-10000644,Office Supplies,Paper,1,3,39.0
OFF-PA-10000655,Office Supplies,Paper,1,2,34.0
OFF-PA-10000659,Office Supplies,Paper,7,39,502.0
OFF-PA-10000673,Office Supplies,Paper,2,9,63.0
OFF-PA-10000675,Office Supplies,Paper,9,40,1567.0
OFF-PA-10000677,Office Supplies,Paper,7,22,236.0
OFF-PA-10000682,Office Supplies,Paper,4,12,61.0
OFF-PA-10000694,Office Supplies,Paper,4,14,232.0
OFF-PA-10000697,Office Supplies,Paper,3,12,49.0
OFF-PA-10000705,Office Supplies,Paper,4,22,319.0
OFF-PA-10000721,Office Supplies,Paper,1,1,28.0
OFF-PA-10000726,Office Supplies,Paper,4,19,160.0
OFF-PA-10000731,Office Supplies,Paper,5,15,234.0
OFF-PA-10000740,Office Supplies,Paper,3,12,238.0
OFF-PA-10000743,Office Supplies,Paper,6,20,130.0
OFF-PA-10000745,Office Supplies,Paper,6,20,181.0
OFF-PA-10000752,Office Supplies,Paper,4,19,333.0
OFF-PA-10000756,Office Supplies,Paper,3,9,256.0
OFF-PA-10000758,Office Supplies,Paper,1,2,68.0
OFF-PA-10000776,Office Supplies,Paper,5,13,503.0
OFF-PA-10000781,Office Supplies,Paper,5,18,260.0
OFF-PA-10000788,Office Supplies,Paper,6,18,96.0
OFF-PA-10000791,Office Supplies,Paper,6,26,117.0
OFF-PA-10000806,Office Supplies,Paper,5,20,1098.0
OFF-PA-10000807,Office Supplies,Paper,3,17,70.0
OFF-PA-10000809,Office Supplies,Paper,5,11,60.0
OFF-PA-10000816,Office Supplies,Paper,4,10,133.0
OFF-PA-10000824,Office Supplies,Paper,1,2,36.0
OFF-PA-10000827,Office Supplies,Paper,3,8,133.0
OFF-PA-10000850,Office Supplies,Paper,6,28,389.0
OFF-PA-10000859,Office Supplies,Paper,2,5,18.0
OFF-PA-10000863,Office Supplies,Paper,8,22,206.0
OFF-PA-10000867,Office Supplies,Paper,6,19,300.0
OFF-PA-10000871,Office Supplies,Paper,1,5,235.0
OFF-PA-10000872,Office Supplies,Paper,7,26,217.0
OFF-PA-10000876,Office Supplies,Paper,5,10,266.0
OFF-PA-10000878,Office Supplies,Paper,4,13,442.0
OFF-PA-10000908,Office Supplies,Paper,9,45,1172.0
OFF-PA-10000915,Office Supplies,Paper,3,12,172.0
OFF-PA-10000919,Office Supplies,Paper,1,4,155.0
OFF-PA-10000924,Office Supplies,Paper,4,14,322.0
OFF-PA-10000935,Office Supplies,Paper,5,12,246.0
OFF-PA-10000944,Office Supplies,Paper,3,5,135.0
OFF-PA-10000947,Office Supplies,Paper,3,17,148.0
OFF-PA-10000951,Office Supplies,Paper,7,22,589.0
OFF-PA-10000955,Office Supplies,Paper,3,7,39.0
OFF-PA-10000960,Office Supplies,Paper,4,14,125.0
OFF-PA-10000961,Office Supplies,Paper,5,15,250.0
OFF-PA-10000976,Office Supplies,Paper,1,4,103.0
OFF-PA-10000994,Office Supplies,Paper,17,59,3292.0
OFF-PA-10001001,Office Supplies,Paper,1,4,93.0
OFF-PA-10001004,Office Supplies,Paper,7,42,426.0
OFF-PA-10001006,Office Supplies,Paper,8,38,699.0
OFF-PA-10001019,Office Supplies,Paper,8,32,544.0
OFF-PA-10001033,Office Supplies,Paper,11,39,1435.0
OFF-PA-10001085,Office Supplies,Paper,1,6,42.0
OFF-PA-10001086,Office Supplies,Paper,5,21,872.0
OFF-PA-10001091,Office Supplies,Paper,8,32,550.0
OFF-PA-10001115,Office Supplies,Paper,1,9,43.0
OFF-PA-10001125,Office Supplies,Paper,9,41,1102.0
OFF-PA-10001142,Office Supplies,Paper,1,6,204.0
OFF-PA-10001144,Office Supplies,Paper,5,17,865.0
OFF-PA-10001164,Office Supplies,Paper,2,10,158.0
OFF-PA-10001166,Office Supplies,Paper,10,28,223.0
OFF-PA-10001170,Office Supplies,Paper,7,17,527.0
OFF-PA-10001178,Office Supplies,Paper,6,35,664.0
OFF-PA-10001184,Office Supplies,Paper,6,24,139.0
OFF-PA-10001204,Office Supplies,Paper,5,10,46.0
OFF-PA-10001212,Office Supplies,Paper,6,21,426.0
OFF-PA-10001215,Office Supplies,Paper,3,17,76.0
OFF-PA-10001223,Office Supplies,Paper,3,19,882.0
OFF-PA-10001236,Office Supplies,Paper,4,14,270.0
OFF-PA-10001243,Office Supplies,Paper,2,5,30.0
OFF-PA-10001246,Office Supplies,Paper,2,7,45.0
OFF-PA-10001258,Office Supplies,Paper,6,43,1962.0
OFF-PA-10001259,Office Supplies,Paper,1,2,36.0
OFF-PA-10001260,Office Supplies,Paper,2,11,88.0
OFF-PA-10001274,Office Supplies,Paper,2,5,18.0
OFF-PA-10001275,Office Supplies,Paper,2,4,100.0
OFF-PA-10001281,Office Supplies,Paper,1,4,192.0
OFF-PA-10001283,Office Supplies,Paper,9,29,276.0
OFF-PA-10001289,Office Supplies,Paper,8,37,1279.0
OFF-PA-10001293,Office Supplies,Paper,3,13,79.0
OFF-PA-10001294,Office Supplies,Paper,2,5,243.0
OFF-PA-10001295,Office Supplies,Paper,7,24,407.0
OFF-PA-10001301,Office Supplies,Paper,6,11,311.0
OFF-PA-10001302,Office Supplies,Paper,1,4,33.0
OFF-PA-10001307,Office Supplies,Paper,4,15,55.0
OFF-PA-10001323,Office Supplies,Paper,4,21,555.0
OFF-PA-10001327,Office Supplies,Paper,4,16,551.0
OFF-PA-10001348,Office Supplies,Paper,1,2,61.0
OFF-PA-10001351,Office Supplies,Paper,1,2,29.0
OFF-PA-10001357,Office Supplies,Paper,5,14,653.0
OFF-PA-10001363,Office Supplies,Paper,5,24,295.0
OFF-PA-10001370,Office Supplies,Paper,3,10,179.0
OFF-PA-10001371,Office Supplies,Paper,3,10,273.0
OFF-PA-10001385,Office Supplies,Paper,9,32,353.0
OFF-PA-10001409,Office Supplies,Paper,1,3,15.0
OFF-PA-10001421,Office Supplies,Paper,1,2,25.0
OFF-PA-10001445,Office Supplies,Paper,2,9,419.0
OFF-PA-10001448,Office Supplies,Paper,1,1,7.0
OFF-PA-10001450,Office Supplies,Paper,1,4,20.0
OFF-PA-10001456,Office Supplies,Paper,5,16,192.0
OFF-PA-10001457,Office Supplies,Paper,2,14,186.0
OFF-PA-10001461,Office Supplies,Paper,2,14,87.0
OFF-PA-10001466,Office Supplies,Paper,4,18,553.0
OFF-PA-10001470,Office Supplies,Paper,7,26,465.0
OFF-PA-10001471,Office Supplies,Paper,4,16,118.0
OFF-PA-10001492,Office Supplies,Paper,5,17,404.0
OFF-PA-10001495,Office Supplies,Paper,3,11,96.0
OFF-PA-10001497,Office Supplies,Paper,9,29,1263.0
OFF-PA-10001509,Office Supplies,Paper,5,30,270.0
OFF-PA-10001516,Office Supplies,Paper,8,25,324.0
OFF-PA-10001523,Office Supplies,Paper,4,8,353.0
OFF-PA-10001526,Office Supplies,Paper,8,28,115.0
OFF-PA-10001531,Office Supplies,Paper,1,3,26.0
OFF-PA-10001534,Office Supplies,Paper,5,21,127.0
OFF-PA-10001536,Office Supplies,Paper,10,32,868.0
OFF-PA-10001537,Office Supplies,Paper,2,6,118.0
OFF-PA-10001560,Office Supplies,Paper,5,15,81.0
OFF-PA-10001569,Office Supplies,Paper,4,19,119.0
OFF-PA-10001576,Office Supplies,Paper,5,26,178.0
OFF-PA-10001578,Office Supplies,Paper,1,4,112.0
OFF-PA-10001583,Office Supplies,Paper,2,7,50.0
OFF-PA-10001593,Office Supplies,Paper,5,25,136.0
OFF-PA-10001595,Office Supplies,Paper,1,3,59.0
OFF-PA-10001609,Office Supplies,Paper,6,25,75.0
OFF-PA-10001620,Office Supplies,Paper,3,9,153.0
OFF-PA-10001622,Office Supplies,Paper,4,9,39.0
OFF-PA-10001639,Office Supplies,Paper,7,25,155.0
OFF-PA-10001650,Office Supplies,Paper,4,18,361.0
OFF-PA-10001653,Office Supplies,Paper,4,15,171.0
OFF-PA-10001656,Office Supplies,Paper,1,4,56.0
OFF-PA-10001661,Office Supplies,Paper,8,29,896.0
OFF-PA-10001662,Office Supplies,Paper,6,24,697.0
OFF-PA-10001667,Office Supplies,Paper,8,32,170.0
OFF-PA-10001685,Office Supplies,Paper,11,56,478.0
OFF-PA-10001686,Office Supplies,Paper,5,28,476.0
OFF-PA-10001691,Office Supplies,Paper,1,2,36.0
OFF-PA-10001708,Office Supplies,Paper,7,24,432.0
OFF-PA-10001712,Office Supplies,Paper,3,15,150.0
OFF-PA-10001720,Office Supplies,Paper,5,31,429.0
OFF-PA-10001722,Office Supplies,Paper,6,19,452.0
OFF-PA-10001725,Office Supplies,Paper,2,5,178.0
OFF-PA-10001733,Office Supplies,Paper,1,2,27.0
OFF-PA-10001735,Office Supplies,Paper,2,8,393.0
OFF-PA-10001736,Office Supplies,Paper,7,23,772.0
OFF-PA-10001745,Office Supplies,Paper,3,17,108.0
OFF-PA-10001752,Office Supplies,Paper,3,7,33.0
OFF-PA-10001758,Office Supplies,Paper,6,24,677.0
OFF-PA-10001761,Office Supplies,Paper,7,17,237.0
OFF-PA-10001763,Office Supplies,Paper,2,5,50.0
OFF-PA-10001776,Office Supplies,Paper,9,28,248.0
OFF-PA-10001790,Office Supplies,Paper,5,14,585.0
OFF-PA-10001795,Office Supplies,Paper,3,13,253.0
OFF-PA-10001800,Office Supplies,Paper,8,25,144.0
OFF-PA-10001801,Office Supplies,Paper,8,36,251.0
OFF-PA-10001804,Office Supplies,Paper,8,27,164.0
OFF-PA-10001815,Office Supplies,Paper,5,20,960.0
OFF-PA-10001818,Office Supplies,Paper,6,26,801.0
OFF-PA-10001826,Office Supplies,Paper,2,7,40.0
OFF-PA-10001835,Office Supplies,Paper,7,24,671.0
OFF-PA-10001837,Office Supplies,Paper,2,7,37.0
OFF-PA-10001838,Office Supplies,Paper,10,24,135.0
OFF-PA-10001844,Office Supplies,Paper,4,12,253.0
OFF-PA-10001846,Office Supplies,Paper,5,14,69.0
OFF-PA-10001849,Office Supplies,Paper,1,2,58.0
OFF-PA-10001850,Office Supplies,Paper,3,8,198.0
OFF-PA-10001858,Office Supplies,Paper,2,10,252.0
OFF-PA-10001869,Office Supplies,Paper,3,14,475.0
OFF-PA-10001870,Office Supplies,Paper,8,28,170.0
OFF-PA-10001878,Office Supplies,Paper,12,45,1793.0
OFF-PA-10001892,Office Supplies,Paper,5,17,110.0
OFF-PA-10001905,Office Supplies,Paper,2,10,204.0
OFF-PA-10001934,Office Supplies,Paper,8,24,147.0
OFF-PA-10001937,Office Supplies,Paper,7,24,125.0
OFF-PA-10001944,Office Supplies,Paper,4,13,345.0
OFF-PA-10001947,Office Supplies,Paper,4,10,58.0
OFF-PA-10001950,Office Supplies,Paper,5,26,200.0
OFF-PA-10001952,Office Supplies,Paper,2,4,83.0
OFF-PA-10001954,Office Supplies,Paper,5,33,723.0
OFF-PA-10001968,Office Supplies,Paper,8,27,619.0
OFF-PA-10001970,Office Supplies,Paper,19,70,2168.0
OFF-PA-10001971,Office Supplies,Paper,10,36,1005.0
OFF-PA-10001972,Office Supplies,Paper,15,57,432.0
OFF-PA-10001977,Office Supplies,Paper,4,9,443.0
OFF-PA-10001979,Office Supplies,Paper,2,16,339.0
OFF-PA-10001994,Office Supplies,Paper,3,6,121.0
OFF-PA-10002001,Office Supplies,Paper,1,2,13.0
OFF-PA-10002005,Office Supplies,Paper,9,33,196.0
OFF-PA-10002011,Office Supplies,Paper,6,28,253.0
OFF-PA-10002022,Office Supplies,Paper,7,19,337.0
OFF-PA-10002033,Office Supplies,Paper,6,25,819.0
OFF-PA-10002036,Office Supplies,Paper,5,24,138.0
OFF-PA-10002040,Office Supplies,Paper,5,16,698.0
OFF-PA-10002043,Office Supplies,Paper,4,12,552.0
OFF-PA-10002047,Office Supplies,Paper,7,34,1598.0
OFF-PA-10002073,Office Supplies,Paper,6,24,475.0
OFF-PA-10002101,Office Supplies,Paper,1,5,73.0
OFF-PA-10002105,Office Supplies,Paper,3,9,57.0
OFF-PA-10002109,Office Supplies,Paper,8,30,511.0
OFF-PA-10002120,Office Supplies,Paper,3,10,517.0
OFF-PA-10002137,Office Supplies,Paper,7,35,263.0
OFF-PA-10002160,Office Supplies,Paper,8,34,173.0
OFF-PA-10002193,Office Supplies,Paper,1,5,24.0
OFF-PA-10002195,Office Supplies,Paper,12,33,167.0
OFF-PA-10002196,Office Supplies,Paper,6,26,570.0
OFF-PA-10002218,Office Supplies,Paper,1,4,131.0
OFF-PA-10002219,Office Supplies,Paper,7,42,435.0
OFF-PA-10002222,Office Supplies,Paper,6,27,593.0
OFF-PA-10002230,Office Supplies,Paper,4,16,68.0
OFF-PA-10002231,Office Supplies,Paper,1,6,48.0
OFF-PA-10002237,Office Supplies,Paper,7,28,344.0
OFF-PA-10002245,Office Supplies,Paper,7,33,192.0
OFF-PA-10002246,Office Supplies,Paper,6,22,119.0
OFF-PA-10002248,Office Supplies,Paper,7,36,759.0
OFF-PA-10002250,Office Supplies,Paper,7,26,138.0
OFF-PA-10002254,Office Supplies,Paper,7,37,881.0
OFF-PA-10002258,Office Supplies,Paper,1,1,7.0
OFF-PA-10002259,Office Supplies,Paper,3,8,76.0
OFF-PA-10002262,Office Supplies,Paper,6,22,141.0
OFF-PA-10002292,Office Supplies,Paper,2,7,208.0
OFF-PA-10002295,Office Supplies,Paper,5,11,346.0
OFF-PA-10002303,Office Supplies,Paper,3,12,120.0
OFF-PA-10002319,Office Supplies,Paper,6,16,574.0
OFF-PA-10002328,Office Supplies,Paper,4,17,129.0
OFF-PA-10002333,Office Supplies,Paper,1,3,16.0
OFF-PA-10002338,Office Supplies,Paper,8,49,683.0
OFF-PA-10002352,Office Supplies,Paper,2,3,40.0
OFF-PA-10002356,Office Supplies,Paper,1,3,40.0
OFF-PA-10002360,Office Supplies,Paper,5,21,404.0
OFF-PA-10002363,Office Supplies,Paper,6,24,322.0
OFF-PA-10002365,Office Supplies,Paper,5,15,90.0
OFF-PA-10002369,Office Supplies,Paper,1,6,89.0
OFF-PA-10002370,Office Supplies,Paper,3,8,81.0
OFF-PA-10002371,Office Supplies,Paper,2,7,196.0
OFF-PA-10002372,Office Supplies,Paper,10,35,605.0
OFF-PA-10002373,Office Supplies,Paper,6,35,514.0
OFF-PA-10002377,Office Supplies,Paper,14,52,1004.0
OFF-PA-10002382,Office Supplies,Paper,8,43,669.0
OFF-PA-10002394,Office Supplies,Paper,2,7,175.0
OFF-PA-10002396,Office Supplies,Paper,6,14,252.0
OFF-PA-10002416,Office Supplies,Paper,7,25,301.0
OFF-PA-10002418,Office Supplies,Paper,4,15,238.0
OFF-PA-10002421,Office Supplies,Paper,4,15,284.0
OFF-PA-10002461,Office Supplies,Paper,3,13,130.0
OFF-PA-10002464,Office Supplies,Paper,8,32,364.0
OFF-PA-10002473,Office Supplies,Paper,3,17,385.0
OFF-PA-10002477,Office Supplies,Paper,6,23,529.0
OFF-PA-10002479,Office Supplies,Paper,17,57,1214.0
OFF-PA-10002488,Office Supplies,Paper,4,12,134.0
OFF-PA-10002499,Office Supplies,Paper,2,5,245.0
OFF-PA-10002514,Office Supplies,Paper,5,28,318.0
OFF-PA-10002516,Office Supplies,Paper,3,7,281.0
OFF-PA-10002520,Office Supplies,Paper,4,11,507.0
OFF-PA-10002522,Office Supplies,Paper,2,8,135.0
OFF-PA-10002524,Office Supplies,Paper,6,24,673.0
OFF-PA-10002534,Office Supplies,Paper,2,12,193.0
OFF-PA-10002539,Office Supplies,Paper,4,18,511.0
OFF-PA-10002552,Office Supplies,Paper,2,5,32.0
OFF-PA-10002558,Office Supplies,Paper,1,7,268.0
OFF-PA-10002563,Office Supplies,Paper,9,36,351.0
OFF-PA-10002581,Office Supplies,Paper,6,30,755.0
OFF-PA-10002585,Office Supplies,Paper,1,4,36.0
OFF-PA-10002586,Office Supplies,Paper,6,22,102.0
OFF-PA-10002606,Office Supplies,Paper,4,26,124.0
OFF-PA-10002611,Office Supplies,Paper,1,4,43.0
OFF-PA-10002615,Office Supplies,Paper,8,25,108.0
OFF-PA-10002616,Office Supplies,Paper,4,15,271.0
OFF-PA-10002618,Office Supplies,Paper,6,28,376.0
OFF-PA-10002645,Office Supplies,Paper,4,10,290.0
OFF-PA-10002652,Office Supplies,Paper,3,19,505.0
OFF-PA-10002659,Office Supplies,Paper,5,21,69.0
OFF-PA-10002666,Office Supplies,Paper,4,20,167.0
OFF-PA-10002671,Office Supplies,Paper,1,9,48.0
OFF-PA-10002689,Office Supplies,Paper,5,25,154.0
OFF-PA-10002709,Office Supplies,Paper,2,16,90.0
OFF-PA-10002713,Office Supplies,Paper,8,33,227.0
OFF-PA-10002725,Office Supplies,Paper,2,8,241.0
OFF-PA-10002741,Office Supplies,Paper,2,8,35.0
OFF-PA-10002749,Office Supplies,Paper,3,12,72.0
OFF-PA-10002751,Office Supplies,Paper,4,15,90.0
OFF-PA-10002755,Office Supplies,Paper,4,15,416.0
OFF-PA-10002764,Office Supplies,Paper,3,15,170.0
OFF-PA-10002767,Office Supplies,Paper,3,22,300.0
OFF-PA-10002771,Office Supplies,Paper,6,27,388.0
OFF-PA-10002787,Office Supplies,Paper,8,22,120.0
OFF-PA-10002811,Office Supplies,Paper,7,32,687.0
OFF-PA-10002818,Office Supplies,Paper,6,26,258.0
OFF-PA-10002842,Office Supplies,Paper,1,2,27.0
OFF-PA-10002862,Office Supplies,Paper,3,16,379.0
OFF-PA-10002870,Office Supplies,Paper,5,20,123.0
OFF-PA-10002893,Office Supplies,Paper,5,13,125.0
OFF-PA-10002918,Office Supplies,Paper,1,3,40.0
OFF-PA-10002921,Office Supplies,Paper,2,6,132.0
OFF-PA-10002923,Office Supplies,Paper,6,13,597.0
OFF-PA-10002925,Office Supplies,Paper,2,12,388.0
OFF-PA-10002927,Office Supplies,Paper,6,23,499.0
OFF-PA-10002930,Office Supplies,Paper,3,6,227.0
OFF-PA-10002941,Office Supplies,Paper,3,4,75.0
OFF-PA-10002944,Office Supplies,Paper,5,18,164.0
OFF-PA-10002947,Office Supplies,Paper,5,16,95.0
OFF-PA-10002960,Office Supplies,Paper,1,7,35.0
OFF-PA-10002966,Office Supplies,Paper,4,17,547.0
OFF-PA-10002968,Office Supplies,Paper,2,8,169.0
OFF-PA-10002971,Office Supplies,Paper,2,10,137.0
OFF-PA-10002974,Office Supplies,Paper,9,35,771.0
OFF-PA-10002976,Office Supplies,Paper,1,4,122.0
OFF-PA-10002986,Office Supplies,Paper,11,46,279.0
OFF-PA-10003001,Office Supplies,Paper,4,13,85.0
OFF-PA-10003002,Office Supplies,Paper,1,7,45.0
OFF-PA-10003016,Office Supplies,Paper,5,24,73.0
OFF-PA-10003020,Office Supplies,Paper,3,10,173.0
OFF-PA-10003022,Office Supplies,Paper,6,26,297.0
OFF-PA-10003027,Office Supplies,Paper,3,9,191.0
OFF-PA-10003033,Office Supplies,Paper,1,2,18.0
OFF-PA-10003034,Office Supplies,Paper,8,30,330.0
OFF-PA-10003036,Office Supplies,Paper,4,11,63.0
OFF-PA-10003037,Office Supplies,Paper,5,22,295.0
OFF-PA-10003039,Office Supplies,Paper,8,36,945.0
OFF-PA-10003052,Office Supplies,Paper,1,3,19.0
OFF-PA-10003063,Office Supplies,Paper,3,15,53.0
OFF-PA-10003072,Office Supplies,Paper,6,19,110.0
OFF-PA-10003105,Office Supplies,Paper,6,20,318.0
OFF-PA-10003115,Office Supplies,Paper,4,18,475.0
OFF-PA-10003127,Office Supplies,Paper,6,13,327.0
OFF-PA-10003129,Office Supplies,Paper,4,14,686.0
OFF-PA-10003133,Office Supplies,Paper,5,15,422.0
OFF-PA-10003134,Office Supplies,Paper,4,12,500.0
OFF-PA-10003139,Office Supplies,Paper,6,29,469.0
OFF-PA-10003156,Office Supplies,Paper,1,4,98.0
OFF-PA-10003172,Office Supplies,Paper,8,28,176.0
OFF-PA-10003177,Office Supplies,Paper,7,17,100.0
OFF-PA-10003205,Office Supplies,Paper,2,5,36.0
OFF-PA-10003224,Office Supplies,Paper,5,24,383.0
OFF-PA-10003228,Office Supplies,Paper,5,25,1224.0
OFF-PA-10003232,Office Supplies,Paper,2,8,164.0
OFF-PA-10003252,Office Supplies,Paper,8,36,861.0
OFF-PA-10003256,Office Supplies,Paper,3,11,105.0
OFF-PA-10003270,Office Supplies,Paper,4,18,85.0
OFF-PA-10003273,Office Supplies,Paper,1,6,290.0
OFF-PA-10003296,Office Supplies,Paper,2,5,51.0
OFF-PA-10003301,Office Supplies,Paper,6,28,308.0
OFF-PA-10003302,Office Supplies,Paper,7,32,1099.0
OFF-PA-10003303,Office Supplies,Paper,4,18,487.0
OFF-PA-10003309,Office Supplies,Paper,4,19,104.0
OFF-PA-10003320,Office Supplies,Paper,1,4,40.0
OFF-PA-10003332,Office Supplies,Paper,6,31,1217.0
OFF-PA-10003333,Office Supplies,Paper,1,6,159.0
OFF-PA-10003338,Office Supplies,Paper,2,10,120.0
OFF-PA-10003349,Office Supplies,Paper,6,17,97.0
OFF-PA-10003350,Office Supplies,Paper,5,15,354.0
OFF-PA-10003359,Office Supplies,Paper,1,3,148.0
OFF-PA-10003363,Office Supplies,Paper,4,17,109.0
OFF-PA-10003365,Office Supplies,Paper,2,8,217.0
OFF-PA-10003380,Office Supplies,Paper,7,22,263.0
OFF-PA-10003381,Office Supplies,Paper,8,25,1049.0
OFF-PA-10003389,Office Supplies,Paper,1,2,12.0
OFF-PA-10003390,Office Supplies,Paper,6,26,739.0
OFF-PA-10003395,Office Supplies,Paper,6,26,1791.0
OFF-PA-10003405,Office Supplies,Paper,4,16,157.0
OFF-PA-10003407,Office Supplies,Paper,6,21,320.0
OFF-PA-10003416,Office Supplies,Paper,11,39,970.0
OFF-PA-10003418,Office Supplies,Paper,6,22,267.0
OFF-PA-10003424,Office Supplies,Paper,7,21,367.0
OFF-PA-10003441,Office Supplies,Paper,11,53,334.0
OFF-PA-10003449,Office Supplies,Paper,4,13,298.0
OFF-PA-10003455,Office Supplies,Paper,11,52,1522.0
OFF-PA-10003465,Office Supplies,Paper,4,11,201.0
OFF-PA-10003475,Office Supplies,Paper,3,15,236.0
OFF-PA-10003492,Office Supplies,Paper,4,7,127.0
OFF-PA-10003499,Office Supplies,Paper,5,23,334.0
OFF-PA-10003510,Office Supplies,Paper,3,18,404.0
OFF-PA-10003511,Office Supplies,Paper,7,31,579.0
OFF-PA-10003513,Office Supplies,Paper,7,28,419.0
OFF-PA-10003517,Office Supplies,Paper,5,30,486.0
OFF-PA-10003518,Office Supplies,Paper,3,10,299.0
OFF-PA-10003527,Office Supplies,Paper,1,2,21.0
OFF-PA-10003543,Office Supplies,Paper,2,5,26.0
OFF-PA-10003550,Office Supplies,Paper,6,37,1405.0
OFF-PA-10003556,Office Supplies,Paper,1,5,41.0
OFF-PA-10003571,Office Supplies,Paper,5,17,470.0
OFF-PA-10003573,Office Supplies,Paper,4,13,130.0
OFF-PA-10003586,Office Supplies,Paper,1,4,106.0
OFF-PA-10003591,Office Supplies,Paper,3,15,151.0
OFF-PA-10003625,Office Supplies,Paper,3,11,329.0
OFF-PA-10003640,Office Supplies,Paper,2,10,228.0
OFF-PA-10003641,Office Supplies,Paper,9,40,971.0
OFF-PA-10003651,Office Supplies,Paper,5,26,166.0
OFF-PA-10003654,Office Supplies,Paper,6,23,336.0
OFF-PA-10003656,Office Supplies,Paper,4,21,539.0
OFF-PA-10003657,Office Supplies,Paper,5,18,66.0
OFF-PA-10003664,Office Supplies,Paper,5,17,323.0
OFF-PA-10003673,Office Supplies,Paper,9,38,246.0
OFF-PA-10003681,Office Supplies,Paper,2,4,48.0
OFF-PA-10003686,Office Supplies,Paper,9,33,751.0
OFF-PA-10003699,Office Supplies,Paper,1,4,40.0
OFF-PA-10003708,Office Supplies,Paper,7,20,375.0
OFF-PA-10003715,Office Supplies,Paper,2,5,63.0
OFF-PA-10003718,Office Supplies,Paper,6,21,178.0
OFF-PA-10003724,Office Supplies,Paper,7,35,185.0
OFF-PA-10003729,Office Supplies,Paper,2,9,46.0
OFF-PA-10003731,Office Supplies,Paper,6,27,688.0
OFF-PA-10003739,Office Supplies,Paper,1,2,12.0
OFF-PA-10003744,Office Supplies,Paper,9,39,656.0
OFF-PA-10003774,Office Supplies,Paper,3,13,246.0
OFF-PA-10003784,Office Supplies,Paper,4,10,220.0
OFF-PA-10003790,Office Supplies,Paper,6,26,577.0
OFF-PA-10003796,Office Supplies,Paper,2,11,194.0
OFF-PA-10003797,Office Supplies,Paper,5,29,187.0
OFF-PA-10003805,Office Supplies,Paper,6,33,789.0
OFF-PA-10003808,Office Supplies,Paper,2,6,112.0
OFF-PA-10003823,Office Supplies,Paper,3,18,502.0
OFF-PA-10003832,Office Supplies,Paper,7,28,445.0
OFF-PA-10003835,Office Supplies,Paper,1,2,34.0
OFF-PA-10003838,Office Supplies,Paper,6,20,337.0
OFF-PA-10003845,Office Supplies,Paper,4,16,93.0
OFF-PA-10003848,Office Supplies,Paper,8,30,178.0
OFF-PA-10003868,Office Supplies,Paper,8,33,1595.0
OFF-PA-10003875,Office Supplies,Paper,2,8,136.0
OFF-PA-10003878,Office Supplies,Paper,5,18,740.0
OFF-PA-10003883,Office Supplies,Paper,5,19,120.0
OFF-PA-10003884,Office Supplies,Paper,5,28,616.0
OFF-PA-10003892,Office Supplies,Paper,4,16,744.0
OFF-PA-10003893,Office Supplies,Paper,7,28,110.0
OFF-PA-10003899,Office Supplies,Paper,15,52,742.0
OFF-PA-10003906,Office Supplies,Paper,8,28,303.0
OFF-PA-10003907,Office Supplies,Paper,3,16,330.0
OFF-PA-10003911,Office Supplies,Paper,8,33,1039.0
OFF-PA-10003919,Office Supplies,Paper,1,2,8.0
OFF-PA-10003920,Office Supplies,Paper,5,14,187.0
OFF-PA-10003936,Office Supplies,Paper,4,13,77.0
OFF-PA-10003937,Office Supplies,Paper,3,9,102.0
OFF-PA-10003938,Office Supplies,Paper,8,44,1758.0
OFF-PA-10003939,Office Supplies,Paper,1,6,52.0
OFF-PA-10003943,Office Supplies,Paper,5,9,232.0
OFF-PA-10003953,Office Supplies,Paper,5,8,49.0
OFF-PA-10003956,Office Supplies,Paper,4,11,166.0
OFF-PA-10003969,Office Supplies,Paper,5,18,429.0
OFF-PA-10003971,Office Supplies,Paper,4,10,56.0
OFF-PA-10003981,Office Supplies,Paper,2,6,96.0
OFF-PA-10003982,Office Supplies,Paper,5,16,235.0
OFF-PA-10003994,Office Supplies,Paper,3,9,182.0
OFF-PA-10004000,Office Supplies,Paper,4,13,50.0
OFF-PA-10004016,Office Supplies,Paper,3,11,124.0
OFF-PA-10004020,Office Supplies,Paper,4,11,195.0
OFF-PA-10004022,Office Supplies,Paper,2,3,30.0
OFF-PA-10004024,Office Supplies,Paper,1,1,8.0
OFF-PA-10004027,Office Supplies,Paper,9,34,1019.0
OFF-PA-10004034,Office Supplies,Paper,5,24,499.0
OFF-PA-10004039,Office Supplies,Paper,5,12,617.0
OFF-PA-10004040,Office Supplies,Paper,5,24,129.0
OFF-PA-10004041,Office Supplies,Paper,6,25,163.0
OFF-PA-10004054,Office Supplies,Paper,1,6,178.0
OFF-PA-10004069,Office Supplies,Paper,4,20,418.0
OFF-PA-10004071,Office Supplies,Paper,10,21,1097.0
OFF-PA-10004082,Office Supplies,Paper,7,28,224.0
OFF-PA-10004092,Office Supplies,Paper,3,7,343.0
OFF-PA-10004100,Office Supplies,Paper,8,42,238.0
OFF-PA-10004101,Office Supplies,Paper,5,27,168.0
OFF-PA-10004111,Office Supplies,Paper,6,21,337.0
OFF-PA-10004115,Office Supplies,Paper,8,43,1144.0
OFF-PA-10004124,Office Supplies,Paper,4,12,240.0
OFF-PA-10004145,Office Supplies,Paper,3,17,399.0
OFF-PA-10004151,Office Supplies,Paper,1,2,68.0
OFF-PA-10004155,Office Supplies,Paper,8,38,691.0
OFF-PA-10004156,Office Supplies,Paper,8,20,212.0
OFF-PA-10004160,Office Supplies,Paper,3,9,268.0
OFF-PA-10004174,Office Supplies,Paper,2,6,117.0
OFF-PA-10004185,Office Supplies,Paper,4,10,216.0
OFF-PA-10004187,Office Supplies,Paper,6,19,346.0
OFF-PA-10004190,Office Supplies,Paper,7,20,350.0
OFF-PA-10004200,Office Supplies,Paper,2,5,139.0
OFF-PA-10004239,Office Supplies,Paper,4,12,47.0
OFF-PA-10004241,Office Supplies,Paper,6,20,223.0
OFF-PA-10004243,Office Supplies,Paper,5,22,418.0
OFF-PA-10004248,Office Supplies,Paper,2,8,37.0
OFF-PA-10004255,Office Supplies,Paper,4,15,96.0
OFF-PA-10004260,Office Supplies,Paper,8,24,227.0
OFF-PA-10004261,Office Supplies,Paper,3,7,98.0
OFF-PA-10004267,Office Supplies,Paper,5,29,527.0
OFF-PA-10004268,Office Supplies,Paper,6,33,789.0
OFF-PA-10004285,Office Supplies,Paper,6,21,133.0
OFF-PA-10004286,Office Supplies,Paper,2,7,329.0
OFF-PA-10004287,Office Supplies,Paper,1,4,90.0
OFF-PA-10004294,Office Supplies,Paper,6,36,671.0
OFF-PA-10004296,Office Supplies,Paper,1,6,48.0
OFF-PA-10004313,Office Supplies,Paper,4,13,294.0
OFF-PA-10004326,Office Supplies,Paper,6,18,212.0
OFF-PA-10004327,Office Supplies,Paper,5,13,605.0
OFF-PA-10004335,Office Supplies,Paper,4,12,257.0
OFF-PA-10004337,Office Supplies,Paper,3,11,226.0
OFF-PA-10004343,Office Supplies,Paper,6,15,235.0
OFF-PA-10004353,Office Supplies,Paper,5,28,528.0
OFF-PA-10004355,Office Supplies,Paper,5,14,79.0
OFF-PA-10004359,Office Supplies,Paper,11,38,2208.0
OFF-PA-10004379,Office Supplies,Paper,3,11,288.0
OFF-PA-10004380,Office Supplies,Paper,8,22,339.0
OFF-PA-10004381,Office Supplies,Paper,4,10,422.0
OFF-PA-10004385,Office Supplies,Paper,5,18,137.0
OFF-PA-10004386,Office Supplies,Paper,5,11,219.0
OFF-PA-10004405,Office Supplies,Paper,2,11,29.0
OFF-PA-10004411,Office Supplies,Paper,1,2,20.0
OFF-PA-10004421,Office Supplies,Paper,5,24,260.0
OFF-PA-10004429,Office Supplies,Paper,3,6,81.0
OFF-PA-10004433,Office Supplies,Paper,1,2,33.0
OFF-PA-10004438,Office Supplies,Paper,3,10,123.0
OFF-PA-10004444,Office Supplies,Paper,3,12,295.0
OFF-PA-10004450,Office Supplies,Paper,2,8,359.0
OFF-PA-10004451,Office Supplies,Paper,7,22,132.0
OFF-PA-10004468,Office Supplies,Paper,3,9,266.0
OFF-PA-10004470,Office Supplies,Paper,7,21,668.0
OFF-PA-10004475,Office Supplies,Paper,10,27,1012.0
OFF-PA-10004480,Office Supplies,Paper,5,11,351.0
OFF-PA-10004495,Office Supplies,Paper,8,18,425.0
OFF-PA-10004498,Office Supplies,Paper,1,4,68.0
OFF-PA-10004501,Office Supplies,Paper,5,22,245.0
OFF-PA-10004519,Office Supplies,Paper,4,15,60.0
OFF-PA-10004530,Office Supplies,Paper,4,28,322.0
OFF-PA-10004531,Office Supplies,Paper,4,10,198.0
OFF-PA-10004569,Office Supplies,Paper,6,15,110.0
OFF-PA-10004573,Office Supplies,Paper,4,16,235.0
OFF-PA-10004589,Office Supplies,Paper,8,25,639.0
OFF-PA-10004600,Office Supplies,Paper,8,26,732.0
OFF-PA-10004609,Office Supplies,Paper,4,14,80.0
OFF-PA-10004610,Office Supplies,Paper,7,26,106.0
OFF-PA-10004613,Office Supplies,Paper,6,39,1073.0
OFF-PA-10004621,Office Supplies,Paper,7,25,140.0
OFF-PA-10004627,Office Supplies,Paper,1,1,11.0
OFF-PA-10004640,Office Supplies,Paper,1,4,53.0
OFF-PA-10004641,Office Supplies,Paper,2,7,349.0
OFF-PA-10004648,Office Supplies,Paper,5,18,238.0
OFF-PA-10004665,Office Supplies,Paper,5,20,228.0
OFF-PA-10004673,Office Supplies,Paper,9,22,379.0
OFF-PA-10004675,Office Supplies,Paper,6,17,99.0
OFF-PA-10004694,Office Supplies,Paper,6,17,894.0
OFF-PA-10004727,Office Supplies,Paper,8,36,835.0
OFF-PA-10004733,Office Supplies,Paper,3,13,82.0
OFF-PA-10004734,Office Supplies,Paper,2,10,73.0
OFF-PA-10004735,Office Supplies,Paper,5,23,146.0
OFF-PA-10004741,Office Supplies,Paper,5,17,862.0
OFF-PA-10004746,Office Supplies,Paper,3,8,162.0
OFF-PA-10004756,Office Supplies,Paper,2,8,399.0
OFF-PA-10004761,Office Supplies,Paper,2,13,161.0
OFF-PA-10004766,Office Supplies,Paper,1,2,45.0
OFF-PA-10004782,Office Supplies,Paper,4,15,97.0
OFF-PA-10004815,Office Supplies,Paper,6,20,458.0
OFF-PA-10004835,Office Supplies,Paper,2,6,120.0
OFF-PA-10004842,Office Supplies,Paper,5,15,328.0
OFF-PA-10004849,Office Supplies,Paper,6,21,330.0
OFF-PA-10004854,Office Supplies,Paper,7,20,546.0
OFF-PA-10004856,Office Supplies,Paper,5,20,269.0
OFF-PA-10004881,Office Supplies,Paper,1,2,32.0
OFF-PA-10004888,Office Supplies,Paper,8,25,150.0
OFF-PA-10004910,Office Supplies,Paper,5,14,223.0
OFF-PA-10004911,Office Supplies,Paper,5,21,198.0
OFF-PA-10004918,Office Supplies,Paper,1,2,28.0
OFF-PA-10004923,Office Supplies,Paper,5,12,180.0
OFF-PA-10004930,Office Supplies,Paper,4,18,399.0
OFF-PA-10004943,Office Supplies,Paper,4,13,250.0
OFF-PA-10004946,Office Supplies,Paper,8,30,942.0
OFF-PA-10004947,Office Supplies,Paper,3,12,48.0
OFF-PA-10004948,Office Supplies,Paper,2,6,30.0
OFF-PA-10004965,Office Supplies,Paper,3,7,56.0
OFF-PA-10004968,Office Supplies,Paper,4,12,259.0
OFF-PA-10004971,Office Supplies,Paper,8,18,93.0
OFF-PA-10004983,Office Supplies,Paper,6,23,140.0
OFF-PA-10004990,Office Supplies,Paper,5,14,308.0
OFF-PA-10004994,Office Supplies,Paper,4,15,195.0
OFF-PA-10004996,Office Supplies,Paper,5,19,182.0
OFF-PA-10004998,Office Supplies,Paper,4,15,175.0
OFF-ROG-10000191,Office Supplies,Storage,8,20,2465.0
OFF-ROG-10000332,Office Supplies,Storage,13,18,347.0
OFF-ROG-10000566,Office Supplies,Storage,8,22,803.0
OFF-ROG-10001101,Office Supplies,Storage,10,23,1332.0
OFF-ROG-10001340,Office Supplies,Storage,14,27,3172.0
OFF-ROG-10001372,Office Supplies,Storage,8,17,839.0
OFF-ROG-10001399,Office Supplies,Storage,10,25,1088.0
OFF-ROG-10001418,Office Supplies,Storage,10,30,1825.0
OFF-ROG-10001549,Office Supplies,Storage,10,14,696.0
OFF-ROG-10001735,Office Supplies,Storage,9,35,1572.233
OFF-ROG-10001818,Office Supplies,Storage,8,16,415.0
OFF-ROG-10002132,Office Supplies,Storage,11,27,4834.0
OFF-ROG-10002279,Office Supplies,Storage,15,43,921.0
OFF-ROG-10002294,Office Supplies,Storage,12,35,1948.842
OFF-ROG-10002682,Office Supplies,Storage,10,19,338.0
OFF-ROG-10002818,Office Supplies,Storage,10,36,2236.0
OFF-ROG-10002866,Office Supplies,Storage,8,10,246.0
OFF-ROG-10003300,Office Supplies,Storage,8,20,386.0
OFF-ROG-10003733,Office Supplies,Storage,10,30,856.0
OFF-ROG-10003898,Office Supplies,Storage,13,27,4152.27
OFF-ROG-10003993,Office Supplies,Storage,15,29,1378.7
OFF-ROG-10004393,Office Supplies,Storage,16,44,1278.0
OFF-ROG-10004646,Office Supplies,Storage,10,14,1646.0
OFF-ROG-10004949,Office Supplies,Storage,13,25,1531.0
OFF-SAN-10000335,Office Supplies,Paper,4,4,58.0
OFF-SAN-10000722,Office Supplies,Paper,3,5,150.0
OFF-SAN-10000844,Office Supplies,Paper,5,21,349.0
OFF-SAN-10000874,Office Supplies,Art,12,43,701.0
OFF-SAN-10000931,Office Supplies,Paper,4,14,223.0
OFF-SAN-10001074,Office Supplies,Paper,6,18,343.0
OFF-SAN-10001094,Office Supplies,Paper,3,10,211.0
OFF-SAN-10001114,Office Supplies,Paper,4,7,349.0
OFF-SAN-10001128,Office Supplies,Art,17,52,474.0
OFF-SAN-10001237,Office Supplies,Paper,5,22,998.0
OFF-SAN-10001295,Office Supplies,Art,13,26,650.0
OFF-SAN-10001326,Office Supplies,Paper,3,3,69.0
OFF-SAN-10001345,Office Supplies,Art,13,24,959.0
OFF-SAN-10001542,Office Supplies,Paper,5,18,588.0
OFF-SAN-10001546,Office Supplies,Paper,4,17,506.0
OFF-SAN-10001634,Office Supplies,Art,14,32,1499.0
OFF-SAN-10001681,Office Supplies,Paper,2,11,373.0
OFF-SAN-10001862,Office Supplies,Art,9,20,266.0
OFF-SAN-10002015,Office Supplies,Art,12,25,317.0
OFF-SAN-10002020,Office Supplies,Paper,4,5,79.0
OFF-SAN-10002323,Office Supplies,Art,12,39,1415.0
OFF-SAN-10002441,Office Supplies,Art,12,24,291.0
OFF-SAN-10002484,Office Supplies,Art,18,30,1214.0
OFF-SAN-10002639,Office Supplies,Art,11,19,334.0
OFF-SAN-10002839,Office Supplies,Art,13,28,1391.0
OFF-SAN-10002873,Office Supplies,Paper,2,10,525.0
OFF-SAN-10003041,Office Supplies,Art,9,19,456.0
OFF-SAN-10003152,Office Supplies,Paper,4,9,164.0
OFF-SAN-10003226,Office Supplies,Paper,4,10,209.0
OFF-SAN-10003285,Office Supplies,Art,16,40,453.0
OFF-SAN-10003318,Office Supplies,Paper,3,9,153.0
OFF-SAN-10003368,Office Supplies,Art,13,34,280.0
OFF-SAN-10003393,Office Supplies,Paper,6,13,367.0
OFF-SAN-10003644,Office Supplies,Art,14,34,692.0
OFF-SAN-10003660,Office Supplies,Paper,2,13,405.0
OFF-SAN-10003687,Office Supplies,Art,10,23,1022.0
OFF-SAN-10004232,Office Supplies,Art,14,23,385.0
OFF-SAN-10004288,Office Supplies,Art,12,27,950.0
OFF-SAN-10004339,Office Supplies,Art,10,29,491.0
OFF-SAN-10004420,Office Supplies,Art,10,27,1213.0
OFF-SAN-10004426,Office Supplies,Paper,2,3,74.0
OFF-SAN-10004602,Office Supplies,Paper,2,3,50.0
OFF-SAN-10004618,Office Supplies,Paper,2,2,24.0
OFF-SAN-10004633,Office Supplies,Paper,4,5,90.0
OFF-SAN-10004706,Office Supplies,Paper,3,7,209.0
OFF-SAN-10004746,Office Supplies,Art,9,13,189.0
OFF-SAN-10004824,Office Supplies,Art,15,36,577.0
OFF-SAN-10004881,Office Supplies,Art,19,53,1183.0
OFF-SME-10000018,Office Supplies,Labels,10,29,183.0
OFF-SME-10000258,Office Supplies,Labels,1,1,3.0
OFF-SME-10000335,Office Supplies,Storage,10,22,212.0
OFF-SME-10000520,Office Supplies,Storage,11,14,571.0
OFF-SME-10000538,Office Supplies,Storage,13,49,2273.351
OFF-SME-10000675,Office Supplies,Labels,2,2,14.0
OFF-SME-10000746,Office Supplies,Storage,13,46,4181.978
OFF-SME-10000880,Office Supplies,Storage,7,9,91.0
OFF-SME-10000950,Office Supplies,Labels,1,1,4.0
OFF-SME-10000973,Office Supplies,Storage,6,26,316.0
OFF-SME-10001149,Office Supplies,Storage,12,21,310.0
OFF-SME-10001278,Office Supplies,Labels,3,3,33.0
OFF-SME-10001652,Office Supplies,Storage,9,26,1065.0
OFF-SME-10001667,Office Supplies,Labels,4,18,182.0
OFF-SME-10001718,Office Supplies,Storage,15,26,229.0
OFF-SME-10001745,Office Supplies,Storage,11,23,862.0
OFF-SME-10001754,Office Supplies,Labels,4,19,165.0
OFF-SME-10001761,Office Supplies,Storage,3,3,118.0
OFF-SME-10001800,Office Supplies,Labels,2,3,12.0
OFF-SME-10001852,Office Supplies,Labels,1,1,10.0
OFF-SME-10001853,Office Supplies,Storage,17,36,569.0
OFF-SME-10002250,Office Supplies,Labels,3,11,96.0
OFF-SME-10002417,Office Supplies,Storage,6,12,520.0
OFF-SME-10002467,Office Supplies,Labels,3,7,43.0
OFF-SME-10002740,Office Supplies,Storage,18,31,4167.0
OFF-SME-10002823,Office Supplies,Storage,11,16,705.0
OFF-SME-10002870,Office Supplies,Labels,4,6,66.0
OFF-SME-10003033,Office Supplies,Storage,5,8,333.0
OFF-SME-10003047,Office Supplies,Labels,5,8,59.0
OFF-SME-10003134,Office Supplies,Storage,8,12,70.0
OFF-SME-10003305,Office Supplies,Labels,5,6,42.0
OFF-SME-10003530,Office Supplies,Storage,9,18,1855.58
OFF-SME-10003746,Office Supplies,Labels,2,2,13.0
OFF-SME-10003752,Office Supplies,Storage,17,28,3144.0
OFF-SME-10003805,Office Supplies,Labels,4,8,68.0
OFF-SME-10004110,Office Supplies,Labels,3,6,62.0
OFF-SME-10004160,Office Supplies,Storage,8,18,287.0
OFF-SME-10004247,Office Supplies,Storage,9,13,510.0
OFF-SME-10004256,Office Supplies,Labels,5,9,92.0
OFF-SME-10004323,Office Supplies,Labels,2,3,34.0
OFF-SME-10004370,Office Supplies,Storage,18,47,4434.0
OFF-SME-10004518,Office Supplies,Labels,6,16,129.0
OFF-SME-10004519,Office Supplies,Labels,5,6,49.0
OFF-SME-10004553,Office Supplies,Storage,13,23,3631.0
OFF-SME-10004702,Office Supplies,Storage,9,27,2902.0
OFF-SME-10004740,Office Supplies,Labels,7,22,211.0
OFF-SME-10004754,Office Supplies,Labels,3,7,34.0
OFF-SME-10004926,Office Supplies,Labels,1,4,36.0
OFF-ST-10000003,Office Supplies,Storage,1,6,331.0
OFF-ST-10000007,Office Supplies,Storage,8,29,3312.0
OFF-ST-10000016,Office Supplies,Storage,6,15,231.0
OFF-ST-10000020,Office Supplies,Storage,15,52,1277.0
OFF-ST-10000022,Office Supplies,Storage,2,10,105.0
OFF-ST-10000025,Office Supplies,Storage,8,37,3398.0
OFF-ST-10000028,Office Supplies,Storage,10,23,894.0
OFF-ST-10000035,Office Supplies,Storage,6,28,414.0
OFF-ST-10000036,Office Supplies,Storage,6,20,1857.0
OFF-ST-10000046,Office Supplies,Storage,9,27,4006.0
OFF-ST-10000060,Office Supplies,Storage,8,43,2613.0
OFF-ST-10000078,Office Supplies,Storage,19,74,4909.425
OFF-ST-10000085,Office Supplies,Storage,8,30,3750.0
OFF-ST-10000095,Office Supplies,Storage,13,50,6049.0
OFF-ST-10000103,Office Supplies,Storage,8,45,4935.981
OFF-ST-10000107,Office Supplies,Storage,7,36,2690.0
OFF-ST-10000123,Office Supplies,Storage,1,2,31.0
OFF-ST-10000127,Office Supplies,Storage,10,44,2055.0
OFF-ST-10000129,Office Supplies,Storage,3,12,1288.0
OFF-ST-10000130,Office Supplies,Storage,14,62,2351.0
OFF-ST-10000136,Office Supplies,Storage,2,10,341.0
OFF-ST-10000142,Office Supplies,Storage,5,14,1002.575
OFF-ST-10000154,Office Supplies,Storage,10,45,409.0
OFF-ST-10000210,Office Supplies,Storage,2,4,569.0
OFF-ST-10000220,Office Supplies,Storage,5,13,761.0
OFF-ST-10000242,Office Supplies,Storage,1,7,119.0
OFF-ST-10000268,Office Supplies,Storage,5,17,178.0
OFF-ST-10000287,Office Supplies,Storage,9,27,594.0
OFF-ST-10000288,Office Supplies,Storage,14,44,6151.309
OFF-ST-10000290,Office Supplies,Storage,6,12,225.0
OFF-ST-10000299,Office Supplies,Storage,2,4,216.0
OFF-ST-10000300,Office Supplies,Storage,12,35,509.0
OFF-ST-10000306,Office Supplies,Storage,3,11,639.0
OFF-ST-10000321,Office Supplies,Storage,6,13,93.0
OFF-ST-10000327,Office Supplies,Storage,8,26,387.0
OFF-ST-10000344,Office Supplies,Storage,16,58,881.0
OFF-ST-10000351,Office Supplies,Storage,6,17,737.0
OFF-ST-10000352,Office Supplies,Storage,4,8,208.0
OFF-ST-10000355,Office Supplies,Storage,10,36,254.0
OFF-ST-10000362,Office Supplies,Storage,8,32,3950.0
OFF-ST-10000378,Office Supplies,Storage,1,4,62.0
OFF-ST-10000419,Office Supplies,Storage,7,24,319.0
OFF-ST-10000423,Office Supplies,Storage,7,21,780.0
OFF-ST-10000430,Office Supplies,Storage,10,37,3997.0
OFF-ST-10000439,Office Supplies,Storage,3,16,2258.0
OFF-ST-10000442,Office Supplies,Storage,10,32,461.0
OFF-ST-10000464,Office Supplies,Storage,5,11,370.0
OFF-ST-10000485,Office Supplies,Storage,2,7,167.0
OFF-ST-10000486,Office Supplies,Storage,10,48,2506.0
OFF-ST-10000496,Office Supplies,Storage,7,35,509.0
OFF-ST-10000505,Office Supplies,Storage,6,26,2124.0
OFF-ST-10000520,Office Supplies,Storage,5,20,292.0
OFF-ST-10000532,Office Supplies,Storage,6,31,1116.0
OFF-ST-10000542,Office Supplies,Storage,6,28,635.0
OFF-ST-10000546,Office Supplies,Storage,4,19,1672.077
OFF-ST-10000557,Office Supplies,Storage,8,27,239.0
OFF-ST-10000560,Office Supplies,Storage,7,25,950.0
OFF-ST-10000563,Office Supplies,Storage,12,50,1426.0
OFF-ST-10000580,Office Supplies,Storage,9,27,1348.0
OFF-ST-10000585,Office Supplies,Storage,7,20,3137.0
OFF-ST-10000604,Office Supplies,Storage,7,30,981.0
OFF-ST-10000615,Office Supplies,Storage,8,32,346.0
OFF-ST-10000617,Office Supplies,Storage,6,24,70.0
OFF-ST-10000619,Office Supplies,Storage,6,22,2049.0
OFF-ST-10000622,Office Supplies,Storage,6,19,2296.0
OFF-ST-10000624,Office Supplies,Storage,19,79,7511.027
OFF-ST-10000632,Office Supplies,Storage,9,35,1767.0
OFF-ST-10000636,Office Supplies,Storage,7,32,519.0
OFF-ST-10000642,Office Supplies,Storage,6,22,403.0
OFF-ST-10000643,Office Supplies,Storage,8,37,1360.0
OFF-ST-10000645,Office Supplies,Storage,7,20,1574.0
OFF-ST-10000648,Office Supplies,Storage,12,48,3442.059
OFF-ST-10000649,Office Supplies,Storage,5,17,251.0
OFF-ST-10000650,Office Supplies,Storage,5,17,238.0
OFF-ST-10000661,Office Supplies,Storage,2,7,78.0
OFF-ST-10000675,Office Supplies,Storage,7,34,1124.0
OFF-ST-10000676,Office Supplies,Storage,2,7,582.0
OFF-ST-10000689,Office Supplies,Storage,7,33,3211.268
OFF-ST-10000695,Office Supplies,Storage,13,48,5899.327
OFF-ST-10000701,Office Supplies,Storage,1,2,75.0
OFF-ST-10000704,Office Supplies,Storage,10,27,3573.0
OFF-ST-10000710,Office Supplies,Storage,15,63,2750.0
OFF-ST-10000711,Office Supplies,Storage,2,14,74.0
OFF-ST-10000718,Office Supplies,Storage,4,15,263.0
OFF-ST-10000736,Office Supplies,Storage,12,39,3030.0
OFF-ST-10000752,Office Supplies,Storage,7,18,1812.0
OFF-ST-10000760,Office Supplies,Storage,5,24,302.0
OFF-ST-10000777,Office Supplies,Storage,5,17,612.0
OFF-ST-10000794,Office Supplies,Storage,1,2,107.0
OFF-ST-10000798,Office Supplies,Storage,4,16,345.0
OFF-ST-10000806,Office Supplies,Storage,2,3,152.0
OFF-ST-10000836,Office Supplies,Storage,8,23,737.0
OFF-ST-10000872,Office Supplies,Storage,15,60,5809.0
OFF-ST-10000875,Office Supplies,Storage,6,18,715.0
OFF-ST-10000876,Office Supplies,Storage,8,30,346.0
OFF-ST-10000877,Office Supplies,Storage,4,20,1073.0
OFF-ST-10000880,Office Supplies,Storage,6,17,253.0
OFF-ST-10000884,Office Supplies,Storage,1,8,84.0
OFF-ST-10000885,Office Supplies,Storage,4,15,201.0
OFF-ST-10000886,Office Supplies,Storage,8,21,2713.0
OFF-ST-10000892,Office Supplies,Storage,7,28,1244.0
OFF-ST-10000917,Office Supplies,Storage,1,4,145.0
OFF-ST-10000918,Office Supplies,Storage,7,18,177.0
OFF-ST-10000922,Office Supplies,Storage,12,42,4571.0
OFF-ST-10000934,Office Supplies,Storage,5,16,598.0
OFF-ST-10000943,Office Supplies,Storage,7,35,614.0
OFF-ST-10000948,Office Supplies,Storage,5,16,253.0
OFF-ST-10000952,Office Supplies,Storage,12,44,3645.147
OFF-ST-10000988,Office Supplies,Storage,17,57,1214.0
OFF-ST-10000990,Office Supplies,Storage,8,33,2272.188
OFF-ST-10000991,Office Supplies,Storage,8,27,3036.0
OFF-ST-10001010,Office Supplies,Storage,12,40,5015.0
OFF-ST-10001025,Office Supplies,Storage,13,38,1622.0
OFF-ST-10001026,Office Supplies,Storage,8,34,1478.0
OFF-ST-10001031,Office Supplies,Storage,5,18,270.0
OFF-ST-10001034,Office Supplies,Storage,1,5,79.0
OFF-ST-10001050,Office Supplies,Storage,11,45,1917.0
OFF-ST-10001051,Office Supplies,Storage,8,38,1160.0
OFF-ST-10001057,Office Supplies,Storage,1,2,32.0
OFF-ST-10001066,Office Supplies,Storage,6,22,227.0
OFF-ST-10001073,Office Supplies,Storage,1,3,103.0
OFF-ST-10001091,Office Supplies,Storage,10,33,338.0
OFF-ST-10001097,Office Supplies,Storage,5,20,2176.004
OFF-ST-10001124,Office Supplies,Storage,7,20,1014.0
OFF-ST-10001128,Office Supplies,Storage,6,26,2731.0
OFF-ST-10001142,Office Supplies,Storage,14,58,875.0
OFF-ST-10001172,Office Supplies,Storage,11,36,882.0
OFF-ST-10001173,Office Supplies,Storage,11,40,709.0
OFF-ST-10001186,Office Supplies,Storage,7,35,1628.0
OFF-ST-10001195,Office Supplies,Storage,10,25,216.0
OFF-ST-10001213,Office Supplies,Storage,10,36,1417.0
OFF-ST-10001214,Office Supplies,Storage,7,23,240.0
OFF-ST-10001222,Office Supplies,Storage,12,57,2577.0
OFF-ST-10001227,Office Supplies,Storage,10,37,372.0
OFF-ST-10001228,Office Supplies,Storage,9,36,463.0
OFF-ST-10001229,Office Supplies,Storage,6,22,366.0
OFF-ST-10001255,Office Supplies,Storage,13,51,2325.0
OFF-ST-10001272,Office Supplies,Storage,5,12,1466.0
OFF-ST-10001290,Office Supplies,Storage,4,18,830.0
OFF-ST-10001291,Office Supplies,Storage,5,15,231.0
OFF-ST-10001321,Office Supplies,Storage,9,35,520.0
OFF-ST-10001325,Office Supplies,Storage,11,35,343.0
OFF-ST-10001326,Office Supplies,Storage,6,28,998.0
OFF-ST-10001328,Office Supplies,Storage,8,31,461.0
OFF-ST-10001335,Office Supplies,Storage,7,13,954.0
OFF-ST-10001342,Office Supplies,Storage,6,15,624.0
OFF-ST-10001346,Office Supplies,Storage,7,25,1764.0
OFF-ST-10001357,Office Supplies,Storage,6,29,2477.791
OFF-ST-10001358,Office Supplies,Storage,7,15,367.0
OFF-ST-10001366,Office Supplies,Storage,7,20,515.0
OFF-ST-10001370,Office Supplies,Storage,8,38,2485.0
OFF-ST-10001372,Office Supplies,Storage,4,12,61.0
OFF-ST-10001374,Office Supplies,Storage,9,31,1015.0
OFF-ST-10001393,Office Supplies,Storage,5,21,636.0
OFF-ST-10001413,Office Supplies,Storage,8,26,577.0
OFF-ST-10001414,Office Supplies,Storage,2,7,552.0
OFF-ST-10001418,Office Supplies,Storage,5,20,1073.0
OFF-ST-10001426,Office Supplies,Storage,9,31,369.0
OFF-ST-10001440,Office Supplies,Storage,7,30,664.0
OFF-ST-10001458,Office Supplies,Storage,1,4,74.0
OFF-ST-10001460,Office Supplies,Storage,16,55,2183.0
OFF-ST-10001469,Office Supplies,Storage,7,24,1189.0
OFF-ST-10001476,Office Supplies,Storage,5,29,938.0
OFF-ST-10001478,Office Supplies,Storage,11,36,4131.0
OFF-ST-10001490,Office Supplies,Storage,13,49,6532.606
OFF-ST-10001496,Office Supplies,Storage,10,40,4038.558
OFF-ST-10001505,Office Supplies,Storage,8,33,180.0
OFF-ST-10001511,Office Supplies,Storage,7,33,1952.0
OFF-ST-10001513,Office Supplies,Storage,1,7,49.0
OFF-ST-10001522,Office Supplies,Storage,10,28,2299.0
OFF-ST-10001526,Office Supplies,Storage,8,49,2746.008
OFF-ST-10001534,Office Supplies,Storage,5,22,361.0
OFF-ST-10001547,Office Supplies,Storage,14,54,5667.1990000000005
OFF-ST-10001554,Office Supplies,Storage,18,86,4774.0
OFF-ST-10001558,Office Supplies,Storage,11,31,457.0
OFF-ST-10001562,Office Supplies,Storage,19,79,1364.0
OFF-ST-10001567,Office Supplies,Storage,7,29,2910.0
OFF-ST-10001576,Office Supplies,Storage,8,23,453.0
OFF-ST-10001580,Office Supplies,Storage,5,13,180.0
OFF-ST-10001590,Office Supplies,Storage,15,55,687.0
OFF-ST-10001597,Office Supplies,Storage,2,11,156.0
OFF-ST-10001598,Office Supplies,Storage,10,46,446.0
OFF-ST-10001627,Office Supplies,Storage,1,3,37.0
OFF-ST-10001631,Office Supplies,Storage,6,27,1305.0
OFF-ST-10001638,Office Supplies,Storage,9,32,3893.0
OFF-ST-10001646,Office Supplies,Storage,16,64,975.0
OFF-ST-10001648,Office Supplies,Storage,11,33,1468.0
OFF-ST-10001694,Office Supplies,Storage,5,14,234.0
OFF-ST-10001707,Office Supplies,Storage,10,30,1245.0
OFF-ST-10001713,Office Supplies,Storage,6,20,954.0
OFF-ST-10001719,Office Supplies,Storage,7,34,1627.0
OFF-ST-10001729,Office Supplies,Storage,6,17,2150.0
OFF-ST-10001743,Office Supplies,Storage,3,12,178.0
OFF-ST-10001752,Office Supplies,Storage,7,27,1316.0
OFF-ST-10001753,Office Supplies,Storage,4,22,1042.0
OFF-ST-10001755,Office Supplies,Storage,7,26,3926.0
OFF-ST-10001758,Office Supplies,Storage,15,63,5274.434
OFF-ST-10001776,Office Supplies,Storage,1,2,56.0
OFF-ST-10001780,Office Supplies,Storage,5,13,7.517
OFF-ST-10001799,Office Supplies,Storage,1,2,24.0
OFF-ST-10001809,Office Supplies,Storage,11,55,4509.0
OFF-ST-10001818,Office Supplies,Storage,17,70,2860.0
OFF-ST-10001824,Office Supplies,Storage,10,34,746.0
OFF-ST-10001832,Office Supplies,Storage,1,8,49.0
OFF-ST-10001837,Office Supplies,Storage,8,31,1241.0
OFF-ST-10001858,Office Supplies,Storage,6,15,716.0
OFF-ST-10001869,Office Supplies,Storage,2,12,82.0
OFF-ST-10001890,Office Supplies,Storage,7,19,511.0
OFF-ST-10001932,Office Supplies,Storage,7,26,4831.0
OFF-ST-10001941,Office Supplies,Storage,6,18,2275.0
OFF-ST-10001954,Office Supplies,Storage,7,32,896.0
OFF-ST-10001963,Office Supplies,Storage,4,18,1764.0
OFF-ST-10001974,Office Supplies,Storage,13,52,3767.422
OFF-ST-10001991,Office Supplies,Storage,4,15,425.0
OFF-ST-10001999,Office Supplies,Storage,7,46,868.0
OFF-ST-10002011,Office Supplies,Storage,3,12,841.94
OFF-ST-10002028,Office Supplies,Storage,2,4,550.0
OFF-ST-10002042,Office Supplies,Storage,11,38,862.0
OFF-ST-10002066,Office Supplies,Storage,6,14,1469.0
OFF-ST-10002070,Office Supplies,Storage,4,19,675.0
OFF-ST-10002074,Office Supplies,Storage,2,5,83.0
OFF-ST-10002085,Office Supplies,Storage,4,11,1425.0
OFF-ST-10002105,Office Supplies,Storage,6,22,622.0
OFF-ST-10002119,Office Supplies,Storage,1,2,50.0
OFF-ST-10002122,Office Supplies,Storage,7,32,210.0
OFF-ST-10002151,Office Supplies,Storage,11,36,320.0
OFF-ST-10002159,Office Supplies,Storage,8,30,4665.0
OFF-ST-10002161,Office Supplies,Storage,8,34,1608.0
OFF-ST-10002164,Office Supplies,Storage,5,14,1979.0
OFF-ST-10002172,Office Supplies,Storage,13,47,1974.0
OFF-ST-10002175,Office Supplies,Storage,8,21,2552.244
OFF-ST-10002176,Office Supplies,Storage,4,14,1199.0
OFF-ST-10002182,Office Supplies,Storage,3,16,284.0
OFF-ST-10002205,Office Supplies,Storage,3,13,262.0
OFF-ST-10002214,Office Supplies,Storage,9,30,319.0
OFF-ST-10002220,Office Supplies,Storage,1,1,82.0
OFF-ST-10002221,Office Supplies,Storage,1,6,1.273
OFF-ST-10002233,Office Supplies,Storage,15,48,1231.0
OFF-ST-10002240,Office Supplies,Storage,7,25,1273.0
OFF-ST-10002250,Office Supplies,Storage,1,4,43.0
OFF-ST-10002251,Office Supplies,Storage,10,39,1428.0
OFF-ST-10002263,Office Supplies,Storage,9,43,1956.0
OFF-ST-10002271,Office Supplies,Storage,18,64,3177.0
OFF-ST-10002276,Office Supplies,Storage,5,9,684.0
OFF-ST-10002289,Office Supplies,Storage,4,13,407.0
OFF-ST-10002292,Office Supplies,Storage,9,37,2465.51
OFF-ST-10002301,Office Supplies,Storage,9,21,375.0
OFF-ST-10002318,Office Supplies,Storage,1,2,23.0
OFF-ST-10002340,Office Supplies,Storage,11,31,1625.0
OFF-ST-10002343,Office Supplies,Storage,8,38,932.0
OFF-ST-10002344,Office Supplies,Storage,8,22,1636.0
OFF-ST-10002352,Office Supplies,Storage,6,30,226.0
OFF-ST-10002354,Office Supplies,Storage,9,31,3901.241
OFF-ST-10002362,Office Supplies,Storage,4,11,304.0
OFF-ST-10002370,Office Supplies,Storage,6,24,482.0
OFF-ST-10002371,Office Supplies,Storage,10,35,3078.0
OFF-ST-10002386,Office Supplies,Storage,2,12,466.0
OFF-ST-10002395,Office Supplies,Storage,10,44,3676.214
OFF-ST-10002399,Office Supplies,Storage,9,36,680.0
OFF-ST-10002406,Office Supplies,Storage,6,24,354.0
OFF-ST-10002423,Office Supplies,Storage,9,36,1018.0
OFF-ST-10002424,Office Supplies,Storage,1,2,59.0
OFF-ST-10002437,Office Supplies,Storage,10,28,1258.0
OFF-ST-10002444,Office Supplies,Storage,6,20,237.0
OFF-ST-10002459,Office Supplies,Storage,1,5,63.0
OFF-ST-10002460,Office Supplies,Storage,4,12,413.0
OFF-ST-10002463,Office Supplies,Storage,5,20,461.0
OFF-ST-10002466,Office Supplies,Storage,9,34,232.0
OFF-ST-10002471,Office Supplies,Storage,4,11,1191.0
OFF-ST-10002485,Office Supplies,Storage,8,22,444.0
OFF-ST-10002486,Office Supplies,Storage,8,45,301.0
OFF-ST-10002499,Office Supplies,Storage,12,38,2631.0
OFF-ST-10002505,Office Supplies,Storage,7,25,311.0
OFF-ST-10002506,Office Supplies,Storage,12,72,3837.393
OFF-ST-10002510,Office Supplies,Storage,8,29,3440.0
OFF-ST-10002515,Office Supplies,Storage,1,2,236.0
OFF-ST-10002522,Office Supplies,Storage,7,24,316.0
OFF-ST-10002530,Office Supplies,Storage,1,6,1.27
OFF-ST-10002538,Office Supplies,Storage,12,34,2994.0
OFF-ST-10002539,Office Supplies,Storage,12,55,2752.0
OFF-ST-10002546,Office Supplies,Storage,6,22,189.0
OFF-ST-10002554,Office Supplies,Storage,9,29,1283.0
OFF-ST-10002555,Office Supplies,Storage,16,53,7581.389
OFF-ST-10002561,Office Supplies,Storage,8,37,3226.0
OFF-ST-10002562,Office Supplies,Storage,7,28,221.0
OFF-ST-10002566,Office Supplies,Storage,12,53,4618.125
OFF-ST-10002574,Office Supplies,Storage,14,46,4501.0
OFF-ST-10002583,Office Supplies,Storage,7,16,481.0
OFF-ST-10002598,Office Supplies,Storage,9,36,1066.0
OFF-ST-10002605,Office Supplies,Storage,5,15,99.0
OFF-ST-10002608,Office Supplies,Storage,11,32,252.0
OFF-ST-10002615,Office Supplies,Storage,9,43,1926.651
OFF-ST-10002618,Office Supplies,Storage,2,3,42.0
OFF-ST-10002619,Office Supplies,Storage,1,6,762.0
OFF-ST-10002622,Office Supplies,Storage,7,29,2745.0
OFF-ST-10002632,Office Supplies,Storage,9,30,937.0
OFF-ST-10002642,Office Supplies,Storage,1,2,396.0
OFF-ST-10002650,Office Supplies,Storage,8,27,4206.0
OFF-ST-10002659,Office Supplies,Storage,13,41,1642.0
OFF-ST-10002670,Office Supplies,Storage,5,17,204.0
OFF-ST-10002685,Office Supplies,Storage,6,20,2322.0
OFF-ST-10002706,Office Supplies,Storage,13,36,4049.0
OFF-ST-10002714,Office Supplies,Storage,18,69,1236.0
OFF-ST-10002720,Office Supplies,Storage,11,39,2071.0
OFF-ST-10002743,Office Supplies,Storage,10,46,4705.0
OFF-ST-10002756,Office Supplies,Storage,7,33,3303.082
OFF-ST-10002759,Office Supplies,Storage,9,34,1340.0
OFF-ST-10002763,Office Supplies,Storage,1,2,413.0
OFF-ST-10002774,Office Supplies,Storage,1,3,350.0
OFF-ST-10002781,Office Supplies,Storage,10,31,2527.0
OFF-ST-10002790,Office Supplies,Storage,5,13,827.0
OFF-ST-10002791,Office Supplies,Storage,6,16,798.0
OFF-ST-10002800,Office Supplies,Storage,8,34,726.0
OFF-ST-10002822,Office Supplies,Storage,2,11,977.0
OFF-ST-10002834,Office Supplies,Storage,6,17,1753.0
OFF-ST-10002873,Office Supplies,Storage,2,15,269.0
OFF-ST-10002900,Office Supplies,Storage,14,54,5748.554
OFF-ST-10002902,Office Supplies,Storage,13,50,4397.0
OFF-ST-10002905,Office Supplies,Storage,9,24,427.0
OFF-ST-10002930,Office Supplies,Storage,3,14,1428.0
OFF-ST-10002957,Office Supplies,Storage,5,16,79.0
OFF-ST-10002967,Office Supplies,Storage,3,11,240.0
OFF-ST-10002974,Office Supplies,Storage,7,30,1195.0
OFF-ST-10003012,Office Supplies,Storage,3,12,208.0
OFF-ST-10003017,Office Supplies,Storage,10,36,556.0
OFF-ST-10003018,Office Supplies,Storage,9,36,2903.156
OFF-ST-10003020,Office Supplies,Storage,6,14,2210.0
OFF-ST-10003056,Office Supplies,Storage,11,39,544.0
OFF-ST-10003058,Office Supplies,Storage,6,30,710.0
OFF-ST-10003088,Office Supplies,Storage,7,22,368.0
OFF-ST-10003089,Office Supplies,Storage,4,12,1173.0
OFF-ST-10003102,Office Supplies,Storage,7,21,3661.0
OFF-ST-10003111,Office Supplies,Storage,9,29,1200.0
OFF-ST-10003121,Office Supplies,Storage,6,19,391.0
OFF-ST-10003123,Office Supplies,Storage,10,26,859.0
OFF-ST-10003132,Office Supplies,Storage,8,31,520.0
OFF-ST-10003141,Office Supplies,Storage,9,38,1948.0
OFF-ST-10003147,Office Supplies,Storage,6,29,402.0
OFF-ST-10003150,Office Supplies,Storage,3,19,211.988
OFF-ST-10003153,Office Supplies,Storage,12,48,3958.333
OFF-ST-10003154,Office Supplies,Storage,6,26,1151.0
OFF-ST-10003159,Office Supplies,Storage,8,37,1566.0
OFF-ST-10003164,Office Supplies,Storage,11,41,426.0
OFF-ST-10003172,Office Supplies,Storage,8,24,149.0
OFF-ST-10003184,Office Supplies,Storage,7,26,784.0
OFF-ST-10003203,Office Supplies,Storage,8,30,4611.0
OFF-ST-10003204,Office Supplies,Storage,10,41,1996.0
OFF-ST-10003206,Office Supplies,Storage,5,27,1199.0
OFF-ST-10003208,Office Supplies,Storage,12,45,5011.722
OFF-ST-10003221,Office Supplies,Storage,3,5,53.0
OFF-ST-10003231,Office Supplies,Storage,3,7,94.0
OFF-ST-10003243,Office Supplies,Storage,4,13,313.0
OFF-ST-10003256,Office Supplies,Storage,4,16,607.0
OFF-ST-10003266,Office Supplies,Storage,10,35,4096.842
OFF-ST-10003274,Office Supplies,Storage,4,14,112.0
OFF-ST-10003282,Office Supplies,Storage,5,20,1105.0
OFF-ST-10003286,Office Supplies,Storage,4,13,2454.0
OFF-ST-10003293,Office Supplies,Storage,1,2,154.0
OFF-ST-10003295,Office Supplies,Storage,7,27,1804.715
OFF-ST-10003305,Office Supplies,Storage,16,58,1214.0
OFF-ST-10003306,Office Supplies,Storage,18,70,6609.0
OFF-ST-10003319,Office Supplies,Storage,3,6,112.0
OFF-ST-10003322,Office Supplies,Storage,7,23,934.0
OFF-ST-10003324,Office Supplies,Storage,2,7,248.0
OFF-ST-10003327,Office Supplies,Storage,4,13,114.0
OFF-ST-10003331,Office Supplies,Storage,2,4,82.0
OFF-ST-10003334,Office Supplies,Storage,7,34,1445.0
OFF-ST-10003335,Office Supplies,Storage,11,37,342.0
OFF-ST-10003344,Office Supplies,Storage,5,23,429.0
OFF-ST-10003393,Office Supplies,Storage,1,4,24.0
OFF-ST-10003409,Office Supplies,Storage,3,9,700.0
OFF-ST-10003411,Office Supplies,Storage,7,29,1144.0
OFF-ST-10003414,Office Supplies,Storage,15,45,1665.0
OFF-ST-10003426,Office Supplies,Storage,6,17,152.0
OFF-ST-10003442,Office Supplies,Storage,9,34,899.0
OFF-ST-10003445,Office Supplies,Storage,12,42,1093.0
OFF-ST-10003446,Office Supplies,Storage,12,29,1069.0
OFF-ST-10003455,Office Supplies,Storage,15,54,3328.24
OFF-ST-10003459,Office Supplies,Storage,5,26,1195.0230000000001
OFF-ST-10003470,Office Supplies,Storage,8,30,748.149
OFF-ST-10003479,Office Supplies,Storage,7,25,873.0
OFF-ST-10003489,Office Supplies,Storage,2,5,64.0
OFF-ST-10003528,Office Supplies,Storage,4,14,309.0
OFF-ST-10003547,Office Supplies,Storage,10,50,2098.0
OFF-ST-10003572,Office Supplies,Storage,2,7,99.0
OFF-ST-10003578,Office Supplies,Storage,2,6,65.0
OFF-ST-10003606,Office Supplies,Storage,11,22,196.0
OFF-ST-10003638,Office Supplies,Storage,5,21,450.0
OFF-ST-10003641,Office Supplies,Storage,19,73,3704.0
OFF-ST-10003648,Office Supplies,Storage,6,19,178.0
OFF-ST-10003656,Office Supplies,Storage,5,16,1363.0
OFF-ST-10003692,Office Supplies,Storage,6,21,1052.0
OFF-ST-10003716,Office Supplies,Storage,12,47,5629.005
OFF-ST-10003718,Office Supplies,Storage,9,21,694.0
OFF-ST-10003722,Office Supplies,Storage,4,15,193.0
OFF-ST-10003729,Office Supplies,Storage,6,17,169.0
OFF-ST-10003741,Office Supplies,Storage,7,35,1484.778
OFF-ST-10003750,Office Supplies,Storage,5,19,516.0
OFF-ST-10003760,Office Supplies,Storage,7,19,569.0
OFF-ST-10003764,Office Supplies,Storage,13,58,846.0
OFF-ST-10003785,Office Supplies,Storage,16,62,6868.672
OFF-ST-10003800,Office Supplies,Storage,7,25,413.0
OFF-ST-10003805,Office Supplies,Storage,4,19,928.611
OFF-ST-10003807,Office Supplies,Storage,1,7,112.0
OFF-ST-10003808,Office Supplies,Storage,1,2,11.0
OFF-ST-10003810,Office Supplies,Storage,8,34,535.0
OFF-ST-10003811,Office Supplies,Storage,1,2,106.0
OFF-ST-10003816,Office Supplies,Storage,8,26,3947.0
OFF-ST-10003835,Office Supplies,Storage,8,22,584.0
OFF-ST-10003837,Office Supplies,Storage,9,36,4749.429
OFF-ST-10003858,Office Supplies,Storage,6,15,1337.0
OFF-ST-10003907,Office Supplies,Storage,5,25,1332.0
OFF-ST-10003929,Office Supplies,Storage,6,23,2967.0
OFF-ST-10003931,Office Supplies,Storage,15,49,2957.389
OFF-ST-10003952,Office Supplies,Storage,5,20,683.0
OFF-ST-10003953,Office Supplies,Storage,9,40,3917.027
OFF-ST-10003956,Office Supplies,Storage,7,36,1871.0
OFF-ST-10003964,Office Supplies,Storage,5,26,1835.157
OFF-ST-10003990,Office Supplies,Storage,9,37,540.0
OFF-ST-10003994,Office Supplies,Storage,4,16,850.0
OFF-ST-10003995,Office Supplies,Storage,11,36,3671.0
OFF-ST-10003996,Office Supplies,Storage,4,14,218.0
OFF-ST-10003997,Office Supplies,Storage,5,14,1176.0
OFF-ST-10004015,Office Supplies,Storage,6,16,558.0
OFF-ST-10004017,Office Supplies,Storage,9,38,1268.0
OFF-ST-10004019,Office Supplies,Storage,5,17,487.0
OFF-ST-10004020,Office Supplies,Storage,6,28,2555.859
OFF-ST-10004035,Office Supplies,Storage,14,51,1042.0
OFF-ST-10004046,Office Supplies,Storage,9,30,543.0
OFF-ST-10004050,Office Supplies,Storage,1,6,158.0
OFF-ST-10004060,Office Supplies,Storage,12,36,3369.11
OFF-ST-10004097,Office Supplies,Storage,12,40,478.0
OFF-ST-10004116,Office Supplies,Storage,5,19,694.0
OFF-ST-10004123,Office Supplies,Storage,8,30,2511.0
OFF-ST-10004141,Office Supplies,Storage,1,2,60.0
OFF-ST-10004159,Office Supplies,Storage,1,4,475.0
OFF-ST-10004160,Office Supplies,Storage,1,4,57.0
OFF-ST-10004180,Office Supplies,Storage,6,13,725.0
OFF-ST-10004183,Office Supplies,Storage,6,23,1464.0
OFF-ST-10004185,Office Supplies,Storage,3,14,460.0
OFF-ST-10004186,Office Supplies,Storage,5,23,2553.0
OFF-ST-10004190,Office Supplies,Storage,6,24,173.0
OFF-ST-10004191,Office Supplies,Storage,12,32,5082.0
OFF-ST-10004226,Office Supplies,Storage,4,23,2952.0
OFF-ST-10004228,Office Supplies,Storage,12,45,2132.0
OFF-ST-10004236,Office Supplies,Storage,1,6,102.0
OFF-ST-10004258,Office Supplies,Storage,6,19,226.0
OFF-ST-10004267,Office Supplies,Storage,11,47,3558.271
OFF-ST-10004280,Office Supplies,Storage,3,8,353.0
OFF-ST-10004293,Office Supplies,Storage,4,13,542.0
OFF-ST-10004296,Office Supplies,Storage,15,61,845.0
OFF-ST-10004315,Office Supplies,Storage,10,31,4440.054
OFF-ST-10004317,Office Supplies,Storage,12,46,648.0
OFF-ST-10004325,Office Supplies,Storage,9,26,249.0
OFF-ST-10004326,Office Supplies,Storage,1,5,32.0
OFF-ST-10004330,Office Supplies,Storage,5,23,231.0
OFF-ST-10004331,Office Supplies,Storage,1,2,34.0
OFF-ST-10004337,Office Supplies,Storage,5,24,1445.0
OFF-ST-10004340,Office Supplies,Storage,10,40,2300.0
OFF-ST-10004341,Office Supplies,Storage,1,4,537.0
OFF-ST-10004342,Office Supplies,Storage,10,39,236.0
OFF-ST-10004346,Office Supplies,Storage,10,32,1616.0
OFF-ST-10004350,Office Supplies,Storage,2,11,684.0
OFF-ST-10004365,Office Supplies,Storage,10,34,1780.0
OFF-ST-10004367,Office Supplies,Storage,10,40,2217.0
OFF-ST-10004368,Office Supplies,Storage,9,36,1253.0
OFF-ST-10004374,Office Supplies,Storage,1,4,516.0
OFF-ST-10004377,Office Supplies,Storage,19,89,8130.28
OFF-ST-10004381,Office Supplies,Storage,10,63,5043.3150000000005
OFF-ST-10004382,Office Supplies,Storage,8,31,457.0
OFF-ST-10004409,Office Supplies,Storage,10,31,583.0
OFF-ST-10004412,Office Supplies,Storage,13,44,1146.0
OFF-ST-10004428,Office Supplies,Storage,1,5,273.0
OFF-ST-10004431,Office Supplies,Storage,1,4,230.0
OFF-ST-10004432,Office Supplies,Storage,5,24,422.0
OFF-ST-10004459,Office Supplies,Storage,8,28,1508.658
OFF-ST-10004464,Office Supplies,Storage,4,10,470.0
OFF-ST-10004473,Office Supplies,Storage,9,42,1999.0
OFF-ST-10004479,Office Supplies,Storage,1,2,59.0
OFF-ST-10004482,Office Supplies,Storage,12,46,2186.0
OFF-ST-10004489,Office Supplies,Storage,13,46,4646.679
OFF-ST-10004496,Office Supplies,Storage,4,23,372.0
OFF-ST-10004507,Office Supplies,Storage,10,27,427.0
OFF-ST-10004532,Office Supplies,Storage,9,34,2736.0
OFF-ST-10004549,Office Supplies,Storage,6,32,2142.0
OFF-ST-10004550,Office Supplies,Storage,9,29,632.0
OFF-ST-10004576,Office Supplies,Storage,6,14,1211.0
OFF-ST-10004577,Office Supplies,Storage,12,53,2488.0
OFF-ST-10004583,Office Supplies,Storage,8,36,1224.0
OFF-ST-10004597,Office Supplies,Storage,15,76,5897.393
OFF-ST-10004608,Office Supplies,Storage,6,29,1227.0
OFF-ST-10004631,Office Supplies,Storage,3,8,331.0
OFF-ST-10004634,Office Supplies,Storage,6,14,146.0
OFF-ST-10004638,Office Supplies,Storage,2,4,338.0
OFF-ST-10004646,Office Supplies,Storage,4,23,666.35
OFF-ST-10004660,Office Supplies,Storage,6,27,298.0
OFF-ST-10004668,Office Supplies,Storage,6,19,801.0
OFF-ST-10004687,Office Supplies,Storage,1,8,1.587
OFF-ST-10004695,Office Supplies,Storage,14,45,5122.0
OFF-ST-10004702,Office Supplies,Storage,9,32,295.0
OFF-ST-10004703,Office Supplies,Storage,7,25,511.0
OFF-ST-10004739,Office Supplies,Storage,8,30,846.0
OFF-ST-10004748,Office Supplies,Storage,2,8,398.191
OFF-ST-10004754,Office Supplies,Storage,10,33,3844.0
OFF-ST-10004768,Office Supplies,Storage,5,27,995.72
OFF-ST-10004793,Office Supplies,Storage,1,2,72.0
OFF-ST-10004794,Office Supplies,Storage,1,4,249.0
OFF-ST-10004800,Office Supplies,Storage,9,44,477.0
OFF-ST-10004802,Office Supplies,Storage,4,12,1516.0
OFF-ST-10004804,Office Supplies,Storage,10,31,1399.0
OFF-ST-10004830,Office Supplies,Storage,6,26,1460.562
OFF-ST-10004835,Office Supplies,Storage,12,34,2001.0
OFF-ST-10004837,Office Supplies,Storage,10,48,5913.0
OFF-ST-10004841,Office Supplies,Storage,6,28,279.0
OFF-ST-10004847,Office Supplies,Storage,4,15,1816.0
OFF-ST-10004855,Office Supplies,Storage,10,33,4497.0740000000005
OFF-ST-10004857,Office Supplies,Storage,6,29,380.0
OFF-ST-10004871,Office Supplies,Storage,6,16,820.0
OFF-ST-10004897,Office Supplies,Storage,4,15,236.0
OFF-ST-10004930,Office Supplies,Storage,10,32,1082.0
OFF-ST-10004946,Office Supplies,Storage,2,5,259.0
OFF-ST-10004947,Office Supplies,Storage,5,20,1398.0
OFF-ST-10004950,Office Supplies,Storage,11,43,655.0
OFF-ST-10004963,Office Supplies,Storage,6,24,347.0
OFF-ST-10004972,Office Supplies,Storage,1,2,58.0
OFF-ST-10004976,Office Supplies,Storage,7,32,4457.0
OFF-ST-10004983,Office Supplies,Storage,1,4,192.0
OFF-ST-10004996,Office Supplies,Storage,14,49,2158.0
OFF-STA-10000054,Office Supplies,Art,12,29,296.0
OFF-STA-10000155,Office Supplies,Art,10,25,700.0
OFF-STA-10000244,Office Supplies,Art,14,33,1456.0
OFF-STA-10000247,Office Supplies,Art,13,24,1013.0
OFF-STA-10000298,Office Supplies,Art,15,45,1897.0
OFF-STA-10001112,Office Supplies,Art,13,44,989.0
OFF-STA-10001636,Office Supplies,Art,17,36,692.0
OFF-STA-10001747,Office Supplies,Art,21,49,1192.0
OFF-STA-10001791,Office Supplies,Art,22,48,787.0
OFF-STA-10001895,Office Supplies,Art,16,46,395.0
OFF-STA-10001968,Office Supplies,Art,4,14,738.0
OFF-STA-10002654,Office Supplies,Art,16,43,834.0
OFF-STA-10002719,Office Supplies,Art,12,24,440.0
OFF-STA-10002791,Office Supplies,Art,8,12,539.0
OFF-STA-10003027,Office Supplies,Art,7,21,261.0
OFF-STA-10003756,Office Supplies,Art,13,26,1065.0
OFF-STA-10003803,Office Supplies,Art,10,29,426.0
OFF-STA-10003908,Office Supplies,Art,14,27,261.0
OFF-STA-10003956,Office Supplies,Art,12,23,217.0
OFF-STA-10004108,Office Supplies,Art,18,32,1378.0
OFF-STA-10004163,Office Supplies,Art,17,47,924.0
OFF-STA-10004327,Office Supplies,Art,10,27,473.0
OFF-STA-10004484,Office Supplies,Art,14,38,402.0
OFF-STA-10004885,Office Supplies,Art,19,27,954.0
OFF-STI-10000114,Office Supplies,Supplies,4,14,195.0
OFF-STI-10000144,Office Supplies,Supplies,8,21,691.0
OFF-STI-10000286,Office Supplies,Supplies,4,9,129.0
OFF-STI-10000305,Office Supplies,Supplies,6,15,519.0
OFF-STI-10000388,Office Supplies,Supplies,6,23,382.0
OFF-STI-10000697,Office Supplies,Supplies,3,3,45.0
OFF-STI-10000856,Office Supplies,Supplies,3,8,398.0
OFF-STI-10000937,Office Supplies,Supplies,1,1,24.0
OFF-STI-10001136,Office Supplies,Supplies,3,5,114.0
OFF-STI-10001162,Office Supplies,Supplies,5,8,183.0
OFF-STI-10001171,Office Supplies,Supplies,2,4,114.0
OFF-STI-10001651,Office Supplies,Supplies,5,12,569.0
OFF-STI-10001743,Office Supplies,Supplies,5,8,169.0
OFF-STI-10001955,Office Supplies,Supplies,6,18,678.0
OFF-STI-10001957,Office Supplies,Supplies,2,8,92.0
OFF-STI-10002040,Office Supplies,Supplies,6,34,492.0
OFF-STI-10002245,Office Supplies,Supplies,1,1,45.0
OFF-STI-10002262,Office Supplies,Supplies,2,7,252.0
OFF-STI-10002519,Office Supplies,Supplies,3,4,146.0
OFF-STI-10002716,Office Supplies,Supplies,4,12,393.0
OFF-STI-10003148,Office Supplies,Supplies,3,9,260.0
OFF-STI-10003234,Office Supplies,Supplies,6,16,522.0
OFF-STI-10003510,Office Supplies,Supplies,1,1,44.0
OFF-STI-10004202,Office Supplies,Supplies,6,14,308.0
OFF-STO-10000007,Office Supplies,Fasteners,3,5,39.0
OFF-STO-10000041,Office Supplies,Fasteners,1,8,33.0
OFF-STO-10000128,Office Supplies,Fasteners,2,5,37.0
OFF-STO-10000347,Office Supplies,Fasteners,8,26,361.0
OFF-STO-10000631,Office Supplies,Fasteners,3,4,45.0
OFF-STO-10000683,Office Supplies,Fasteners,3,8,59.0
OFF-STO-10000753,Office Supplies,Fasteners,7,11,94.0
OFF-STO-10000876,Office Supplies,Fasteners,1,1,13.0
OFF-STO-10000923,Office Supplies,Fasteners,7,22,238.0
OFF-STO-10000924,Office Supplies,Fasteners,5,10,167.0
OFF-STO-10001142,Office Supplies,Fasteners,6,11,138.0
OFF-STO-10001150,Office Supplies,Fasteners,3,5,78.0
OFF-STO-10001173,Office Supplies,Fasteners,5,15,132.0
OFF-STO-10001239,Office Supplies,Fasteners,6,8,139.0
OFF-STO-10001310,Office Supplies,Fasteners,6,11,106.0
OFF-STO-10001671,Office Supplies,Fasteners,9,29,222.0
OFF-STO-10001693,Office Supplies,Fasteners,1,4,56.0
OFF-STO-10001791,Office Supplies,Fasteners,3,11,211.0
OFF-STO-10001839,Office Supplies,Fasteners,3,3,51.0
OFF-STO-10001916,Office Supplies,Fasteners,2,15,100.0
OFF-STO-10002026,Office Supplies,Fasteners,4,18,339.0
OFF-STO-10002042,Office Supplies,Fasteners,5,6,43.0
OFF-STO-10002449,Office Supplies,Fasteners,3,6,96.0
OFF-STO-10002661,Office Supplies,Fasteners,6,19,92.0
OFF-STO-10002708,Office Supplies,Fasteners,4,12,157.0
OFF-STO-10002803,Office Supplies,Fasteners,1,1,18.0
OFF-STO-10002857,Office Supplies,Fasteners,4,6,47.0
OFF-STO-10003021,Office Supplies,Fasteners,6,10,96.0
OFF-STO-10003082,Office Supplies,Fasteners,5,19,148.0
OFF-STO-10003098,Office Supplies,Fasteners,6,15,87.0
OFF-STO-10003329,Office Supplies,Fasteners,4,14,182.0
OFF-STO-10003342,Office Supplies,Fasteners,5,13,169.0
OFF-STO-10003395,Office Supplies,Fasteners,3,3,48.0
OFF-STO-10003604,Office Supplies,Fasteners,3,6,66.0
OFF-STO-10003605,Office Supplies,Fasteners,6,11,143.0
OFF-STO-10003728,Office Supplies,Fasteners,3,4,55.0
OFF-STO-10003802,Office Supplies,Fasteners,6,11,136.0
OFF-STO-10003878,Office Supplies,Fasteners,4,8,87.0
OFF-STO-10004302,Office Supplies,Fasteners,4,6,64.0
OFF-STO-10004363,Office Supplies,Fasteners,3,6,81.0
OFF-STO-10004495,Office Supplies,Fasteners,5,11,75.0
OFF-STO-10004496,Office Supplies,Fasteners,2,2,18.0
OFF-STO-10004503,Office Supplies,Fasteners,6,19,243.0
OFF-STO-10004779,Office Supplies,Fasteners,8,37,529.0
OFF-STO-10004841,Office Supplies,Fasteners,6,12,109.0
OFF-STO-10004910,Office Supplies,Fasteners,8,14,252.0
OFF-STO-10004940,Office Supplies,Fasteners,3,3,36.0
OFF-STO-10004971,Office Supplies,Fasteners,2,5,23.0
OFF-SU-10000047,Office Supplies,Supplies,1,4,36.0
OFF-SU-10000062,Office Supplies,Supplies,7,33,717.0
OFF-SU-10000066,Office Supplies,Supplies,6,26,497.0
OFF-SU-10000076,Office Supplies,Supplies,4,31,1433.0
OFF-SU-10000079,Office Supplies,Supplies,1,4,156.0
OFF-SU-10000085,Office Supplies,Supplies,6,30,587.0
OFF-SU-10000087,Office Supplies,Supplies,4,23,343.0
OFF-SU-10000102,Office Supplies,Supplies,3,16,602.0
OFF-SU-10000105,Office Supplies,Supplies,3,15,738.0
OFF-SU-10000113,Office Supplies,Supplies,2,7,96.0
OFF-SU-10000130,Office Supplies,Supplies,4,18,157.0
OFF-SU-10000148,Office Supplies,Supplies,2,12,92.0
OFF-SU-10000150,Office Supplies,Supplies,3,8,115.0
OFF-SU-10000151,Office Supplies,Supplies,3,11,17.031
OFF-SU-10000153,Office Supplies,Supplies,2,13,433.0
OFF-SU-10000157,Office Supplies,Supplies,8,26,2983.0
OFF-SU-10000164,Office Supplies,Supplies,9,37,697.0
OFF-SU-10000171,Office Supplies,Supplies,6,22,902.0
OFF-SU-10000175,Office Supplies,Supplies,3,12,191.0
OFF-SU-10000178,Office Supplies,Supplies,8,21,315.0
OFF-SU-10000180,Office Supplies,Supplies,2,6,205.0
OFF-SU-10000192,Office Supplies,Supplies,4,14,355.0
OFF-SU-10000198,Office Supplies,Supplies,2,11,123.0
OFF-SU-10000207,Office Supplies,Supplies,7,32,736.0
OFF-SU-10000213,Office Supplies,Supplies,4,13,316.0
OFF-SU-10000216,Office Supplies,Supplies,5,15,130.0
OFF-SU-10000255,Office Supplies,Supplies,3,14,367.0
OFF-SU-10000256,Office Supplies,Supplies,1,2,50.0
OFF-SU-10000272,Office Supplies,Supplies,1,4,72.0
OFF-SU-10000283,Office Supplies,Supplies,3,17,341.0
OFF-SU-10000289,Office Supplies,Supplies,1,6,91.0
OFF-SU-10000294,Office Supplies,Supplies,9,37,889.0
OFF-SU-10000304,Office Supplies,Supplies,3,16,164.0
OFF-SU-10000320,Office Supplies,Supplies,4,10,254.0
OFF-SU-10000343,Office Supplies,Supplies,3,25,986.0
OFF-SU-10000375,Office Supplies,Supplies,4,19,543.0
OFF-SU-10000378,Office Supplies,Supplies,6,24,324.0
OFF-SU-10000381,Office Supplies,Supplies,8,32,279.0
OFF-SU-10000388,Office Supplies,Supplies,5,25,185.0
OFF-SU-10000411,Office Supplies,Supplies,4,16,406.0
OFF-SU-10000427,Office Supplies,Supplies,2,8,267.0
OFF-SU-10000429,Office Supplies,Supplies,3,6,92.0
OFF-SU-10000432,Office Supplies,Supplies,4,15,43.0
OFF-SU-10000452,Office Supplies,Supplies,1,10,148.0
OFF-SU-10000480,Office Supplies,Supplies,2,7,105.0
OFF-SU-10000484,Office Supplies,Supplies,5,24,246.0
OFF-SU-10000496,Office Supplies,Supplies,5,32,545.0
OFF-SU-10000514,Office Supplies,Supplies,2,5,210.0
OFF-SU-10000556,Office Supplies,Supplies,7,37,1120.0
OFF-SU-10000573,Office Supplies,Supplies,6,30,291.0
OFF-SU-10000596,Office Supplies,Supplies,1,6,152.0
OFF-SU-10000618,Office Supplies,Supplies,6,20,824.0
OFF-SU-10000646,Office Supplies,Supplies,5,14,2836.0
OFF-SU-10000649,Office Supplies,Supplies,9,37,1072.0
OFF-SU-10000650,Office Supplies,Supplies,2,8,395.0
OFF-SU-10000695,Office Supplies,Supplies,3,9,286.0
OFF-SU-10000697,Office Supplies,Supplies,1,2,12.0
OFF-SU-10000705,Office Supplies,Supplies,4,9,198.0
OFF-SU-10000706,Office Supplies,Supplies,1,5,18.0
OFF-SU-10000707,Office Supplies,Supplies,7,19,703.0
OFF-SU-10000723,Office Supplies,Supplies,8,36,1309.0
OFF-SU-10000738,Office Supplies,Supplies,4,9,236.0
OFF-SU-10000776,Office Supplies,Supplies,3,14,336.0
OFF-SU-10000782,Office Supplies,Supplies,5,17,600.0
OFF-SU-10000789,Office Supplies,Supplies,5,12,269.0
OFF-SU-10000810,Office Supplies,Supplies,2,6,107.0
OFF-SU-10000817,Office Supplies,Supplies,1,9,83.0
OFF-SU-10000822,Office Supplies,Supplies,1,2,49.0
OFF-SU-10000835,Office Supplies,Supplies,3,17,576.0
OFF-SU-10000866,Office Supplies,Supplies,8,32,1097.0
OFF-SU-10000877,Office Supplies,Supplies,6,26,621.0
OFF-SU-10000885,Office Supplies,Supplies,3,7,186.0
OFF-SU-10000898,Office Supplies,Supplies,7,36,460.0
OFF-SU-10000906,Office Supplies,Supplies,7,37,1763.0
OFF-SU-10000914,Office Supplies,Supplies,7,30,453.0
OFF-SU-10000925,Office Supplies,Supplies,3,12,294.0
OFF-SU-10000926,Office Supplies,Supplies,6,13,382.0
OFF-SU-10000932,Office Supplies,Supplies,9,24,695.0
OFF-SU-10000946,Office Supplies,Supplies,4,21,154.0
OFF-SU-10000952,Office Supplies,Supplies,3,11,98.0
OFF-SU-10000954,Office Supplies,Supplies,4,16,350.0
OFF-SU-10000969,Office Supplies,Supplies,2,6,194.0
OFF-SU-10000970,Office Supplies,Supplies,8,34,1030.0
OFF-SU-10000979,Office Supplies,Supplies,4,14,297.0
OFF-SU-10000997,Office Supplies,Supplies,4,21,863.0
OFF-SU-10001021,Office Supplies,Supplies,7,36,1015.0
OFF-SU-10001066,Office Supplies,Supplies,8,24,546.0
OFF-SU-10001074,Office Supplies,Supplies,4,12,336.0
OFF-SU-10001080,Office Supplies,Supplies,2,14,282.0
OFF-SU-10001086,Office Supplies,Supplies,6,25,545.0
OFF-SU-10001087,Office Supplies,Supplies,2,6,180.0
OFF-SU-10001124,Office Supplies,Supplies,1,8,357.0
OFF-SU-10001125,Office Supplies,Supplies,4,17,388.0
OFF-SU-10001132,Office Supplies,Supplies,8,23,566.0
OFF-SU-10001133,Office Supplies,Supplies,7,21,432.0
OFF-SU-10001137,Office Supplies,Supplies,4,13,289.0
OFF-SU-10001165,Office Supplies,Supplies,5,12,95.0
OFF-SU-10001173,Office Supplies,Supplies,3,14,414.0
OFF-SU-10001185,Office Supplies,Supplies,1,7,55.0
OFF-SU-10001212,Office Supplies,Supplies,2,5,9.0
OFF-SU-10001218,Office Supplies,Supplies,7,28,308.0
OFF-SU-10001225,Office Supplies,Supplies,8,24,80.0
OFF-SU-10001233,Office Supplies,Supplies,3,15,395.0
OFF-SU-10001308,Office Supplies,Supplies,9,50,1403.0
OFF-SU-10001337,Office Supplies,Supplies,1,2,74.0
OFF-SU-10001343,Office Supplies,Supplies,2,4,68.0
OFF-SU-10001346,Office Supplies,Supplies,8,38,1453.0
OFF-SU-10001351,Office Supplies,Supplies,6,22,513.0
OFF-SU-10001368,Office Supplies,Supplies,4,22,148.0
OFF-SU-10001382,Office Supplies,Supplies,12,51,1301.0
OFF-SU-10001397,Office Supplies,Supplies,1,1,37.0
OFF-SU-10001406,Office Supplies,Supplies,1,1,36.0
OFF-SU-10001407,Office Supplies,Supplies,7,36,1502.0
OFF-SU-10001409,Office Supplies,Supplies,2,12,244.0
OFF-SU-10001412,Office Supplies,Supplies,1,2,12.0
OFF-SU-10001421,Office Supplies,Supplies,7,23,749.0
OFF-SU-10001442,Office Supplies,Supplies,5,14,290.0
OFF-SU-10001455,Office Supplies,Supplies,1,4,158.0
OFF-SU-10001476,Office Supplies,Supplies,4,13,196.0
OFF-SU-10001488,Office Supplies,Supplies,3,15,235.0
OFF-SU-10001500,Office Supplies,Supplies,3,6,122.0
OFF-SU-10001506,Office Supplies,Supplies,3,8,99.0
OFF-SU-10001512,Office Supplies,Supplies,2,4,159.0
OFF-SU-10001515,Office Supplies,Supplies,7,21,413.0
OFF-SU-10001535,Office Supplies,Supplies,10,43,1601.0
OFF-SU-10001552,Office Supplies,Supplies,4,16,448.0
OFF-SU-10001554,Office Supplies,Supplies,1,2,22.0
OFF-SU-10001573,Office Supplies,Supplies,9,27,847.0
OFF-SU-10001574,Office Supplies,Supplies,10,22,76.0
OFF-SU-10001578,Office Supplies,Supplies,7,24,1153.0
OFF-SU-10001586,Office Supplies,Supplies,3,8,327.0
OFF-SU-10001592,Office Supplies,Supplies,4,23,622.0
OFF-SU-10001595,Office Supplies,Supplies,1,7,81.0
OFF-SU-10001618,Office Supplies,Supplies,7,29,797.0
OFF-SU-10001624,Office Supplies,Supplies,5,17,153.0
OFF-SU-10001633,Office Supplies,Supplies,5,20,568.0
OFF-SU-10001657,Office Supplies,Supplies,6,16,586.0
OFF-SU-10001664,Office Supplies,Supplies,7,21,161.0
OFF-SU-10001682,Office Supplies,Supplies,3,15,265.0
OFF-SU-10001683,Office Supplies,Supplies,3,13,113.0
OFF-SU-10001686,Office Supplies,Supplies,8,30,1097.0
OFF-SU-10001689,Office Supplies,Supplies,7,33,1068.0
OFF-SU-10001690,Office Supplies,Supplies,4,17,442.0
OFF-SU-10001697,Office Supplies,Supplies,5,19,437.0
OFF-SU-10001698,Office Supplies,Supplies,3,17,562.0
OFF-SU-10001703,Office Supplies,Supplies,4,13,463.0
OFF-SU-10001709,Office Supplies,Supplies,6,14,260.0
OFF-SU-10001722,Office Supplies,Supplies,9,24,570.0
OFF-SU-10001731,Office Supplies,Supplies,19,68,1418.0
OFF-SU-10001750,Office Supplies,Supplies,3,6,172.0
OFF-SU-10001762,Office Supplies,Supplies,9,26,1193.0
OFF-SU-10001770,Office Supplies,Supplies,6,26,546.0
OFF-SU-10001791,Office Supplies,Supplies,2,13,411.0
OFF-SU-10001794,Office Supplies,Supplies,6,30,214.0
OFF-SU-10001808,Office Supplies,Supplies,4,15,691.0
OFF-SU-10001813,Office Supplies,Supplies,7,34,514.0
OFF-SU-10001831,Office Supplies,Supplies,7,22,315.0
OFF-SU-10001840,Office Supplies,Supplies,1,2,43.0
OFF-SU-10001848,Office Supplies,Supplies,3,11,160.0
OFF-SU-10001851,Office Supplies,Supplies,3,8,62.0
OFF-SU-10001868,Office Supplies,Supplies,3,14,256.0
OFF-SU-10001869,Office Supplies,Supplies,9,26,470.0
OFF-SU-10001877,Office Supplies,Supplies,3,8,89.0
OFF-SU-10001879,Office Supplies,Supplies,4,12,468.0
OFF-SU-10001886,Office Supplies,Supplies,3,11,259.0
OFF-SU-10001889,Office Supplies,Supplies,2,10,286.0
OFF-SU-10001891,Office Supplies,Supplies,5,13,160.0
OFF-SU-10001892,Office Supplies,Supplies,5,14,303.0
OFF-SU-10001894,Office Supplies,Supplies,6,23,307.0
OFF-SU-10001909,Office Supplies,Supplies,2,16,329.0
OFF-SU-10001923,Office Supplies,Supplies,7,26,473.0
OFF-SU-10001935,Office Supplies,Supplies,6,16,29.0
OFF-SU-10001968,Office Supplies,Supplies,5,19,307.0
OFF-SU-10001980,Office Supplies,Supplies,1,3,91.0
OFF-SU-10001983,Office Supplies,Supplies,3,19,671.0
OFF-SU-10001992,Office Supplies,Supplies,4,12,139.0
OFF-SU-10002002,Office Supplies,Supplies,2,12,270.0
OFF-SU-10002027,Office Supplies,Supplies,4,16,407.0
OFF-SU-10002032,Office Supplies,Supplies,10,25,320.0
OFF-SU-10002094,Office Supplies,Supplies,7,34,991.0
OFF-SU-10002131,Office Supplies,Supplies,4,12,221.0
OFF-SU-10002135,Office Supplies,Supplies,1,4,118.0
OFF-SU-10002152,Office Supplies,Supplies,5,16,630.0
OFF-SU-10002161,Office Supplies,Supplies,5,25,325.0
OFF-SU-10002169,Office Supplies,Supplies,7,16,274.0
OFF-SU-10002189,Office Supplies,Supplies,10,36,807.0
OFF-SU-10002214,Office Supplies,Supplies,3,9,218.0
OFF-SU-10002215,Office Supplies,Supplies,3,10,91.0
OFF-SU-10002227,Office Supplies,Supplies,6,29,359.0
OFF-SU-10002230,Office Supplies,Supplies,1,3,31.0
OFF-SU-10002301,Office Supplies,Supplies,2,9,24.0
OFF-SU-10002306,Office Supplies,Supplies,5,25,502.0
OFF-SU-10002323,Office Supplies,Supplies,9,30,918.0
OFF-SU-10002325,Office Supplies,Supplies,1,1,11.0
OFF-SU-10002327,Office Supplies,Supplies,1,6,96.0
OFF-SU-10002337,Office Supplies,Supplies,4,20,833.0
OFF-SU-10002342,Office Supplies,Supplies,4,19,379.0
OFF-SU-10002344,Office Supplies,Supplies,3,11,303.0
OFF-SU-10002346,Office Supplies,Supplies,6,26,263.0
OFF-SU-10002357,Office Supplies,Supplies,5,13,538.0
OFF-SU-10002362,Office Supplies,Supplies,4,20,249.0
OFF-SU-10002363,Office Supplies,Supplies,1,4,71.0
OFF-SU-10002379,Office Supplies,Supplies,6,25,642.0
OFF-SU-10002388,Office Supplies,Supplies,10,30,1174.0
OFF-SU-10002402,Office Supplies,Supplies,9,28,632.0
OFF-SU-10002412,Office Supplies,Supplies,1,4,27.0
OFF-SU-10002414,Office Supplies,Supplies,1,2,33.0
OFF-SU-10002419,Office Supplies,Supplies,2,12,266.0
OFF-SU-10002423,Office Supplies,Supplies,4,13,336.0
OFF-SU-10002429,Office Supplies,Supplies,1,4,140.0
OFF-SU-10002445,Office Supplies,Supplies,3,19,804.0
OFF-SU-10002448,Office Supplies,Supplies,7,28,930.0
OFF-SU-10002451,Office Supplies,Supplies,9,35,915.0
OFF-SU-10002466,Office Supplies,Supplies,8,23,622.0
OFF-SU-10002498,Office Supplies,Supplies,6,19,270.0
OFF-SU-10002503,Office Supplies,Supplies,4,16,90.0
OFF-SU-10002521,Office Supplies,Supplies,4,10,208.0
OFF-SU-10002522,Office Supplies,Supplies,5,12,45.0
OFF-SU-10002537,Office Supplies,Supplies,6,31,306.0
OFF-SU-10002543,Office Supplies,Supplies,7,29,583.0
OFF-SU-10002544,Office Supplies,Supplies,7,28,847.0
OFF-SU-10002547,Office Supplies,Supplies,4,16,221.0
OFF-SU-10002550,Office Supplies,Supplies,7,22,255.0
OFF-SU-10002557,Office Supplies,Supplies,4,6,75.0
OFF-SU-10002566,Office Supplies,Supplies,4,18,623.0
OFF-SU-10002573,Office Supplies,Supplies,8,26,449.0
OFF-SU-10002599,Office Supplies,Supplies,5,15,228.0
OFF-SU-10002611,Office Supplies,Supplies,4,9,97.0
OFF-SU-10002627,Office Supplies,Supplies,3,9,114.0
OFF-SU-10002649,Office Supplies,Supplies,5,17,698.0
OFF-SU-10002653,Office Supplies,Supplies,3,8,172.0
OFF-SU-10002670,Office Supplies,Supplies,4,8,192.0
OFF-SU-10002709,Office Supplies,Supplies,6,35,954.0
OFF-SU-10002710,Office Supplies,Supplies,2,6,170.0
OFF-SU-10002715,Office Supplies,Supplies,6,13,434.0
OFF-SU-10002732,Office Supplies,Supplies,7,28,888.0
OFF-SU-10002742,Office Supplies,Supplies,7,24,686.0
OFF-SU-10002750,Office Supplies,Supplies,1,2,41.0
OFF-SU-10002775,Office Supplies,Supplies,2,10,350.0
OFF-SU-10002785,Office Supplies,Supplies,5,17,507.0
OFF-SU-10002816,Office Supplies,Supplies,6,27,702.0
OFF-SU-10002831,Office Supplies,Supplies,1,4,102.0
OFF-SU-10002849,Office Supplies,Supplies,3,16,110.0
OFF-SU-10002881,Office Supplies,Supplies,6,22,681.99
OFF-SU-10002900,Office Supplies,Supplies,2,8,344.0
OFF-SU-10002909,Office Supplies,Supplies,2,11,124.0
OFF-SU-10002911,Office Supplies,Supplies,8,23,414.0
OFF-SU-10002934,Office Supplies,Supplies,1,2,87.0
OFF-SU-10002961,Office Supplies,Supplies,3,9,72.0
OFF-SU-10002962,Office Supplies,Supplies,5,22,318.0
OFF-SU-10002983,Office Supplies,Supplies,4,14,386.0
OFF-SU-10002993,Office Supplies,Supplies,3,9,221.0
OFF-SU-10003002,Office Supplies,Supplies,2,4,10.0
OFF-SU-10003019,Office Supplies,Supplies,7,25,327.0
OFF-SU-10003040,Office Supplies,Supplies,5,12,262.0
OFF-SU-10003046,Office Supplies,Supplies,1,4,58.0
OFF-SU-10003072,Office Supplies,Supplies,3,16,614.0
OFF-SU-10003082,Office Supplies,Supplies,6,18,391.0
OFF-SU-10003085,Office Supplies,Supplies,3,15,248.0
OFF-SU-10003098,Office Supplies,Supplies,2,10,115.0
OFF-SU-10003105,Office Supplies,Supplies,6,29,1069.0
OFF-SU-10003115,Office Supplies,Supplies,10,38,840.0
OFF-SU-10003118,Office Supplies,Supplies,1,4,206.0
OFF-SU-10003126,Office Supplies,Supplies,6,25,738.0
OFF-SU-10003130,Office Supplies,Supplies,4,24,804.0
OFF-SU-10003137,Office Supplies,Supplies,2,9,115.0
OFF-SU-10003157,Office Supplies,Supplies,5,13,195.0
OFF-SU-10003160,Office Supplies,Supplies,6,20,293.0
OFF-SU-10003162,Office Supplies,Supplies,5,18,331.0
OFF-SU-10003173,Office Supplies,Supplies,3,8,108.0
OFF-SU-10003191,Office Supplies,Supplies,1,2,30.0
OFF-SU-10003209,Office Supplies,Supplies,2,3,72.0
OFF-SU-10003211,Office Supplies,Supplies,3,13,210.0
OFF-SU-10003221,Office Supplies,Supplies,8,28,1039.0
OFF-SU-10003229,Office Supplies,Supplies,3,11,487.0
OFF-SU-10003234,Office Supplies,Supplies,4,14,552.0
OFF-SU-10003236,Office Supplies,Supplies,6,15,207.0
OFF-SU-10003252,Office Supplies,Supplies,6,30,1251.0
OFF-SU-10003259,Office Supplies,Supplies,3,13,368.0
OFF-SU-10003267,Office Supplies,Supplies,5,16,404.0
OFF-SU-10003277,Office Supplies,Supplies,3,7,73.0
OFF-SU-10003332,Office Supplies,Supplies,4,8,158.0
OFF-SU-10003343,Office Supplies,Supplies,9,33,1016.0
OFF-SU-10003355,Office Supplies,Supplies,2,6,194.0
OFF-SU-10003357,Office Supplies,Supplies,6,18,846.0
OFF-SU-10003371,Office Supplies,Supplies,9,42,1133.0
OFF-SU-10003428,Office Supplies,Supplies,1,2,69.0
OFF-SU-10003456,Office Supplies,Supplies,3,16,377.0
OFF-SU-10003473,Office Supplies,Supplies,6,22,748.0
OFF-SU-10003474,Office Supplies,Supplies,6,19,403.0
OFF-SU-10003483,Office Supplies,Supplies,3,10,239.0
OFF-SU-10003485,Office Supplies,Supplies,5,14,237.0
OFF-SU-10003505,Office Supplies,Supplies,8,24,2641.0
OFF-SU-10003509,Office Supplies,Supplies,3,13,216.0
OFF-SU-10003511,Office Supplies,Supplies,3,11,149.0
OFF-SU-10003515,Office Supplies,Supplies,7,24,823.0
OFF-SU-10003522,Office Supplies,Supplies,4,19,527.0
OFF-SU-10003527,Office Supplies,Supplies,8,30,322.0
OFF-SU-10003535,Office Supplies,Supplies,3,7,257.0
OFF-SU-10003537,Office Supplies,Supplies,7,32,566.0
OFF-SU-10003540,Office Supplies,Supplies,1,3,140.0
OFF-SU-10003544,Office Supplies,Supplies,1,8,178.0
OFF-SU-10003545,Office Supplies,Supplies,1,14,120.0
OFF-SU-10003556,Office Supplies,Supplies,7,26,1143.0
OFF-SU-10003559,Office Supplies,Supplies,11,37,383.0
OFF-SU-10003567,Office Supplies,Supplies,4,17,136.0
OFF-SU-10003582,Office Supplies,Supplies,2,12,108.0
OFF-SU-10003592,Office Supplies,Supplies,5,26,351.0
OFF-SU-10003624,Office Supplies,Supplies,2,10,236.0
OFF-SU-10003629,Office Supplies,Supplies,13,58,1017.0
OFF-SU-10003632,Office Supplies,Supplies,11,40,963.0
OFF-SU-10003651,Office Supplies,Supplies,5,23,223.0
OFF-SU-10003659,Office Supplies,Supplies,1,5,139.0
OFF-SU-10003665,Office Supplies,Supplies,13,50,1198.0
OFF-SU-10003671,Office Supplies,Supplies,1,4,93.0
OFF-SU-10003683,Office Supplies,Supplies,3,9,91.0
OFF-SU-10003688,Office Supplies,Supplies,2,10,300.0
OFF-SU-10003697,Office Supplies,Supplies,6,21,327.0
OFF-SU-10003701,Office Supplies,Supplies,6,26,242.0
OFF-SU-10003717,Office Supplies,Supplies,6,30,284.0
OFF-SU-10003719,Office Supplies,Supplies,8,29,412.0
OFF-SU-10003723,Office Supplies,Supplies,3,8,320.0
OFF-SU-10003739,Office Supplies,Supplies,8,30,524.0
OFF-SU-10003749,Office Supplies,Supplies,5,19,443.0
OFF-SU-10003758,Office Supplies,Supplies,6,28,649.0
OFF-SU-10003780,Office Supplies,Supplies,1,4,33.0
OFF-SU-10003789,Office Supplies,Supplies,12,31,892.0
OFF-SU-10003801,Office Supplies,Supplies,1,4,39.0
OFF-SU-10003803,Office Supplies,Supplies,5,12,461.0
OFF-SU-10003804,Office Supplies,Supplies,3,14,678.0
OFF-SU-10003834,Office Supplies,Supplies,9,28,1239.0
OFF-SU-10003863,Office Supplies,Supplies,2,11,270.0
OFF-SU-10003866,Office Supplies,Supplies,1,4,37.0
OFF-SU-10003879,Office Supplies,Supplies,3,8,249.0
OFF-SU-10003892,Office Supplies,Supplies,6,22,482.0
OFF-SU-10003897,Office Supplies,Supplies,5,21,259.0
OFF-SU-10003907,Office Supplies,Supplies,8,34,945.0
OFF-SU-10003924,Office Supplies,Supplies,5,16,464.0
OFF-SU-10003936,Office Supplies,Supplies,2,5,14.0
OFF-SU-10003951,Office Supplies,Supplies,5,16,779.0
OFF-SU-10003966,Office Supplies,Supplies,3,8,203.0
OFF-SU-10003973,Office Supplies,Supplies,1,5,58.0
OFF-SU-10003991,Office Supplies,Supplies,6,11,308.0
OFF-SU-10004008,Office Supplies,Supplies,5,18,349.0
OFF-SU-10004048,Office Supplies,Supplies,1,2,56.0
OFF-SU-10004077,Office Supplies,Supplies,6,22,614.0
OFF-SU-10004087,Office Supplies,Supplies,3,15,329.0
OFF-SU-10004091,Office Supplies,Supplies,4,12,84.0
OFF-SU-10004095,Office Supplies,Supplies,6,31,881.0
OFF-SU-10004110,Office Supplies,Supplies,3,12,152.0
OFF-SU-10004115,Office Supplies,Supplies,4,13,82.0
OFF-SU-10004119,Office Supplies,Supplies,10,31,851.0
OFF-SU-10004177,Office Supplies,Supplies,8,22,724.0
OFF-SU-10004192,Office Supplies,Supplies,3,8,86.0
OFF-SU-10004198,Office Supplies,Supplies,6,22,378.0
OFF-SU-10004230,Office Supplies,Supplies,7,32,608.0
OFF-SU-10004231,Office Supplies,Supplies,6,22,198.0
OFF-SU-10004236,Office Supplies,Supplies,11,33,686.0
OFF-SU-10004244,Office Supplies,Supplies,7,27,685.0
OFF-SU-10004246,Office Supplies,Supplies,3,11,216.0
OFF-SU-10004249,Office Supplies,Supplies,2,6,173.0
OFF-SU-10004261,Office Supplies,Supplies,4,14,216.0
OFF-SU-10004279,Office Supplies,Supplies,5,15,565.0
OFF-SU-10004283,Office Supplies,Supplies,2,8,255.0
OFF-SU-10004290,Office Supplies,Supplies,3,7,45.0
OFF-SU-10004299,Office Supplies,Supplies,4,19,620.0
OFF-SU-10004304,Office Supplies,Supplies,4,14,243.0
OFF-SU-10004306,Office Supplies,Supplies,10,51,1842.0
OFF-SU-10004316,Office Supplies,Supplies,5,28,683.0
OFF-SU-10004317,Office Supplies,Supplies,1,2,19.0
OFF-SU-10004361,Office Supplies,Supplies,7,25,607.0
OFF-SU-10004373,Office Supplies,Supplies,1,2,43.0
OFF-SU-10004401,Office Supplies,Supplies,4,20,895.0
OFF-SU-10004434,Office Supplies,Supplies,1,4,77.0
OFF-SU-10004435,Office Supplies,Supplies,3,11,493.0
OFF-SU-10004446,Office Supplies,Supplies,9,37,461.0
OFF-SU-10004452,Office Supplies,Supplies,3,15,198.0
OFF-SU-10004461,Office Supplies,Supplies,3,10,328.0
OFF-SU-10004462,Office Supplies,Supplies,2,8,151.0
OFF-SU-10004480,Office Supplies,Supplies,5,30,644.0
OFF-SU-10004481,Office Supplies,Supplies,5,16,419.0
OFF-SU-10004496,Office Supplies,Supplies,5,17,408.0
OFF-SU-10004497,Office Supplies,Supplies,4,22,380.0
OFF-SU-10004498,Office Supplies,Supplies,7,20,238.0
OFF-SU-10004514,Office Supplies,Supplies,1,1,27.0
OFF-SU-10004524,Office Supplies,Supplies,6,28,814.0
OFF-SU-10004575,Office Supplies,Supplies,3,7,172.0
OFF-SU-10004589,Office Supplies,Supplies,2,4,139.0
OFF-SU-10004627,Office Supplies,Supplies,3,11,396.0
OFF-SU-10004630,Office Supplies,Supplies,2,4,158.0
OFF-SU-10004643,Office Supplies,Supplies,6,34,923.0
OFF-SU-10004650,Office Supplies,Supplies,8,32,601.0
OFF-SU-10004655,Office Supplies,Supplies,5,21,589.0
OFF-SU-10004658,Office Supplies,Supplies,6,14,264.0
OFF-SU-10004659,Office Supplies,Supplies,2,12,232.0
OFF-SU-10004661,Office Supplies,Supplies,5,13,103.0
OFF-SU-10004662,Office Supplies,Supplies,15,73,1598.0
OFF-SU-10004663,Office Supplies,Supplies,7,27,454.0
OFF-SU-10004664,Office Supplies,Supplies,4,23,167.0
OFF-SU-10004691,Office Supplies,Supplies,4,13,258.0
OFF-SU-10004696,Office Supplies,Supplies,5,18,617.0
OFF-SU-10004705,Office Supplies,Supplies,5,20,187.0
OFF-SU-10004711,Office Supplies,Supplies,4,10,265.0
OFF-SU-10004727,Office Supplies,Supplies,3,6,113.0
OFF-SU-10004737,Office Supplies,Supplies,3,13,89.0
OFF-SU-10004762,Office Supplies,Supplies,1,3,41.0
OFF-SU-10004766,Office Supplies,Supplies,8,20,781.0
OFF-SU-10004768,Office Supplies,Supplies,3,7,35.0
OFF-SU-10004771,Office Supplies,Supplies,2,9,92.0
OFF-SU-10004780,Office Supplies,Supplies,5,12,242.0
OFF-SU-10004782,Office Supplies,Supplies,7,24,179.0
OFF-SU-10004784,Office Supplies,Supplies,1,2,49.0
OFF-SU-10004791,Office Supplies,Supplies,1,4,112.0
OFF-SU-10004794,Office Supplies,Supplies,7,28,684.0
OFF-SU-10004799,Office Supplies,Supplies,1,9,32.0
OFF-SU-10004802,Office Supplies,Supplies,1,1,27.0
OFF-SU-10004814,Office Supplies,Supplies,6,18,833.0
OFF-SU-10004818,Office Supplies,Supplies,3,10,294.0
OFF-SU-10004822,Office Supplies,Supplies,2,9,242.0
OFF-SU-10004846,Office Supplies,Supplies,6,28,592.0
OFF-SU-10004848,Office Supplies,Supplies,6,24,832.0
OFF-SU-10004872,Office Supplies,Supplies,5,15,426.0
OFF-SU-10004873,Office Supplies,Supplies,1,2,74.0
OFF-SU-10004884,Office Supplies,Supplies,3,13,195.0
OFF-SU-10004888,Office Supplies,Supplies,2,10,474.0
OFF-SU-10004899,Office Supplies,Supplies,4,14,252.0
OFF-SU-10004902,Office Supplies,Supplies,3,7,112.0
OFF-SU-10004904,Office Supplies,Supplies,4,12,116.0
OFF-SU-10004911,Office Supplies,Supplies,3,16,724.0
OFF-SU-10004919,Office Supplies,Supplies,1,7,112.0
OFF-SU-10004932,Office Supplies,Supplies,1,4,18.0
OFF-SU-10004938,Office Supplies,Supplies,4,14,505.0
OFF-SU-10004980,Office Supplies,Supplies,7,24,968.0
OFF-TEN-10000025,Office Supplies,Storage,16,32,4409.225
OFF-TEN-10000360,Office Supplies,Storage,12,28,564.0
OFF-TEN-10000433,Office Supplies,Storage,10,23,2520.626
OFF-TEN-10000703,Office Supplies,Storage,9,14,691.0
OFF-TEN-10000766,Office Supplies,Storage,4,8,190.0
OFF-TEN-10000794,Office Supplies,Storage,13,41,1746.0
OFF-TEN-10000827,Office Supplies,Storage,7,11,1301.0
OFF-TEN-10000894,Office Supplies,Storage,9,29,628.0
OFF-TEN-10001031,Office Supplies,Storage,11,22,1067.0
OFF-TEN-10001129,Office Supplies,Storage,16,33,1249.0
OFF-TEN-10001160,Office Supplies,Storage,9,21,1046.0
OFF-TEN-10001480,Office Supplies,Storage,7,25,1323.0
OFF-TEN-10001585,Office Supplies,Storage,8,14,184.0
OFF-TEN-10002065,Office Supplies,Storage,9,23,932.0
OFF-TEN-10002817,Office Supplies,Storage,9,14,274.0
OFF-TEN-10002835,Office Supplies,Storage,13,20,3316.0
OFF-TEN-10003089,Office Supplies,Storage,13,23,2981.0
OFF-TEN-10003127,Office Supplies,Storage,10,19,261.0
OFF-TEN-10003148,Office Supplies,Storage,9,19,3389.0
OFF-TEN-10003211,Office Supplies,Storage,12,14,182.0
OFF-TEN-10003948,Office Supplies,Storage,14,29,402.0
OFF-TEN-10004194,Office Supplies,Storage,12,23,2640.0
OFF-TEN-10004210,Office Supplies,Storage,8,15,766.0
OFF-TEN-10004270,Office Supplies,Storage,12,19,1943.0
OFF-WIL-10000146,Office Supplies,Binders,5,13,572.0
OFF-WIL-10000164,Office Supplies,Binders,11,22,765.0
OFF-WIL-10000390,Office Supplies,Binders,14,38,412.0
OFF-WIL-10000604,Office Supplies,Binders,13,32,267.0
OFF-WIL-10000777,Office Supplies,Binders,10,21,495.0
OFF-WIL-10000979,Office Supplies,Binders,16,51,242.0
OFF-WIL-10000986,Office Supplies,Binders,8,22,191.0
OFF-WIL-10001069,Office Supplies,Binders,16,35,134.0
OFF-WIL-10001495,Office Supplies,Binders,5,9,52.0
OFF-WIL-10001801,Office Supplies,Binders,8,17,422.0
OFF-WIL-10001889,Office Supplies,Binders,10,13,52.0
OFF-WIL-10001979,Office Supplies,Binders,10,29,172.0
OFF-WIL-10002153,Office Supplies,Binders,13,29,677.0
OFF-WIL-10002233,Office Supplies,Binders,13,45,290.0
OFF-WIL-10002593,Office Supplies,Binders,12,16,88.0
OFF-WIL-10002772,Office Supplies,Binders,15,38,1005.0
OFF-WIL-10002787,Office Supplies,Binders,12,23,288.0
OFF-WIL-10002947,Office Supplies,Binders,11,35,204.0
OFF-WIL-10003299,Office Supplies,Binders,13,35,1599.0
OFF-WIL-10003308,Office Supplies,Binders,11,34,365.0
OFF-WIL-10003532,Office Supplies,Binders,14,36,1505.0
OFF-WIL-10003774,Office Supplies,Binders,11,23,138.0
OFF-WIL-10003933,Office Supplies,Binders,16,29,285.0
OFF-WIL-10004697,Office Supplies,Binders,9,23,283.0
OFF-XER-10000482,Office Supplies,Paper,5,6,129.0
OFF-XER-10000566,Office Supplies,Paper,1,8,73.0
OFF-XER-10000641,Office Supplies,Paper,2,2,63.0
OFF-XER-10000846,Office Supplies,Paper,2,18,884.0
OFF-XER-10001429,Office Supplies,Paper,2,2,17.0
OFF-XER-10001454,Office Supplies,Paper,2,6,88.0
OFF-XER-10001513,Office Supplies,Paper,5,7,117.0
OFF-XER-10001746,Office Supplies,Paper,4,6,97.0
OFF-XER-10002256,Office Supplies,Paper,4,9,236.0
OFF-XER-10002848,Office Supplies,Paper,1,4,26.0
OFF-XER-10002906,Office Supplies,Paper,3,4,55.0
OFF-XER-10002982,Office Supplies,Paper,4,9,159.0
OFF-XER-10003104,Office Supplies,Paper,3,4,36.0
OFF-XER-10003203,Office Supplies,Paper,9,20,302.0
OFF-XER-10003300,Office Supplies,Paper,5,14,275.0
OFF-XER-10003329,Office Supplies,Paper,2,5,119.0
OFF-XER-10003495,Office Supplies,Paper,2,7,153.0
OFF-XER-10003600,Office Supplies,Paper,1,1,15.0
OFF-XER-10003901,Office Supplies,Paper,5,7,212.0
OFF-XER-10004012,Office Supplies,Paper,3,9,218.0
OFF-XER-10004042,Office Supplies,Paper,6,9,101.0
OFF-XER-10004519,Office Supplies,Paper,4,9,416.0
OFF-XER-10004820,Office Supplies,Paper,2,8,211.0
TEC-AC-10000007,Technology,Accessories,5,12,2054.026
TEC-AC-10000023,Technology,Accessories,5,24,504.0
TEC-AC-10000025,Technology,Accessories,1,2,135.0
TEC-AC-10000051,Technology,Accessories,4,9,617.0
TEC-AC-10000053,Technology,Accessories,2,12,953.283
TEC-AC-10000057,Technology,Accessories,5,19,558.0
TEC-AC-10000086,Technology,Accessories,4,17,280.0
TEC-AC-10000089,Technology,Accessories,4,21,900.5889999999999
TEC-AC-10000097,Technology,Accessories,9,32,1262.0
TEC-AC-10000109,Technology,Accessories,9,29,1490.0
TEC-AC-10000110,Technology,Accessories,3,10,386.0
TEC-AC-10000111,Technology,Accessories,6,13,412.0
TEC-AC-10000115,Technology,Accessories,1,2,98.0
TEC-AC-10000140,Technology,Accessories,5,29,1658.0
TEC-AC-10000151,Technology,Accessories,5,16,330.0
TEC-AC-10000152,Technology,Accessories,4,20,378.0
TEC-AC-10000158,Technology,Accessories,9,27,900.0
TEC-AC-10000170,Technology,Accessories,4,14,910.0
TEC-AC-10000171,Technology,Accessories,5,12,248.0
TEC-AC-10000199,Technology,Accessories,3,9,44.0
TEC-AC-10000203,Technology,Accessories,11,45,3492.11
TEC-AC-10000212,Technology,Accessories,3,10,1014.0
TEC-AC-10000218,Technology,Accessories,2,6,192.0
TEC-AC-10000221,Technology,Accessories,4,19,1920.0
TEC-AC-10000241,Technology,Accessories,3,20,675.0
TEC-AC-10000244,Technology,Accessories,6,24,2301.314
TEC-AC-10000254,Technology,Accessories,5,29,1520.0
TEC-AC-10000258,Technology,Accessories,4,14,713.0
TEC-AC-10000263,Technology,Accessories,5,13,334.0
TEC-AC-10000264,Technology,Accessories,1,4,400.0
TEC-AC-10000269,Technology,Accessories,6,36,897.0
TEC-AC-10000271,Technology,Accessories,1,2,137.0
TEC-AC-10000284,Technology,Accessories,4,12,446.0
TEC-AC-10000290,Technology,Accessories,4,15,97.0
TEC-AC-10000303,Technology,Accessories,3,7,240.0
TEC-AC-10000317,Technology,Accessories,3,12,944.0
TEC-AC-10000332,Technology,Accessories,5,19,965.0
TEC-AC-10000335,Technology,Accessories,5,13,2049.0
TEC-AC-10000336,Technology,Accessories,5,18,430.0
TEC-AC-10000342,Technology,Accessories,1,3,38.0
TEC-AC-10000354,Technology,Accessories,4,20,578.0
TEC-AC-10000358,Technology,Accessories,6,24,889.0
TEC-AC-10000376,Technology,Accessories,9,41,4105.298
TEC-AC-10000387,Technology,Accessories,3,6,75.0
TEC-AC-10000394,Technology,Accessories,2,7,404.0
TEC-AC-10000397,Technology,Accessories,6,25,947.0
TEC-AC-10000398,Technology,Accessories,7,31,2880.0
TEC-AC-10000420,Technology,Accessories,8,40,1870.403
TEC-AC-10000422,Technology,Accessories,2,13,754.0
TEC-AC-10000431,Technology,Accessories,4,13,308.0
TEC-AC-10000450,Technology,Accessories,4,11,812.0
TEC-AC-10000462,Technology,Accessories,1,4,296.0
TEC-AC-10000474,Technology,Accessories,8,27,1893.0
TEC-AC-10000483,Technology,Accessories,8,24,2609.0
TEC-AC-10000487,Technology,Accessories,2,5,26.0
TEC-AC-10000494,Technology,Accessories,7,15,695.0
TEC-AC-10000499,Technology,Accessories,2,5,416.0
TEC-AC-10000501,Technology,Accessories,5,15,2252.0
TEC-AC-10000510,Technology,Accessories,2,3,111.0
TEC-AC-10000512,Technology,Accessories,1,3,250.0
TEC-AC-10000519,Technology,Accessories,2,10,581.0
TEC-AC-10000521,Technology,Accessories,4,8,81.0
TEC-AC-10000530,Technology,Accessories,3,8,827.0
TEC-AC-10000540,Technology,Accessories,2,8,188.0
TEC-AC-10000575,Technology,Accessories,5,12,523.0
TEC-AC-10000580,Technology,Accessories,4,14,1040.0
TEC-AC-10000588,Technology,Accessories,2,6,174.0
TEC-AC-10000596,Technology,Accessories,5,18,1520.0
TEC-AC-10000598,Technology,Accessories,1,2,22.0
TEC-AC-10000633,Technology,Accessories,1,2,229.0
TEC-AC-10000639,Technology,Accessories,4,13,1269.863
TEC-AC-10000642,Technology,Accessories,5,22,581.0
TEC-AC-10000657,Technology,Accessories,1,2,229.0
TEC-AC-10000682,Technology,Accessories,6,20,322.0
TEC-AC-10000692,Technology,Accessories,7,29,1359.0
TEC-AC-10000710,Technology,Accessories,3,18,296.0
TEC-AC-10000712,Technology,Accessories,2,10,522.079
TEC-AC-10000736,Technology,Accessories,8,21,1616.0
TEC-AC-10000742,Technology,Accessories,3,23,682.0
TEC-AC-10000763,Technology,Accessories,5,14,960.0
TEC-AC-10000766,Technology,Accessories,1,2,20.0
TEC-AC-10000815,Technology,Accessories,4,7,216.0
TEC-AC-10000827,Technology,Accessories,6,28,1826.0
TEC-AC-10000844,Technology,Accessories,8,31,2363.0
TEC-AC-10000857,Technology,Accessories,2,6,1210.0
TEC-AC-10000860,Technology,Accessories,6,27,984.0
TEC-AC-10000861,Technology,Accessories,7,13,2947.0
TEC-AC-10000863,Technology,Accessories,6,24,1411.0
TEC-AC-10000865,Technology,Accessories,6,24,1443.0
TEC-AC-10000866,Technology,Accessories,7,43,2097.612
TEC-AC-10000873,Technology,Accessories,2,4,131.0
TEC-AC-10000883,Technology,Accessories,4,15,386.0
TEC-AC-10000887,Technology,Accessories,3,9,342.0
TEC-AC-10000890,Technology,Accessories,10,32,4074.036
TEC-AC-10000892,Technology,Accessories,7,22,1890.0
TEC-AC-10000896,Technology,Accessories,6,15,763.0
TEC-AC-10000926,Technology,Accessories,1,3,60.0
TEC-AC-10000927,Technology,Accessories,4,17,492.0
TEC-AC-10000929,Technology,Accessories,4,7,276.0
TEC-AC-10000957,Technology,Accessories,6,34,1806.0
TEC-AC-10000990,Technology,Accessories,3,16,1051.049
TEC-AC-10000991,Technology,Accessories,4,13,583.0
TEC-AC-10001002,Technology,Accessories,1,3,169.0
TEC-AC-10001013,Technology,Accessories,10,29,749.0
TEC-AC-10001022,Technology,Accessories,8,28,921.0
TEC-AC-10001030,Technology,Accessories,4,14,258.0
TEC-AC-10001032,Technology,Accessories,3,15,487.0
TEC-AC-10001047,Technology,Accessories,1,1,169.0
TEC-AC-10001055,Technology,Accessories,8,37,1262.0
TEC-AC-10001056,Technology,Accessories,7,32,2078.216
TEC-AC-10001075,Technology,Accessories,1,4,202.0
TEC-AC-10001076,Technology,Accessories,4,21,1003.0
TEC-AC-10001082,Technology,Accessories,5,22,1169.0
TEC-AC-10001089,Technology,Accessories,8,29,2359.0
TEC-AC-10001090,Technology,Accessories,8,23,849.0
TEC-AC-10001100,Technology,Accessories,5,21,2722.237
TEC-AC-10001101,Technology,Accessories,4,16,191.0
TEC-AC-10001106,Technology,Accessories,1,4,63.0
TEC-AC-10001109,Technology,Accessories,9,28,774.0
TEC-AC-10001114,Technology,Accessories,4,15,592.0
TEC-AC-10001142,Technology,Accessories,5,24,1722.0
TEC-AC-10001172,Technology,Accessories,5,23,517.0
TEC-AC-10001187,Technology,Accessories,6,17,1173.0
TEC-AC-10001197,Technology,Accessories,4,11,553.0
TEC-AC-10001221,Technology,Accessories,8,35,2188.0
TEC-AC-10001226,Technology,Accessories,6,21,865.0
TEC-AC-10001243,Technology,Accessories,4,12,484.0
TEC-AC-10001246,Technology,Accessories,7,24,831.0
TEC-AC-10001251,Technology,Accessories,3,14,830.0
TEC-AC-10001254,Technology,Accessories,4,20,1944.0
TEC-AC-10001258,Technology,Accessories,4,23,5.901
TEC-AC-10001266,Technology,Accessories,8,26,299.0
TEC-AC-10001267,Technology,Accessories,5,18,468.0
TEC-AC-10001274,Technology,Accessories,5,27,1699.0
TEC-AC-10001278,Technology,Accessories,6,19,751.0
TEC-AC-10001284,Technology,Accessories,5,24,468.0
TEC-AC-10001295,Technology,Accessories,2,6,532.0
TEC-AC-10001311,Technology,Accessories,4,17,816.0
TEC-AC-10001312,Technology,Accessories,5,25,808.0
TEC-AC-10001314,Technology,Accessories,8,27,1230.0
TEC-AC-10001341,Technology,Accessories,8,35,2292.0
TEC-AC-10001348,Technology,Accessories,4,9,1877.0
TEC-AC-10001352,Technology,Accessories,9,31,1357.0
TEC-AC-10001355,Technology,Accessories,2,6,891.0
TEC-AC-10001364,Technology,Accessories,5,18,434.0
TEC-AC-10001383,Technology,Accessories,3,15,365.0
TEC-AC-10001402,Technology,Accessories,3,6,272.0
TEC-AC-10001405,Technology,Accessories,5,15,2128.0
TEC-AC-10001406,Technology,Accessories,1,1,116.0
TEC-AC-10001407,Technology,Accessories,6,19,395.0
TEC-AC-10001410,Technology,Accessories,4,26,1773.0
TEC-AC-10001432,Technology,Accessories,5,21,1641.0
TEC-AC-10001438,Technology,Accessories,8,35,1280.0
TEC-AC-10001441,Technology,Accessories,6,24,866.0
TEC-AC-10001445,Technology,Accessories,3,14,42.0
TEC-AC-10001455,Technology,Accessories,1,4,243.0
TEC-AC-10001463,Technology,Accessories,5,21,981.0
TEC-AC-10001465,Technology,Accessories,9,34,1184.0
TEC-AC-10001486,Technology,Accessories,6,30,1237.0
TEC-AC-10001491,Technology,Accessories,8,32,856.0
TEC-AC-10001500,Technology,Accessories,5,28,2333.0
TEC-AC-10001539,Technology,Accessories,4,17,1248.0
TEC-AC-10001542,Technology,Accessories,3,10,108.0
TEC-AC-10001552,Technology,Accessories,5,25,1155.0
TEC-AC-10001553,Technology,Accessories,5,26,374.0
TEC-AC-10001564,Technology,Accessories,4,23,970.0
TEC-AC-10001566,Technology,Accessories,4,14,1717.716
TEC-AC-10001590,Technology,Accessories,2,5,125.0
TEC-AC-10001592,Technology,Accessories,1,2,52.0
TEC-AC-10001600,Technology,Accessories,4,16,856.0
TEC-AC-10001606,Technology,Accessories,7,21,1800.0
TEC-AC-10001608,Technology,Accessories,2,5,78.0
TEC-AC-10001611,Technology,Accessories,2,8,364.0
TEC-AC-10001616,Technology,Accessories,5,32,1746.0
TEC-AC-10001635,Technology,Accessories,3,15,149.0
TEC-AC-10001636,Technology,Accessories,6,27,1042.0
TEC-AC-10001639,Technology,Accessories,7,23,622.0
TEC-AC-10001660,Technology,Accessories,3,17,709.0
TEC-AC-10001664,Technology,Accessories,3,8,423.0
TEC-AC-10001666,Technology,Accessories,5,22,1027.0
TEC-AC-10001688,Technology,Accessories,5,14,781.0
TEC-AC-10001696,Technology,Accessories,2,9,207.0
TEC-AC-10001703,Technology,Accessories,3,9,493.0
TEC-AC-10001705,Technology,Accessories,4,26,1159.0
TEC-AC-10001714,Technology,Accessories,7,23,791.0
TEC-AC-10001719,Technology,Accessories,5,19,388.0
TEC-AC-10001720,Technology,Accessories,1,2,229.0
TEC-AC-10001728,Technology,Accessories,6,20,460.0
TEC-AC-10001735,Technology,Accessories,9,31,752.0
TEC-AC-10001745,Technology,Accessories,1,2,62.0
TEC-AC-10001748,Technology,Accessories,1,2,80.0
TEC-AC-10001754,Technology,Accessories,6,20,1350.0
TEC-AC-10001756,Technology,Accessories,6,22,585.0
TEC-AC-10001765,Technology,Accessories,3,13,992.0
TEC-AC-10001767,Technology,Accessories,6,25,928.0
TEC-AC-10001772,Technology,Accessories,6,45,720.0
TEC-AC-10001791,Technology,Accessories,2,7,208.0
TEC-AC-10001792,Technology,Accessories,2,8,246.0
TEC-AC-10001830,Technology,Accessories,5,13,1709.0
TEC-AC-10001831,Technology,Accessories,1,3,57.0
TEC-AC-10001835,Technology,Accessories,8,25,900.0
TEC-AC-10001838,Technology,Accessories,7,26,2322.8
TEC-AC-10001840,Technology,Accessories,5,23,758.0
TEC-AC-10001874,Technology,Accessories,3,11,552.0
TEC-AC-10001876,Technology,Accessories,2,9,552.0
TEC-AC-10001904,Technology,Accessories,7,33,954.0
TEC-AC-10001907,Technology,Accessories,3,13,366.0
TEC-AC-10001908,Technology,Accessories,6,32,1681.12
TEC-AC-10001942,Technology,Accessories,3,11,341.0
TEC-AC-10001948,Technology,Accessories,9,35,1213.0
TEC-AC-10001949,Technology,Accessories,2,8,518.55
TEC-AC-10001950,Technology,Accessories,3,11,319.0
TEC-AC-10001951,Technology,Accessories,1,3,90.0
TEC-AC-10001956,Technology,Accessories,2,7,360.0
TEC-AC-10001974,Technology,Accessories,1,2,124.0
TEC-AC-10001987,Technology,Accessories,6,25,948.0
TEC-AC-10001990,Technology,Accessories,8,45,2739.034
TEC-AC-10001995,Technology,Accessories,5,16,3464.0
TEC-AC-10001998,Technology,Accessories,6,11,208.0
TEC-AC-10002001,Technology,Accessories,6,21,2880.0
TEC-AC-10002006,Technology,Accessories,7,39,557.0
TEC-AC-10002013,Technology,Accessories,3,19,704.0
TEC-AC-10002014,Technology,Accessories,3,10,405.0
TEC-AC-10002015,Technology,Accessories,2,9,200.161
TEC-AC-10002017,Technology,Accessories,4,9,845.0
TEC-AC-10002018,Technology,Accessories,5,14,88.0
TEC-AC-10002025,Technology,Accessories,1,5,39.0
TEC-AC-10002048,Technology,Accessories,2,7,77.0
TEC-AC-10002049,Technology,Accessories,15,60,4970.796
TEC-AC-10002076,Technology,Accessories,4,29,1497.0
TEC-AC-10002086,Technology,Accessories,4,24,1784.0
TEC-AC-10002110,Technology,Accessories,4,12,206.0
TEC-AC-10002122,Technology,Accessories,3,12,980.0
TEC-AC-10002130,Technology,Accessories,2,4,91.0
TEC-AC-10002134,Technology,Accessories,3,9,105.0
TEC-AC-10002145,Technology,Accessories,1,1,70.0
TEC-AC-10002148,Technology,Accessories,1,9,512.0
TEC-AC-10002153,Technology,Accessories,1,10,276.0
TEC-AC-10002158,Technology,Accessories,5,14,1155.0
TEC-AC-10002159,Technology,Accessories,3,10,1307.0
TEC-AC-10002167,Technology,Accessories,8,25,357.0
TEC-AC-10002170,Technology,Accessories,11,35,952.0
TEC-AC-10002172,Technology,Accessories,8,36,2260.0
TEC-AC-10002204,Technology,Accessories,5,20,796.0
TEC-AC-10002217,Technology,Accessories,7,25,444.0
TEC-AC-10002218,Technology,Accessories,3,6,414.0
TEC-AC-10002219,Technology,Accessories,6,28,1732.0
TEC-AC-10002221,Technology,Accessories,9,37,865.0
TEC-AC-10002224,Technology,Accessories,1,10,148.0
TEC-AC-10002243,Technology,Accessories,7,25,1761.0
TEC-AC-10002244,Technology,Accessories,7,32,2375.868
TEC-AC-10002253,Technology,Accessories,4,16,1164.496
TEC-AC-10002255,Technology,Accessories,11,38,2075.0
TEC-AC-10002257,Technology,Accessories,11,41,2333.239
TEC-AC-10002263,Technology,Accessories,3,8,900.0
TEC-AC-10002289,Technology,Accessories,3,16,910.0
TEC-AC-10002295,Technology,Accessories,1,2,61.0
TEC-AC-10002305,Technology,Accessories,6,18,324.0
TEC-AC-10002308,Technology,Accessories,6,31,2327.0
TEC-AC-10002322,Technology,Accessories,3,13,1330.0
TEC-AC-10002323,Technology,Accessories,11,44,883.0
TEC-AC-10002324,Technology,Accessories,11,26,1357.0
TEC-AC-10002331,Technology,Accessories,5,26,232.0
TEC-AC-10002335,Technology,Accessories,13,46,3211.0
TEC-AC-10002340,Technology,Accessories,2,8,891.0
TEC-AC-10002345,Technology,Accessories,6,20,276.0
TEC-AC-10002348,Technology,Accessories,2,13,1490.0
TEC-AC-10002357,Technology,Accessories,5,33,914.0
TEC-AC-10002363,Technology,Accessories,3,10,726.0
TEC-AC-10002364,Technology,Accessories,1,2,517.0
TEC-AC-10002370,Technology,Accessories,11,31,537.0
TEC-AC-10002380,Technology,Accessories,1,3,27.0
TEC-AC-10002389,Technology,Accessories,1,4,162.0
TEC-AC-10002399,Technology,Accessories,6,20,361.0
TEC-AC-10002402,Technology,Accessories,8,30,2160.0
TEC-AC-10002455,Technology,Accessories,6,27,646.0
TEC-AC-10002458,Technology,Accessories,5,19,302.0
TEC-AC-10002473,Technology,Accessories,11,49,1232.0
TEC-AC-10002482,Technology,Accessories,4,15,316.0
TEC-AC-10002522,Technology,Accessories,2,4,781.0
TEC-AC-10002530,Technology,Accessories,2,5,125.0
TEC-AC-10002533,Technology,Accessories,12,57,4452.031
TEC-AC-10002543,Technology,Accessories,1,4,161.0
TEC-AC-10002545,Technology,Accessories,1,3,198.0
TEC-AC-10002550,Technology,Accessories,8,27,619.0
TEC-AC-10002558,Technology,Accessories,2,5,54.0
TEC-AC-10002567,Technology,Accessories,9,29,2000.0
TEC-AC-10002568,Technology,Accessories,5,20,839.0
TEC-AC-10002581,Technology,Accessories,1,2,37.0
TEC-AC-10002600,Technology,Accessories,2,9,496.0
TEC-AC-10002601,Technology,Accessories,2,5,695.0
TEC-AC-10002607,Technology,Accessories,1,1,11.0
TEC-AC-10002629,Technology,Accessories,5,25,1783.0
TEC-AC-10002637,Technology,Accessories,5,22,2125.62
TEC-AC-10002647,Technology,Accessories,2,4,383.0
TEC-AC-10002649,Technology,Accessories,5,20,1379.0
TEC-AC-10002664,Technology,Accessories,10,40,2015.0
TEC-AC-10002670,Technology,Accessories,5,23,501.0
TEC-AC-10002688,Technology,Accessories,4,14,1007.0
TEC-AC-10002702,Technology,Accessories,4,6,453.0
TEC-AC-10002712,Technology,Accessories,9,35,1637.0
TEC-AC-10002718,Technology,Accessories,6,21,266.0
TEC-AC-10002719,Technology,Accessories,4,15,690.442
TEC-AC-10002738,Technology,Accessories,10,37,3838.0
TEC-AC-10002749,Technology,Accessories,4,12,238.0
TEC-AC-10002756,Technology,Accessories,3,9,472.0
TEC-AC-10002760,Technology,Accessories,5,21,1321.0
TEC-AC-10002795,Technology,Accessories,4,16,279.0
TEC-AC-10002799,Technology,Accessories,10,30,1854.0
TEC-AC-10002800,Technology,Accessories,9,34,1620.0
TEC-AC-10002815,Technology,Accessories,1,3,159.0
TEC-AC-10002833,Technology,Accessories,6,21,546.0
TEC-AC-10002842,Technology,Accessories,10,40,3089.071
TEC-AC-10002844,Technology,Accessories,1,4,159.0
TEC-AC-10002850,Technology,Accessories,3,12,1265.0
TEC-AC-10002852,Technology,Accessories,3,6,423.0
TEC-AC-10002857,Technology,Accessories,3,14,84.0
TEC-AC-10002881,Technology,Accessories,2,4,138.0
TEC-AC-10002883,Technology,Accessories,10,35,1921.0
TEC-AC-10002884,Technology,Accessories,6,26,1992.0
TEC-AC-10002900,Technology,Accessories,2,6,232.0
TEC-AC-10002901,Technology,Accessories,4,19,535.0
TEC-AC-10002914,Technology,Accessories,4,16,2045.338
TEC-AC-10002926,Technology,Accessories,8,30,1410.0
TEC-AC-10002938,Technology,Accessories,1,3,92.0
TEC-AC-10002942,Technology,Accessories,6,17,1008.0
TEC-AC-10002996,Technology,Accessories,4,19,660.0
TEC-AC-10003023,Technology,Accessories,5,14,759.0
TEC-AC-10003027,Technology,Accessories,3,13,351.0
TEC-AC-10003033,Technology,Accessories,10,35,3571.26
TEC-AC-10003034,Technology,Accessories,2,13,550.0
TEC-AC-10003038,Technology,Accessories,13,57,479.0
TEC-AC-10003044,Technology,Accessories,5,17,514.0
TEC-AC-10003047,Technology,Accessories,6,21,1122.0
TEC-AC-10003052,Technology,Accessories,1,3,119.0
TEC-AC-10003063,Technology,Accessories,10,35,2685.0
TEC-AC-10003080,Technology,Accessories,4,11,1139.0
TEC-AC-10003081,Technology,Accessories,9,35,529.0
TEC-AC-10003095,Technology,Accessories,6,17,2158.0
TEC-AC-10003103,Technology,Accessories,5,12,952.0
TEC-AC-10003105,Technology,Accessories,5,13,345.0
TEC-AC-10003116,Technology,Accessories,8,32,535.0
TEC-AC-10003133,Technology,Accessories,1,2,14.0
TEC-AC-10003159,Technology,Accessories,6,19,2566.0
TEC-AC-10003172,Technology,Accessories,5,18,746.0
TEC-AC-10003174,Technology,Accessories,6,23,2242.0
TEC-AC-10003180,Technology,Accessories,1,2,518.0
TEC-AC-10003198,Technology,Accessories,6,29,2450.0
TEC-AC-10003217,Technology,Accessories,10,34,2418.0
TEC-AC-10003237,Technology,Accessories,3,11,104.0
TEC-AC-10003262,Technology,Accessories,1,2,308.0
TEC-AC-10003265,Technology,Accessories,6,27,1298.917
TEC-AC-10003276,Technology,Accessories,4,12,2296.0
TEC-AC-10003280,Technology,Accessories,8,21,564.0
TEC-AC-10003289,Technology,Accessories,5,26,500.0
TEC-AC-10003294,Technology,Accessories,4,19,529.0
TEC-AC-10003327,Technology,Accessories,6,39,2740.0
TEC-AC-10003334,Technology,Accessories,4,18,920.0
TEC-AC-10003335,Technology,Accessories,3,10,1101.0
TEC-AC-10003343,Technology,Accessories,4,17,482.0
TEC-AC-10003367,Technology,Accessories,3,20,1421.0
TEC-AC-10003399,Technology,Accessories,6,15,542.0
TEC-AC-10003400,Technology,Accessories,1,1,8.0
TEC-AC-10003403,Technology,Accessories,4,18,1477.103
TEC-AC-10003407,Technology,Accessories,5,23,434.0
TEC-AC-10003408,Technology,Accessories,7,19,1114.0
TEC-AC-10003413,Technology,Accessories,6,11,2181.0
TEC-AC-10003415,Technology,Accessories,5,18,1780.796
TEC-AC-10003416,Technology,Accessories,2,10,284.0
TEC-AC-10003417,Technology,Accessories,1,3,342.0
TEC-AC-10003422,Technology,Accessories,1,2,102.0
TEC-AC-10003433,Technology,Accessories,5,13,11.0
TEC-AC-10003441,Technology,Accessories,7,22,357.0
TEC-AC-10003447,Technology,Accessories,4,15,292.0
TEC-AC-10003451,Technology,Accessories,2,5,76.0
TEC-AC-10003454,Technology,Accessories,6,15,959.0
TEC-AC-10003463,Technology,Accessories,3,9,496.0
TEC-AC-10003469,Technology,Accessories,1,2,513.0
TEC-AC-10003487,Technology,Accessories,6,27,1009.0
TEC-AC-10003499,Technology,Accessories,5,20,195.0
TEC-AC-10003506,Technology,Accessories,3,13,1026.305
TEC-AC-10003518,Technology,Accessories,4,14,1709.733
TEC-AC-10003533,Technology,Accessories,2,9,333.0
TEC-AC-10003548,Technology,Accessories,2,5,85.0
TEC-AC-10003554,Technology,Accessories,2,12,667.0
TEC-AC-10003556,Technology,Accessories,4,14,784.0
TEC-AC-10003569,Technology,Accessories,1,2,88.0
TEC-AC-10003570,Technology,Accessories,1,9,245.0
TEC-AC-10003571,Technology,Accessories,3,18,506.0
TEC-AC-10003577,Technology,Accessories,4,27,990.066
TEC-AC-10003590,Technology,Accessories,5,25,625.0
TEC-AC-10003610,Technology,Accessories,6,20,1140.0
TEC-AC-10003611,Technology,Accessories,9,34,629.0
TEC-AC-10003614,Technology,Accessories,5,14,151.0
TEC-AC-10003615,Technology,Accessories,6,16,2649.0
TEC-AC-10003626,Technology,Accessories,2,6,298.0
TEC-AC-10003628,Technology,Accessories,15,52,1410.0
TEC-AC-10003640,Technology,Accessories,7,27,874.0
TEC-AC-10003657,Technology,Accessories,5,13,367.0
TEC-AC-10003659,Technology,Accessories,4,17,1430.0
TEC-AC-10003666,Technology,Accessories,6,31,2466.432
TEC-AC-10003668,Technology,Accessories,6,17,898.0
TEC-AC-10003681,Technology,Accessories,2,3,72.0
TEC-AC-10003690,Technology,Accessories,3,13,354.0
TEC-AC-10003704,Technology,Accessories,1,1,16.0
TEC-AC-10003709,Technology,Accessories,5,21,20.0
TEC-AC-10003711,Technology,Accessories,2,18,390.0
TEC-AC-10003725,Technology,Accessories,7,31,439.0
TEC-AC-10003734,Technology,Accessories,7,20,807.0
TEC-AC-10003738,Technology,Accessories,5,22,529.0
TEC-AC-10003750,Technology,Accessories,8,33,2588.0
TEC-AC-10003753,Technology,Accessories,5,11,1133.031
TEC-AC-10003763,Technology,Accessories,3,8,247.0
TEC-AC-10003776,Technology,Accessories,6,17,634.0
TEC-AC-10003814,Technology,Accessories,3,13,783.602
TEC-AC-10003824,Technology,Accessories,5,13,316.0
TEC-AC-10003832,Technology,Accessories,18,75,4002.208
TEC-AC-10003851,Technology,Accessories,7,23,1019.0
TEC-AC-10003857,Technology,Accessories,10,32,1361.0
TEC-AC-10003861,Technology,Accessories,3,8,541.0
TEC-AC-10003870,Technology,Accessories,4,17,994.62
TEC-AC-10003873,Technology,Accessories,1,1,30.0
TEC-AC-10003889,Technology,Accessories,6,19,615.0
TEC-AC-10003895,Technology,Accessories,8,38,1313.0
TEC-AC-10003904,Technology,Accessories,4,7,572.0
TEC-AC-10003911,Technology,Accessories,5,18,1601.024
TEC-AC-10003920,Technology,Accessories,2,5,210.0
TEC-AC-10003921,Technology,Accessories,1,14,463.0
TEC-AC-10003927,Technology,Accessories,8,26,866.0
TEC-AC-10003947,Technology,Accessories,1,6,489.0
TEC-AC-10003951,Technology,Accessories,7,29,1004.0
TEC-AC-10003955,Technology,Accessories,10,50,4362.253
TEC-AC-10003964,Technology,Accessories,8,21,538.0
TEC-AC-10003969,Technology,Accessories,1,2,225.0
TEC-AC-10003970,Technology,Accessories,6,21,672.0
TEC-AC-10003987,Technology,Accessories,1,2,57.0
TEC-AC-10003989,Technology,Accessories,4,19,673.0
TEC-AC-10004001,Technology,Accessories,2,10,387.0
TEC-AC-10004012,Technology,Accessories,12,47,1608.0
TEC-AC-10004016,Technology,Accessories,6,23,575.0
TEC-AC-10004018,Technology,Accessories,1,8,901.0
TEC-AC-10004043,Technology,Accessories,11,40,1146.0
TEC-AC-10004044,Technology,Accessories,7,26,595.0
TEC-AC-10004051,Technology,Accessories,2,10,287.0
TEC-AC-10004054,Technology,Accessories,10,32,2698.0
TEC-AC-10004068,Technology,Accessories,3,10,819.0
TEC-AC-10004070,Technology,Accessories,4,12,1734.239
TEC-AC-10004081,Technology,Accessories,6,19,1019.0
TEC-AC-10004094,Technology,Accessories,1,2,44.0
TEC-AC-10004102,Technology,Accessories,1,1,19.0
TEC-AC-10004108,Technology,Accessories,4,29,6.259
TEC-AC-10004114,Technology,Accessories,2,10,361.0
TEC-AC-10004117,Technology,Accessories,3,16,512.0
TEC-AC-10004127,Technology,Accessories,1,4,27.0
TEC-AC-10004144,Technology,Accessories,2,12,528.0
TEC-AC-10004145,Technology,Accessories,5,31,506.9
TEC-AC-10004171,Technology,Accessories,7,31,2687.0
TEC-AC-10004188,Technology,Accessories,4,11,488.0
TEC-AC-10004195,Technology,Accessories,3,11,356.0
TEC-AC-10004196,Technology,Accessories,2,4,368.0
TEC-AC-10004203,Technology,Accessories,7,32,811.0
TEC-AC-10004209,Technology,Accessories,5,14,136.0
TEC-AC-10004221,Technology,Accessories,2,5,504.0
TEC-AC-10004227,Technology,Accessories,7,31,330.0
TEC-AC-10004241,Technology,Accessories,7,26,1055.0
TEC-AC-10004249,Technology,Accessories,4,27,680.0
TEC-AC-10004252,Technology,Accessories,3,7,236.0
TEC-AC-10004269,Technology,Accessories,6,28,2588.0
TEC-AC-10004289,Technology,Accessories,3,8,587.0
TEC-AC-10004306,Technology,Accessories,5,18,923.0
TEC-AC-10004317,Technology,Accessories,3,16,850.0
TEC-AC-10004334,Technology,Accessories,9,26,2296.471
TEC-AC-10004341,Technology,Accessories,3,7,287.0
TEC-AC-10004353,Technology,Accessories,7,21,1109.0
TEC-AC-10004379,Technology,Accessories,9,41,808.0
TEC-AC-10004393,Technology,Accessories,2,8,348.0
TEC-AC-10004396,Technology,Accessories,3,12,175.0
TEC-AC-10004406,Technology,Accessories,1,2,143.0
TEC-AC-10004414,Technology,Accessories,5,18,1480.454
TEC-AC-10004420,Technology,Accessories,1,4,480.0
TEC-AC-10004429,Technology,Accessories,6,17,837.0
TEC-AC-10004434,Technology,Accessories,7,23,454.0
TEC-AC-10004451,Technology,Accessories,7,27,680.0
TEC-AC-10004469,Technology,Accessories,10,42,1576.0
TEC-AC-10004478,Technology,Accessories,2,11,578.0
TEC-AC-10004487,Technology,Accessories,3,19,979.441
TEC-AC-10004508,Technology,Accessories,5,16,885.0
TEC-AC-10004510,Technology,Accessories,12,50,777.0
TEC-AC-10004518,Technology,Accessories,2,14,280.0
TEC-AC-10004520,Technology,Accessories,5,19,558.0
TEC-AC-10004539,Technology,Accessories,3,11,200.0
TEC-AC-10004556,Technology,Accessories,3,11,1275.0
TEC-AC-10004557,Technology,Accessories,5,19,559.0
TEC-AC-10004562,Technology,Accessories,5,24,992.0
TEC-AC-10004566,Technology,Accessories,7,31,919.0
TEC-AC-10004568,Technology,Accessories,8,41,1087.0
TEC-AC-10004571,Technology,Accessories,12,35,3511.244
TEC-AC-10004586,Technology,Accessories,3,15,609.0
TEC-AC-10004591,Technology,Accessories,5,18,1716.0
TEC-AC-10004595,Technology,Accessories,2,4,571.0
TEC-AC-10004604,Technology,Accessories,1,2,46.0
TEC-AC-10004620,Technology,Accessories,7,27,646.0
TEC-AC-10004626,Technology,Accessories,9,29,3592.026
TEC-AC-10004633,Technology,Accessories,6,30,185.0
TEC-AC-10004652,Technology,Accessories,10,28,818.0
TEC-AC-10004659,Technology,Accessories,6,32,1928.0
TEC-AC-10004666,Technology,Accessories,2,10,828.929
TEC-AC-10004679,Technology,Accessories,6,23,865.0
TEC-AC-10004683,Technology,Accessories,1,2,36.0
TEC-AC-10004696,Technology,Accessories,1,2,37.0
TEC-AC-10004704,Technology,Accessories,13,51,2246.0
TEC-AC-10004708,Technology,Accessories,4,12,252.0
TEC-AC-10004709,Technology,Accessories,7,29,829.0
TEC-AC-10004713,Technology,Accessories,4,15,217.0
TEC-AC-10004715,Technology,Accessories,1,3,21.0
TEC-AC-10004743,Technology,Accessories,8,32,5115.0
TEC-AC-10004752,Technology,Accessories,3,9,397.0
TEC-AC-10004753,Technology,Accessories,3,14,1073.0
TEC-AC-10004761,Technology,Accessories,4,17,264.0
TEC-AC-10004773,Technology,Accessories,4,13,276.0
TEC-AC-10004791,Technology,Accessories,2,5,403.0
TEC-AC-10004801,Technology,Accessories,3,8,140.0
TEC-AC-10004803,Technology,Accessories,3,18,251.0
TEC-AC-10004808,Technology,Accessories,5,19,2905.708
TEC-AC-10004811,Technology,Accessories,2,5,148.0
TEC-AC-10004812,Technology,Accessories,1,2,19.0
TEC-AC-10004813,Technology,Accessories,6,29,2030.0
TEC-AC-10004814,Technology,Accessories,1,3,171.0
TEC-AC-10004848,Technology,Accessories,6,23,2177.0
TEC-AC-10004849,Technology,Accessories,4,13,1807.547
TEC-AC-10004853,Technology,Accessories,8,29,1833.0
TEC-AC-10004855,Technology,Accessories,4,16,462.0
TEC-AC-10004859,Technology,Accessories,4,24,374.0
TEC-AC-10004864,Technology,Accessories,5,12,380.0
TEC-AC-10004877,Technology,Accessories,5,23,156.0
TEC-AC-10004880,Technology,Accessories,5,18,1258.0
TEC-AC-10004883,Technology,Accessories,9,25,1989.0
TEC-AC-10004897,Technology,Accessories,3,13,814.0
TEC-AC-10004901,Technology,Accessories,4,13,550.0
TEC-AC-10004904,Technology,Accessories,1,2,76.0
TEC-AC-10004938,Technology,Accessories,10,52,2053.044
TEC-AC-10004939,Technology,Accessories,4,17,290.0
TEC-AC-10004951,Technology,Accessories,6,22,333.0
TEC-AC-10004975,Technology,Accessories,13,54,2180.1
TEC-AC-10004992,Technology,Accessories,2,6,202.0
TEC-AC-10004997,Technology,Accessories,5,17,1883.0
TEC-APP-10000135,Technology,Phones,3,3,195.0
TEC-APP-10000308,Technology,Phones,9,21,2298.652
TEC-APP-10000530,Technology,Phones,1,1,50.0
TEC-APP-10001108,Technology,Phones,4,10,682.0
TEC-APP-10001340,Technology,Phones,5,12,748.0
TEC-APP-10001389,Technology,Phones,8,12,1887.0
TEC-APP-10001586,Technology,Phones,8,41,1767.208
TEC-APP-10001732,Technology,Phones,3,3,228.0
TEC-APP-10001851,Technology,Phones,5,6,307.0
TEC-APP-10001965,Technology,Phones,5,19,1179.0
TEC-APP-10002310,Technology,Phones,4,8,450.0
TEC-APP-10002321,Technology,Phones,5,17,1242.0
TEC-APP-10002829,Technology,Phones,4,6,1008.0
TEC-APP-10002966,Technology,Phones,6,20,1287.4750000000001
TEC-APP-10003032,Technology,Phones,4,10,1698.0
TEC-APP-10003588,Technology,Phones,2,9,56.093
TEC-APP-10004049,Technology,Phones,7,11,908.0
TEC-APP-10004296,Technology,Phones,3,5,399.0
TEC-APP-10004464,Technology,Phones,4,5,602.0
TEC-APP-10004469,Technology,Phones,3,4,461.0
TEC-APP-10004584,Technology,Phones,5,20,626.0
TEC-APP-10004657,Technology,Phones,4,6,1274.546
TEC-APP-10004912,Technology,Phones,7,16,1454.0
TEC-BEL-10000485,Technology,Accessories,5,11,637.0
TEC-BEL-10000681,Technology,Accessories,6,14,574.0
TEC-BEL-10000696,Technology,Accessories,4,5,152.0
TEC-BEL-10001189,Technology,Accessories,2,2,360.0
TEC-BEL-10001391,Technology,Accessories,3,4,223.0
TEC-BEL-10001689,Technology,Accessories,1,1,260.0
TEC-BEL-10001971,Technology,Accessories,5,13,522.0
TEC-BEL-10002106,Technology,Accessories,5,12,1057.0
TEC-BEL-10002153,Technology,Accessories,1,1,13.0
TEC-BEL-10002178,Technology,Accessories,2,5,217.0
TEC-BEL-10002207,Technology,Accessories,4,7,725.0
TEC-BEL-10002324,Technology,Accessories,5,16,873.0
TEC-BEL-10002476,Technology,Accessories,4,7,778.0350000000001
TEC-BEL-10002516,Technology,Accessories,4,7,257.0
TEC-BEL-10002678,Technology,Accessories,5,12,710.0
TEC-BEL-10003177,Technology,Accessories,9,29,1881.0
TEC-BEL-10003311,Technology,Accessories,2,4,218.0
TEC-BEL-10003875,Technology,Accessories,4,11,1140.0
TEC-BEL-10003896,Technology,Accessories,7,18,648.0
TEC-BEL-10003985,Technology,Accessories,10,25,3136.554
TEC-BEL-10004162,Technology,Accessories,2,8,319.0
TEC-BEL-10004386,Technology,Accessories,3,7,371.0
TEC-BEL-10004950,Technology,Accessories,6,21,1137.0
TEC-BRO-10000348,Technology,Copiers,2,3,787.0
TEC-BRO-10000374,Technology,Copiers,4,18,884.768
TEC-BRO-10000381,Technology,Copiers,3,5,497.0
TEC-BRO-10000463,Technology,Copiers,7,15,2215.582
TEC-BRO-10000663,Technology,Copiers,4,7,1003.0
TEC-BRO-10000773,Technology,Copiers,3,5,536.0
TEC-BRO-10000917,Technology,Copiers,3,5,1590.0
TEC-BRO-10001293,Technology,Copiers,3,3,429.0
TEC-BRO-10001568,Technology,Copiers,3,4,1513.0
TEC-BRO-10001852,Technology,Copiers,1,1,76.0
TEC-BRO-10001938,Technology,Copiers,3,3,905.0
TEC-BRO-10002103,Technology,Copiers,4,14,596.487
TEC-BRO-10002345,Technology,Copiers,3,7,1029.0
TEC-BRO-10002579,Technology,Copiers,1,1,105.0
TEC-BRO-10003380,Technology,Copiers,4,5,1145.0
TEC-BRO-10003401,Technology,Copiers,4,5,589.0
TEC-BRO-10003555,Technology,Copiers,5,7,816.0
TEC-BRO-10003876,Technology,Copiers,3,5,1593.0
TEC-BRO-10003986,Technology,Copiers,7,13,1673.0
TEC-BRO-10004178,Technology,Copiers,3,6,759.515
TEC-BRO-10004184,Technology,Copiers,1,6,913.0
TEC-BRO-10004328,Technology,Copiers,5,5,1376.0
TEC-BRO-10004802,Technology,Copiers,5,15,1586.167
TEC-CAN-10000030,Technology,Copiers,2,3,287.0
TEC-CAN-10000932,Technology,Copiers,3,10,577.279
TEC-CAN-10001256,Technology,Copiers,1,1,151.0
TEC-CAN-10001376,Technology,Copiers,1,1,190.0
TEC-CAN-10001378,Technology,Copiers,3,11,424.128
TEC-CAN-10001437,Technology,Copiers,6,26,1296.33
TEC-CAN-10001571,Technology,Copiers,1,4,571.0
TEC-CAN-10001789,Technology,Copiers,3,3,446.0
TEC-CAN-10001853,Technology,Copiers,4,21,955.699
TEC-CAN-10001981,Technology,Copiers,3,4,581.0
TEC-CAN-10002337,Technology,Copiers,2,2,298.0
TEC-CAN-10002363,Technology,Copiers,5,11,1337.272
TEC-CAN-10002802,Technology,Copiers,2,3,227.0
TEC-CAN-10002843,Technology,Copiers,5,13,1454.0
TEC-CAN-10002879,Technology,Copiers,6,10,1926.0
TEC-CAN-10003392,Technology,Copiers,3,11,793.109
TEC-CAN-10004166,Technology,Copiers,4,6,864.0
TEC-CAN-10004214,Technology,Copiers,3,4,772.0
TEC-CAN-10004291,Technology,Copiers,5,11,2650.513
TEC-CAN-10004354,Technology,Copiers,5,10,1383.0
TEC-CAN-10004556,Technology,Copiers,3,9,1052.0
TEC-CAN-10004697,Technology,Copiers,3,4,649.0
TEC-CAN-10004839,Technology,Copiers,3,9,344.281
TEC-CAN-10004913,Technology,Copiers,4,9,630.573
TEC-CIS-10000351,Technology,Phones,2,3,464.0
TEC-CIS-10000436,Technology,Phones,7,15,1980.0
TEC-CIS-10000758,Technology,Phones,4,7,1961.6109999999999
TEC-CIS-10000791,Technology,Phones,4,13,698.467
TEC-CIS-10001122,Technology,Phones,7,10,1124.0
TEC-CIS-10001661,Technology,Phones,4,10,1307.0
TEC-CIS-10001717,Technology,Phones,5,11,1508.187
TEC-CIS-10001767,Technology,Phones,3,5,359.0
TEC-CIS-10001877,Technology,Phones,7,13,851.0
TEC-CIS-10001938,Technology,Phones,5,13,657.457
TEC-CIS-10002153,Technology,Phones,5,6,1110.0
TEC-CIS-10002259,Technology,Phones,11,33,2419.858
TEC-CIS-10002344,Technology,Phones,8,24,860.332
TEC-CIS-10002544,Technology,Phones,2,9,808.0
TEC-CIS-10002565,Technology,Phones,5,6,658.0
TEC-CIS-10002598,Technology,Phones,7,9,1529.0
TEC-CIS-10002814,Technology,Phones,3,7,246.0
TEC-CIS-10002986,Technology,Phones,3,6,847.0
TEC-CIS-10003017,Technology,Phones,7,24,2703.0
TEC-CIS-10003103,Technology,Phones,7,21,830.0
TEC-CIS-10003439,Technology,Phones,6,16,1417.0
TEC-CIS-10003501,Technology,Phones,4,15,582.531
TEC-CIS-10003676,Technology,Phones,9,18,1591.0
TEC-CIS-10004967,Technology,Phones,3,5,353.0
TEC-CO-10000011,Technology,Copiers,5,16,1836.0
TEC-CO-10000013,Technology,Copiers,8,39,3559.327
TEC-CO-10000043,Technology,Copiers,4,9,1738.0
TEC-CO-10000051,Technology,Copiers,3,13,1190.902
TEC-CO-10000070,Technology,Copiers,5,17,1320.624
TEC-CO-10000082,Technology,Copiers,4,21,1253.473
TEC-CO-10000119,Technology,Copiers,2,3,874.0
TEC-CO-10000129,Technology,Copiers,6,15,1575.158
TEC-CO-10000135,Technology,Copiers,4,18,1671.623
TEC-CO-10000137,Technology,Copiers,9,42,2029.838
TEC-CO-10000172,Technology,Copiers,4,16,1837.0
TEC-CO-10000178,Technology,Copiers,5,23,2720.0
TEC-CO-10000208,Technology,Copiers,4,16,5.788
TEC-CO-10000222,Technology,Copiers,5,19,2014.0
TEC-CO-10000228,Technology,Copiers,3,11,1458.0
TEC-CO-10000243,Technology,Copiers,1,2,229.0
TEC-CO-10000259,Technology,Copiers,2,9,1194.0
TEC-CO-10000262,Technology,Copiers,5,20,1802.0
TEC-CO-10000263,Technology,Copiers,3,9,641.63
TEC-CO-10000266,Technology,Copiers,7,28,2945.228
TEC-CO-10000269,Technology,Copiers,7,22,2692.0
TEC-CO-10000270,Technology,Copiers,4,14,2070.004
TEC-CO-10000279,Technology,Copiers,1,3,427.0
TEC-CO-10000296,Technology,Copiers,6,21,2616.0
TEC-CO-10000338,Technology,Copiers,5,12,2149.0
TEC-CO-10000344,Technology,Copiers,4,14,941.22
TEC-CO-10000372,Technology,Copiers,6,16,1510.0
TEC-CO-10000387,Technology,Copiers,3,7,982.0
TEC-CO-10000388,Technology,Copiers,6,18,1066.128
TEC-CO-10000395,Technology,Copiers,4,16,2130.064
TEC-CO-10000405,Technology,Copiers,7,17,4135.081
TEC-CO-10000407,Technology,Copiers,2,6,207.209
TEC-CO-10000415,Technology,Copiers,2,10,1487.0
TEC-CO-10000422,Technology,Copiers,5,15,1175.0
TEC-CO-10000427,Technology,Copiers,5,11,2408.0
TEC-CO-10000447,Technology,Copiers,6,31,769.769
TEC-CO-10000452,Technology,Copiers,5,19,2604.584
TEC-CO-10000500,Technology,Copiers,5,15,2672.0
TEC-CO-10000534,Technology,Copiers,5,24,2178.122
TEC-CO-10000556,Technology,Copiers,5,19,1335.747
TEC-CO-10000560,Technology,Copiers,6,23,871.2180000000001
TEC-CO-10000562,Technology,Copiers,5,19,1624.462
TEC-CO-10000565,Technology,Copiers,3,6,1022.0
TEC-CO-10000594,Technology,Copiers,4,14,1490.157
TEC-CO-10000601,Technology,Copiers,2,12,1061.0
TEC-CO-10000620,Technology,Copiers,8,20,4863.892
TEC-CO-10000660,Technology,Copiers,12,40,4396.426
TEC-CO-10000663,Technology,Copiers,4,20,898.92
TEC-CO-10000666,Technology,Copiers,6,26,3636.161
TEC-CO-10000679,Technology,Copiers,10,41,4479.282
TEC-CO-10000764,Technology,Copiers,4,14,1921.152
TEC-CO-10000771,Technology,Copiers,4,16,1010.216
TEC-CO-10000775,Technology,Copiers,3,16,1392.003
TEC-CO-10000777,Technology,Copiers,1,3,429.0
TEC-CO-10000778,Technology,Copiers,9,19,3126.0
TEC-CO-10000786,Technology,Copiers,5,10,2768.0
TEC-CO-10000791,Technology,Copiers,8,35,2347.32
TEC-CO-10000794,Technology,Copiers,6,28,1520.095
TEC-CO-10000821,Technology,Copiers,3,9,1213.0
TEC-CO-10000825,Technology,Copiers,4,15,2001.0
TEC-CO-10000847,Technology,Copiers,2,8,1027.0
TEC-CO-10000854,Technology,Copiers,3,22,579.596
TEC-CO-10000865,Technology,Copiers,5,24,1227.385
TEC-CO-10000887,Technology,Copiers,4,12,2000.0
TEC-CO-10000915,Technology,Copiers,5,15,1426.0
TEC-CO-10000917,Technology,Copiers,8,22,3455.0
TEC-CO-10000953,Technology,Copiers,4,11,2667.081
TEC-CO-10000956,Technology,Copiers,9,29,4165.0
TEC-CO-10000961,Technology,Copiers,1,4,280.0
TEC-CO-10000967,Technology,Copiers,5,16,1952.4
TEC-CO-10000971,Technology,Copiers,6,16,2701.5
TEC-CO-10000972,Technology,Copiers,5,25,2072.0190000000002
TEC-CO-10001001,Technology,Copiers,3,18,1235.395
TEC-CO-10001008,Technology,Copiers,6,30,1726.018
TEC-CO-10001037,Technology,Copiers,9,27,2559.0
TEC-CO-10001040,Technology,Copiers,4,10,874.0
TEC-CO-10001042,Technology,Copiers,5,16,1731.0
TEC-CO-10001046,Technology,Copiers,5,16,1407.56
TEC-CO-10001087,Technology,Copiers,3,14,1386.0
TEC-CO-10001093,Technology,Copiers,1,3,247.0
TEC-CO-10001142,Technology,Copiers,1,3,441.0
TEC-CO-10001145,Technology,Copiers,3,6,812.0
TEC-CO-10001157,Technology,Copiers,6,27,1791.1019999999999
TEC-CO-10001162,Technology,Copiers,6,15,3378.893
TEC-CO-10001166,Technology,Copiers,6,19,2210.0
TEC-CO-10001177,Technology,Copiers,6,19,1994.0
TEC-CO-10001191,Technology,Copiers,3,16,907.604
TEC-CO-10001192,Technology,Copiers,6,29,2245.115
TEC-CO-10001196,Technology,Copiers,1,4,768.0
TEC-CO-10001204,Technology,Copiers,6,23,3497.927
TEC-CO-10001221,Technology,Copiers,7,25,2903.0
TEC-CO-10001222,Technology,Copiers,5,17,996.371
TEC-CO-10001234,Technology,Copiers,8,28,2921.751
TEC-CO-10001264,Technology,Copiers,5,21,2076.0
TEC-CO-10001271,Technology,Copiers,1,2,64.0
TEC-CO-10001275,Technology,Copiers,1,7,890.0
TEC-CO-10001301,Technology,Copiers,1,2,287.0
TEC-CO-10001309,Technology,Copiers,8,28,4604.771
TEC-CO-10001317,Technology,Copiers,1,2,354.0
TEC-CO-10001342,Technology,Copiers,4,19,977.272
TEC-CO-10001343,Technology,Copiers,1,2,636.0
TEC-CO-10001352,Technology,Copiers,4,10,1136.0
TEC-CO-10001371,Technology,Copiers,3,5,515.0
TEC-CO-10001375,Technology,Copiers,5,19,1651.165
TEC-CO-10001382,Technology,Copiers,4,15,1839.0
TEC-CO-10001391,Technology,Copiers,3,6,630.0
TEC-CO-10001407,Technology,Copiers,7,22,3041.0
TEC-CO-10001410,Technology,Copiers,10,33,4295.0
TEC-CO-10001413,Technology,Copiers,4,11,1138.028
TEC-CO-10001419,Technology,Copiers,5,21,1858.0700000000002
TEC-CO-10001425,Technology,Copiers,2,6,698.0
TEC-CO-10001445,Technology,Copiers,2,10,283.129
TEC-CO-10001449,Technology,Copiers,8,38,1936.92
TEC-CO-10001450,Technology,Copiers,3,10,562.0
TEC-CO-10001468,Technology,Copiers,7,21,2753.27
TEC-CO-10001472,Technology,Copiers,5,18,2503.195
TEC-CO-10001482,Technology,Copiers,3,11,1349.0
TEC-CO-10001487,Technology,Copiers,3,8,1101.0
TEC-CO-10001501,Technology,Copiers,4,12,1130.068
TEC-CO-10001523,Technology,Copiers,2,7,1195.0
TEC-CO-10001531,Technology,Copiers,2,4,573.0
TEC-CO-10001560,Technology,Copiers,2,3,300.0
TEC-CO-10001567,Technology,Copiers,6,15,3497.0
TEC-CO-10001571,Technology,Copiers,7,10,4400.0
TEC-CO-10001580,Technology,Copiers,6,19,1623.0
TEC-CO-10001589,Technology,Copiers,4,15,761.0319999999999
TEC-CO-10001595,Technology,Copiers,7,18,3086.0
TEC-CO-10001596,Technology,Copiers,5,15,1410.898
TEC-CO-10001626,Technology,Copiers,6,20,1637.887
TEC-CO-10001628,Technology,Copiers,10,45,5090.0
TEC-CO-10001629,Technology,Copiers,1,2,241.0
TEC-CO-10001630,Technology,Copiers,4,11,1461.0
TEC-CO-10001633,Technology,Copiers,8,32,3605.775
TEC-CO-10001654,Technology,Copiers,6,27,2268.221
TEC-CO-10001674,Technology,Copiers,5,9,829.0
TEC-CO-10001678,Technology,Copiers,3,10,1592.591
TEC-CO-10001703,Technology,Copiers,8,25,5116.0
TEC-CO-10001725,Technology,Copiers,2,10,967.0
TEC-CO-10001726,Technology,Copiers,5,16,2331.0
TEC-CO-10001741,Technology,Copiers,1,2,521.0
TEC-CO-10001742,Technology,Copiers,5,17,2370.0
TEC-CO-10001756,Technology,Copiers,9,19,1669.0
TEC-CO-10001766,Technology,Copiers,7,29,1819.101
TEC-CO-10001775,Technology,Copiers,6,22,1820.848
TEC-CO-10001787,Technology,Copiers,4,16,1324.383
TEC-CO-10001795,Technology,Copiers,3,14,1477.0
TEC-CO-10001818,Technology,Copiers,13,56,4346.205
TEC-CO-10001824,Technology,Copiers,4,8,648.0
TEC-CO-10001831,Technology,Copiers,3,6,905.0
TEC-CO-10001839,Technology,Copiers,4,20,1150.507
TEC-CO-10001846,Technology,Copiers,2,8,1113.0
TEC-CO-10001864,Technology,Copiers,1,6,524.0
TEC-CO-10001869,Technology,Copiers,1,2,379.0
TEC-CO-10001893,Technology,Copiers,7,18,3607.0
TEC-CO-10001894,Technology,Copiers,6,18,2454.221
TEC-CO-10001895,Technology,Copiers,4,23,1346.2069999999999
TEC-CO-10001919,Technology,Copiers,3,16,1705.703
TEC-CO-10001926,Technology,Copiers,4,19,1335.3229999999999
TEC-CO-10001933,Technology,Copiers,8,29,3849.19
TEC-CO-10001937,Technology,Copiers,2,4,504.0
TEC-CO-10001943,Technology,Copiers,6,25,2521.6
TEC-CO-10001952,Technology,Copiers,1,5,648.0
TEC-CO-10001954,Technology,Copiers,5,21,1289.341
TEC-CO-10001968,Technology,Copiers,7,20,1329.0
TEC-CO-10001978,Technology,Copiers,3,11,1399.0
TEC-CO-10002009,Technology,Copiers,7,21,3060.003
TEC-CO-10002035,Technology,Copiers,7,30,2465.802
TEC-CO-10002040,Technology,Copiers,8,32,1507.943
TEC-CO-10002043,Technology,Copiers,1,5,1.892
TEC-CO-10002055,Technology,Copiers,3,9,1224.0
TEC-CO-10002057,Technology,Copiers,6,17,3695.0
TEC-CO-10002062,Technology,Copiers,3,12,1026.0
TEC-CO-10002063,Technology,Copiers,6,19,3755.0
TEC-CO-10002065,Technology,Copiers,5,15,1964.0
TEC-CO-10002083,Technology,Copiers,2,3,291.0
TEC-CO-10002089,Technology,Copiers,5,15,1235.0
TEC-CO-10002095,Technology,Copiers,7,21,1707.2
TEC-CO-10002108,Technology,Copiers,4,24,2159.0
TEC-CO-10002110,Technology,Copiers,7,27,2361.0
TEC-CO-10002113,Technology,Copiers,7,33,1974.172
TEC-CO-10002119,Technology,Copiers,5,18,3067.922
TEC-CO-10002122,Technology,Copiers,1,6,1.917
TEC-CO-10002150,Technology,Copiers,6,17,3056.0
TEC-CO-10002157,Technology,Copiers,3,13,1816.894
TEC-CO-10002174,Technology,Copiers,7,30,2437.32
TEC-CO-10002197,Technology,Copiers,4,14,2245.0
TEC-CO-10002201,Technology,Copiers,4,12,871.0
TEC-CO-10002232,Technology,Copiers,5,30,974.188
TEC-CO-10002240,Technology,Copiers,4,8,2083.0
TEC-CO-10002242,Technology,Copiers,7,25,3166.543
TEC-CO-10002244,Technology,Copiers,6,22,2271.0
TEC-CO-10002269,Technology,Copiers,5,25,1978.487
TEC-CO-10002271,Technology,Copiers,5,23,2793.18
TEC-CO-10002283,Technology,Copiers,5,19,2728.641
TEC-CO-10002284,Technology,Copiers,8,26,3329.651
TEC-CO-10002313,Technology,Copiers,4,11,605.4
TEC-CO-10002316,Technology,Copiers,5,31,2329.415
TEC-CO-10002323,Technology,Copiers,1,6,781.0
TEC-CO-10002326,Technology,Copiers,3,5,1055.0
TEC-CO-10002350,Technology,Copiers,5,18,572.368
TEC-CO-10002376,Technology,Copiers,8,29,4672.503
TEC-CO-10002379,Technology,Copiers,3,17,788.298
TEC-CO-10002380,Technology,Copiers,5,17,1536.516
TEC-CO-10002381,Technology,Copiers,5,19,1708.0
TEC-CO-10002404,Technology,Copiers,3,8,1605.0
TEC-CO-10002423,Technology,Copiers,5,28,2679.0
TEC-CO-10002427,Technology,Copiers,7,23,2232.221
TEC-CO-10002434,Technology,Copiers,4,14,1630.0
TEC-CO-10002465,Technology,Copiers,1,4,968.0
TEC-CO-10002466,Technology,Copiers,3,17,2081.0
TEC-CO-10002467,Technology,Copiers,1,2,64.0
TEC-CO-10002493,Technology,Copiers,4,19,1843.0
TEC-CO-10002504,Technology,Copiers,4,8,1359.0
TEC-CO-10002523,Technology,Copiers,4,19,1709.0
TEC-CO-10002526,Technology,Copiers,6,26,232.88899999999998
TEC-CO-10002538,Technology,Copiers,1,2,232.0
TEC-CO-10002550,Technology,Copiers,2,6,688.0
TEC-CO-10002567,Technology,Copiers,1,3,154.0
TEC-CO-10002571,Technology,Copiers,4,13,1244.0
TEC-CO-10002578,Technology,Copiers,4,18,527.553
TEC-CO-10002583,Technology,Copiers,4,14,2699.0
TEC-CO-10002586,Technology,Copiers,6,28,2097.0
TEC-CO-10002587,Technology,Copiers,7,26,3567.0
TEC-CO-10002601,Technology,Copiers,8,33,1570.899
TEC-CO-10002617,Technology,Copiers,7,30,1478.848
TEC-CO-10002657,Technology,Copiers,6,20,2321.0389999999998
TEC-CO-10002658,Technology,Copiers,6,21,2813.0
TEC-CO-10002659,Technology,Copiers,3,17,762.159
TEC-CO-10002663,Technology,Copiers,1,8,2.847
TEC-CO-10002673,Technology,Copiers,4,12,2153.0
TEC-CO-10002674,Technology,Copiers,8,33,3330.501
TEC-CO-10002678,Technology,Copiers,1,4,1.508
TEC-CO-10002681,Technology,Copiers,1,4,297.0
TEC-CO-10002686,Technology,Copiers,3,7,1952.0
TEC-CO-10002696,Technology,Copiers,1,4,583.0
TEC-CO-10002697,Technology,Copiers,4,10,919.149
TEC-CO-10002700,Technology,Copiers,6,18,2048.0
TEC-CO-10002759,Technology,Copiers,10,21,2849.0
TEC-CO-10002768,Technology,Copiers,5,16,1957.173
TEC-CO-10002769,Technology,Copiers,6,16,3101.498
TEC-CO-10002788,Technology,Copiers,2,6,757.0
TEC-CO-10002796,Technology,Copiers,3,15,383.193
TEC-CO-10002812,Technology,Copiers,1,4,357.0
TEC-CO-10002817,Technology,Copiers,3,6,908.0
TEC-CO-10002857,Technology,Copiers,6,29,1889.202
TEC-CO-10002872,Technology,Copiers,2,6,891.0
TEC-CO-10002911,Technology,Copiers,4,19,2284.448
TEC-CO-10002916,Technology,Copiers,3,10,1359.0
TEC-CO-10002937,Technology,Copiers,6,14,1687.0
TEC-CO-10002962,Technology,Copiers,8,22,1328.753
TEC-CO-10002981,Technology,Copiers,2,8,897.075
TEC-CO-10002998,Technology,Copiers,6,22,1822.0
TEC-CO-10003002,Technology,Copiers,8,33,3125.0
TEC-CO-10003007,Technology,Copiers,4,7,750.0
TEC-CO-10003017,Technology,Copiers,3,12,1195.0
TEC-CO-10003019,Technology,Copiers,2,12,3.8009999999999997
TEC-CO-10003048,Technology,Copiers,4,14,1727.5230000000001
TEC-CO-10003083,Technology,Copiers,2,9,2.684
TEC-CO-10003087,Technology,Copiers,1,9,3.408
TEC-CO-10003102,Technology,Copiers,7,34,1324.232
TEC-CO-10003113,Technology,Copiers,3,10,645.442
TEC-CO-10003124,Technology,Copiers,4,14,2060.0
TEC-CO-10003135,Technology,Copiers,5,21,2344.0
TEC-CO-10003142,Technology,Copiers,9,40,2209.567
TEC-CO-10003158,Technology,Copiers,5,24,2416.605
TEC-CO-10003160,Technology,Copiers,10,38,3880.7799999999997
TEC-CO-10003166,Technology,Copiers,1,2,384.0
TEC-CO-10003204,Technology,Copiers,3,8,910.0
TEC-CO-10003212,Technology,Copiers,6,27,3244.135
TEC-CO-10003217,Technology,Copiers,1,2,757.0
TEC-CO-10003226,Technology,Copiers,1,2,637.0
TEC-CO-10003228,Technology,Copiers,4,17,978.423
TEC-CO-10003236,Technology,Copiers,2,7,963.0
TEC-CO-10003250,Technology,Copiers,5,19,2269.0
TEC-CO-10003262,Technology,Copiers,6,26,2972.3959999999997
TEC-CO-10003268,Technology,Copiers,3,6,968.0
TEC-CO-10003298,Technology,Copiers,4,13,1409.4180000000001
TEC-CO-10003307,Technology,Copiers,2,10,579.348
TEC-CO-10003318,Technology,Copiers,4,19,1717.0
TEC-CO-10003342,Technology,Copiers,8,40,1903.526
TEC-CO-10003346,Technology,Copiers,5,18,2520.014
TEC-CO-10003349,Technology,Copiers,2,4,636.0
TEC-CO-10003353,Technology,Copiers,5,19,1802.0
TEC-CO-10003354,Technology,Copiers,5,22,1056.287
TEC-CO-10003362,Technology,Copiers,4,12,1352.0
TEC-CO-10003370,Technology,Copiers,7,27,2060.0
TEC-CO-10003393,Technology,Copiers,5,27,2500.0
TEC-CO-10003406,Technology,Copiers,1,4,692.0
TEC-CO-10003410,Technology,Copiers,3,12,1659.0
TEC-CO-10003420,Technology,Copiers,2,9,472.649
TEC-CO-10003448,Technology,Copiers,10,38,2715.352
TEC-CO-10003471,Technology,Copiers,2,6,1166.0
TEC-CO-10003474,Technology,Copiers,5,16,1961.0
TEC-CO-10003496,Technology,Copiers,3,12,760.595
TEC-CO-10003506,Technology,Copiers,6,24,906.096
TEC-CO-10003516,Technology,Copiers,5,19,2146.0
TEC-CO-10003522,Technology,Copiers,4,15,1260.0
TEC-CO-10003523,Technology,Copiers,3,9,322.78999999999996
TEC-CO-10003525,Technology,Copiers,4,11,1064.0
TEC-CO-10003534,Technology,Copiers,4,12,433.553
TEC-CO-10003541,Technology,Copiers,6,19,2673.0
TEC-CO-10003561,Technology,Copiers,4,16,1711.1399999999999
TEC-CO-10003568,Technology,Copiers,1,2,130.0
TEC-CO-10003570,Technology,Copiers,5,16,2056.0879999999997
TEC-CO-10003574,Technology,Copiers,6,17,2208.0
TEC-CO-10003587,Technology,Copiers,2,8,923.0
TEC-CO-10003589,Technology,Copiers,4,12,2023.1979999999999
TEC-CO-10003597,Technology,Copiers,1,2,525.0
TEC-CO-10003608,Technology,Copiers,2,10,641.279
TEC-CO-10003622,Technology,Copiers,2,9,743.0
TEC-CO-10003633,Technology,Copiers,1,3,176.0
TEC-CO-10003655,Technology,Copiers,5,18,1714.518
TEC-CO-10003678,Technology,Copiers,9,35,2693.0
TEC-CO-10003682,Technology,Copiers,4,20,1175.116
TEC-CO-10003694,Technology,Copiers,8,28,2988.491
TEC-CO-10003702,Technology,Copiers,5,14,1702.0
TEC-CO-10003759,Technology,Copiers,5,13,2691.274
TEC-CO-10003763,Technology,Copiers,4,19,11.620000000000001
TEC-CO-10003777,Technology,Copiers,6,29,3744.3
TEC-CO-10003784,Technology,Copiers,4,18,2197.397
TEC-CO-10003800,Technology,Copiers,6,27,961.384
TEC-CO-10003807,Technology,Copiers,4,12,1380.0
TEC-CO-10003813,Technology,Copiers,1,4,302.0
TEC-CO-10003819,Technology,Copiers,6,24,3400.781
TEC-CO-10003901,Technology,Copiers,6,20,3089.693
TEC-CO-10003917,Technology,Copiers,3,23,1149.415
TEC-CO-10003924,Technology,Copiers,4,9,2372.0
TEC-CO-10003931,Technology,Copiers,12,40,5460.116
TEC-CO-10003951,Technology,Copiers,7,21,2233.68
TEC-CO-10003964,Technology,Copiers,6,18,2739.053
TEC-CO-10003965,Technology,Copiers,4,14,1842.0
TEC-CO-10003982,Technology,Copiers,10,33,3688.0
TEC-CO-10003992,Technology,Copiers,6,20,2542.0
TEC-CO-10004005,Technology,Copiers,6,22,2798.2110000000002
TEC-CO-10004027,Technology,Copiers,5,17,1990.674
TEC-CO-10004034,Technology,Copiers,5,16,1822.152
TEC-CO-10004042,Technology,Copiers,7,21,2051.303
TEC-CO-10004045,Technology,Copiers,1,3,441.0
TEC-CO-10004078,Technology,Copiers,7,34,1734.495
TEC-CO-10004081,Technology,Copiers,2,9,537.0
TEC-CO-10004089,Technology,Copiers,3,14,1208.097
TEC-CO-10004099,Technology,Copiers,3,16,4.282
TEC-CO-10004115,Technology,Copiers,4,17,6.4
TEC-CO-10004125,Technology,Copiers,6,22,2073.0
TEC-CO-10004128,Technology,Copiers,6,24,1541.027
TEC-CO-10004138,Technology,Copiers,1,2,249.0
TEC-CO-10004143,Technology,Copiers,3,8,869.0
TEC-CO-10004147,Technology,Copiers,5,26,1378.243
TEC-CO-10004152,Technology,Copiers,7,20,1577.0
TEC-CO-10004154,Technology,Copiers,10,32,5435.178
TEC-CO-10004169,Technology,Copiers,5,18,2271.0
TEC-CO-10004170,Technology,Copiers,7,19,2350.688
TEC-CO-10004171,Technology,Copiers,6,22,2464.0
TEC-CO-10004182,Technology,Copiers,2,5,1292.0
TEC-CO-10004185,Technology,Copiers,3,5,393.0
TEC-CO-10004191,Technology,Copiers,1,4,137.0
TEC-CO-10004202,Technology,Copiers,7,19,3661.2
TEC-CO-10004234,Technology,Copiers,3,11,849.483
TEC-CO-10004252,Technology,Copiers,3,12,1497.0
TEC-CO-10004263,Technology,Copiers,4,12,1566.0
TEC-CO-10004267,Technology,Copiers,5,19,1501.031
TEC-CO-10004306,Technology,Copiers,2,5,611.0
TEC-CO-10004325,Technology,Copiers,3,11,1569.0
TEC-CO-10004343,Technology,Copiers,1,4,868.0
TEC-CO-10004365,Technology,Copiers,3,15,727.702
TEC-CO-10004367,Technology,Copiers,3,13,1511.762
TEC-CO-10004377,Technology,Copiers,1,3,950.0
TEC-CO-10004394,Technology,Copiers,1,2,757.0
TEC-CO-10004398,Technology,Copiers,6,18,1769.213
TEC-CO-10004404,Technology,Copiers,3,17,475.934
TEC-CO-10004406,Technology,Copiers,1,8,627.0
TEC-CO-10004409,Technology,Copiers,1,5,253.0
TEC-CO-10004468,Technology,Copiers,3,6,1045.0
TEC-CO-10004481,Technology,Copiers,5,11,1130.0
TEC-CO-10004507,Technology,Copiers,6,17,2667.0
TEC-CO-10004521,Technology,Copiers,9,31,2397.0
TEC-CO-10004535,Technology,Copiers,6,23,1551.567
TEC-CO-10004558,Technology,Copiers,4,15,1352.0
TEC-CO-10004563,Technology,Copiers,6,25,2134.942
TEC-CO-10004567,Technology,Copiers,6,25,1782.08
TEC-CO-10004570,Technology,Copiers,3,15,1018.0
TEC-CO-10004589,Technology,Copiers,6,17,2056.006
TEC-CO-10004605,Technology,Copiers,3,12,1119.716
TEC-CO-10004649,Technology,Copiers,1,2,139.0
TEC-CO-10004662,Technology,Copiers,6,15,3054.285
TEC-CO-10004664,Technology,Copiers,2,9,125.166
TEC-CO-10004689,Technology,Copiers,4,13,1932.0
TEC-CO-10004690,Technology,Copiers,4,12,1054.437
TEC-CO-10004701,Technology,Copiers,4,19,1562.115
TEC-CO-10004722,Technology,Copiers,5,20,61.599999999999994
TEC-CO-10004756,Technology,Copiers,2,6,1564.0
TEC-CO-10004813,Technology,Copiers,1,6,890.0
TEC-CO-10004831,Technology,Copiers,8,30,4746.0
TEC-CO-10004897,Technology,Copiers,5,15,1430.644
TEC-CO-10004901,Technology,Copiers,3,9,989.0
TEC-CO-10004904,Technology,Copiers,2,10,1335.0
TEC-CO-10004928,Technology,Copiers,1,3,207.0
TEC-CO-10004929,Technology,Copiers,5,9,1083.0
TEC-CO-10004961,Technology,Copiers,3,8,1447.447
TEC-CO-10004976,Technology,Copiers,2,7,874.0
TEC-CO-10004981,Technology,Copiers,11,33,2617.344
TEC-CO-10004985,Technology,Copiers,2,5,351.0
TEC-CO-10004997,Technology,Copiers,8,29,1154.465
TEC-CO-10004998,Technology,Copiers,8,38,3778.2200000000003
TEC-ENE-10000154,Technology,Accessories,4,10,1034.55
TEC-ENE-10000235,Technology,Accessories,2,20,836.0
TEC-ENE-10000690,Technology,Accessories,4,10,544.0
TEC-ENE-10000817,Technology,Accessories,6,25,1014.0
TEC-ENE-10000895,Technology,Accessories,8,9,313.0
TEC-ENE-10000995,Technology,Accessories,5,10,940.0
TEC-ENE-10001355,Technology,Accessories,3,4,220.0
TEC-ENE-10001466,Technology,Accessories,4,5,560.0
TEC-ENE-10001541,Technology,Accessories,2,3,776.0
TEC-ENE-10002254,Technology,Accessories,6,8,620.0
TEC-ENE-10002686,Technology,Accessories,6,14,824.0
TEC-ENE-10002744,Technology,Accessories,1,4,230.0
TEC-ENE-10003090,Technology,Accessories,2,2,162.0
TEC-ENE-10003125,Technology,Accessories,6,11,413.0
TEC-ENE-10003801,Technology,Accessories,5,14,526.0
TEC-ENE-10003873,Technology,Accessories,3,11,631.0
TEC-ENE-10004052,Technology,Accessories,1,4,157.0
TEC-ENE-10004192,Technology,Accessories,5,7,475.0
TEC-ENE-10004236,Technology,Accessories,2,2,54.0
TEC-ENE-10004509,Technology,Accessories,2,2,520.0
TEC-ENE-10004520,Technology,Accessories,2,9,343.0
TEC-ENE-10004627,Technology,Accessories,5,11,1281.537
TEC-ENE-10004728,Technology,Accessories,5,6,325.0
TEC-ENE-10005000,Technology,Accessories,5,7,583.0
TEC-EPS-10000053,Technology,Machines,1,10,1.142
TEC-EPS-10000689,Technology,Machines,5,10,460.02
TEC-EPS-10000774,Technology,Machines,3,11,859.0
TEC-EPS-10001129,Technology,Machines,3,6,428.221
TEC-EPS-10001323,Technology,Machines,7,9,223.0
TEC-EPS-10001341,Technology,Machines,2,5,224.0
TEC-EPS-10001473,Technology,Machines,1,1,19.0
TEC-EPS-10001644,Technology,Machines,6,16,932.0
TEC-EPS-10001651,Technology,Machines,3,10,746.0
TEC-EPS-10002212,Technology,Machines,6,12,737.0
TEC-EPS-10002523,Technology,Machines,3,6,573.0
TEC-EPS-10002711,Technology,Machines,2,5,835.0
TEC-EPS-10002920,Technology,Machines,1,1,260.0
TEC-EPS-10002958,Technology,Machines,2,9,398.0
TEC-EPS-10003277,Technology,Machines,4,5,965.0
TEC-EPS-10003473,Technology,Machines,5,20,1523.0
TEC-EPS-10003568,Technology,Machines,4,6,702.0
TEC-EPS-10003962,Technology,Machines,7,18,2329.0
TEC-EPS-10004111,Technology,Machines,4,7,1079.0
TEC-EPS-10004171,Technology,Machines,5,21,367.0
TEC-EPS-10004328,Technology,Machines,4,7,606.051
TEC-EPS-10004558,Technology,Machines,6,17,1322.6799999999998
TEC-EPS-10004965,Technology,Machines,1,6,1.849
TEC-HEW-10000365,Technology,Copiers,6,8,1948.0
TEC-HEW-10000839,Technology,Copiers,4,4,1070.0
TEC-HEW-10000930,Technology,Copiers,6,15,1081.0
TEC-HEW-10001056,Technology,Copiers,1,1,147.0
TEC-HEW-10001074,Technology,Copiers,6,14,1705.57
TEC-HEW-10001558,Technology,Copiers,3,3,341.0
TEC-HEW-10001710,Technology,Copiers,3,8,1086.0
TEC-HEW-10001908,Technology,Copiers,2,3,309.0
TEC-HEW-10002302,Technology,Copiers,1,6,1.571
TEC-HEW-10002304,Technology,Copiers,2,7,319.909
TEC-HEW-10002435,Technology,Copiers,3,11,964.0
TEC-HEW-10002501,Technology,Copiers,3,6,832.0
TEC-HEW-10003260,Technology,Copiers,2,4,770.0
TEC-HEW-10003460,Technology,Copiers,3,12,779.554
TEC-HEW-10003531,Technology,Copiers,2,9,266.109
TEC-HEW-10003695,Technology,Copiers,4,11,915.038
TEC-HEW-10003829,Technology,Copiers,7,18,1517.298
TEC-HEW-10004172,Technology,Copiers,2,2,494.0
TEC-HEW-10004522,Technology,Copiers,6,12,1326.0
TEC-HEW-10004652,Technology,Copiers,4,11,1487.0
TEC-HEW-10004690,Technology,Copiers,4,14,2674.0
TEC-HEW-10004833,Technology,Copiers,5,11,1560.0
TEC-HEW-10004937,Technology,Copiers,3,3,768.0
TEC-HP -10000081,Technology,Copiers,4,8,794.0
TEC-HP -10000464,Technology,Copiers,4,9,940.0
TEC-HP -10001115,Technology,Copiers,1,2,257.0
TEC-HP -10001426,Technology,Copiers,4,8,930.0
TEC-HP -10001574,Technology,Copiers,3,12,243.0
TEC-HP -10001577,Technology,Copiers,3,4,827.0
TEC-HP -10001905,Technology,Copiers,4,5,471.0
TEC-HP -10002095,Technology,Copiers,5,5,1078.0
TEC-HP -10002221,Technology,Copiers,5,5,635.0
TEC-HP -10002307,Technology,Copiers,2,2,346.0
TEC-HP -10002603,Technology,Copiers,4,6,1462.0
TEC-HP -10003248,Technology,Copiers,6,8,1818.0
TEC-HP -10003345,Technology,Copiers,4,19,1267.027
TEC-HP -10003559,Technology,Copiers,1,1,360.0
TEC-HP -10003618,Technology,Copiers,5,12,1201.396
TEC-HP -10003894,Technology,Copiers,5,10,1945.441
TEC-HP -10004012,Technology,Copiers,3,9,1042.0
TEC-HP -10004082,Technology,Copiers,2,2,242.0
TEC-HP -10004149,Technology,Copiers,5,12,2735.0
TEC-HP -10004451,Technology,Copiers,2,5,283.0
TEC-HP -10004590,Technology,Copiers,5,6,1596.0
TEC-HP -10004801,Technology,Copiers,5,10,1224.0
TEC-HP -10004971,Technology,Copiers,1,2,217.0
TEC-KON-10000005,Technology,Machines,4,10,380.0
TEC-KON-10000091,Technology,Machines,3,4,167.0
TEC-KON-10000302,Technology,Machines,4,7,524.0
TEC-KON-10000562,Technology,Machines,5,23,1620.0
TEC-KON-10000837,Technology,Machines,3,6,376.072
TEC-KON-10001017,Technology,Machines,3,4,483.0
TEC-KON-10001388,Technology,Machines,5,7,1298.0
TEC-KON-10001507,Technology,Machines,5,20,1666.0
TEC-KON-10001519,Technology,Machines,2,3,150.0
TEC-KON-10001624,Technology,Machines,7,11,1346.0
TEC-KON-10002034,Technology,Machines,8,19,2323.0
TEC-KON-10002050,Technology,Machines,1,2,536.0
TEC-KON-10002052,Technology,Machines,4,7,721.254
TEC-KON-10002194,Technology,Machines,4,7,613.065
TEC-KON-10002309,Technology,Machines,2,3,721.0
TEC-KON-10002482,Technology,Machines,6,9,492.0
TEC-KON-10003077,Technology,Machines,2,2,104.0
TEC-KON-10003116,Technology,Machines,4,10,574.0
TEC-KON-10003211,Technology,Machines,3,5,1553.0
TEC-KON-10003726,Technology,Machines,4,4,473.0
TEC-KON-10004519,Technology,Machines,3,6,517.0
TEC-KON-10004735,Technology,Machines,2,10,1111.0
TEC-KON-10004774,Technology,Machines,5,10,1655.247
TEC-LOG-10000368,Technology,Accessories,3,9,288.0
TEC-LOG-10000546,Technology,Accessories,4,7,204.0
TEC-LOG-10001123,Technology,Accessories,2,6,248.0
TEC-LOG-10001137,Technology,Accessories,3,4,289.0
TEC-LOG-10001434,Technology,Accessories,2,4,203.0
TEC-LOG-10001482,Technology,Accessories,3,4,232.0
TEC-LOG-10001629,Technology,Accessories,3,6,185.0
TEC-LOG-10001750,Technology,Accessories,3,6,176.0
TEC-LOG-10001871,Technology,Accessories,3,5,941.0
TEC-LOG-10002018,Technology,Accessories,5,21,1052.012
TEC-LOG-10002218,Technology,Accessories,3,9,307.0
TEC-LOG-10002262,Technology,Accessories,3,5,116.0
TEC-LOG-10002431,Technology,Accessories,4,7,296.0
TEC-LOG-10002589,Technology,Accessories,5,12,1170.0
TEC-LOG-10003079,Technology,Accessories,3,4,73.0
TEC-LOG-10003254,Technology,Accessories,9,15,977.0
TEC-LOG-10003539,Technology,Accessories,6,13,203.0
TEC-LOG-10003634,Technology,Accessories,6,11,498.0
TEC-LOG-10003651,Technology,Accessories,4,7,1742.0
TEC-LOG-10003896,Technology,Accessories,4,10,981.471
TEC-LOG-10003995,Technology,Accessories,6,14,405.0
TEC-LOG-10004405,Technology,Accessories,4,13,1238.979
TEC-LOG-10004419,Technology,Accessories,4,11,242.0
TEC-LOG-10004917,Technology,Accessories,4,7,735.0
TEC-MA-10000002,Technology,Machines,7,36,1941.622
TEC-MA-10000003,Technology,Machines,2,8,652.0
TEC-MA-10000010,Technology,Machines,1,8,3.04
TEC-MA-10000029,Technology,Machines,2,4,280.0
TEC-MA-10000045,Technology,Machines,2,6,6.966
TEC-MA-10000087,Technology,Machines,1,3,96.0
TEC-MA-10000110,Technology,Machines,4,17,991.0
TEC-MA-10000112,Technology,Machines,1,10,2.396
TEC-MA-10000122,Technology,Machines,2,5,139.0
TEC-MA-10000124,Technology,Machines,2,13,232.273
TEC-MA-10000154,Technology,Machines,1,8,189.0
TEC-MA-10000161,Technology,Machines,9,48,2026.116
TEC-MA-10000170,Technology,Machines,2,8,647.0
TEC-MA-10000172,Technology,Machines,1,4,724.0
TEC-MA-10000199,Technology,Machines,1,4,747.0
TEC-MA-10000232,Technology,Machines,2,11,958.0
TEC-MA-10000240,Technology,Machines,2,4,838.0
TEC-MA-10000258,Technology,Machines,1,2,518.0
TEC-MA-10000261,Technology,Machines,5,22,778.0
TEC-MA-10000317,Technology,Machines,1,3,323.0
TEC-MA-10000327,Technology,Machines,6,24,1487.0
TEC-MA-10000331,Technology,Machines,8,30,3140.736
TEC-MA-10000334,Technology,Machines,3,12,1067.066
TEC-MA-10000345,Technology,Machines,3,12,863.0
TEC-MA-10000354,Technology,Machines,4,20,592.0
TEC-MA-10000366,Technology,Machines,1,1,111.0
TEC-MA-10000374,Technology,Machines,1,7,557.0
TEC-MA-10000379,Technology,Machines,1,2,104.0
TEC-MA-10000418,Technology,Machines,3,9,11.1
TEC-MA-10000423,Technology,Machines,3,12,205.0
TEC-MA-10000429,Technology,Machines,4,24,1381.523
TEC-MA-10000433,Technology,Machines,3,11,1841.533
TEC-MA-10000461,Technology,Machines,3,8,1711.0
TEC-MA-10000473,Technology,Machines,10,40,3286.0
TEC-MA-10000488,Technology,Machines,4,14,9.28
TEC-MA-10000555,Technology,Machines,4,14,2278.0
TEC-MA-10000559,Technology,Machines,3,10,569.0029999999999
TEC-MA-10000560,Technology,Machines,1,1,201.0
TEC-MA-10000572,Technology,Machines,2,6,766.0
TEC-MA-10000597,Technology,Machines,2,5,300.0
TEC-MA-10000605,Technology,Machines,4,15,2344.0
TEC-MA-10000606,Technology,Machines,8,38,2850.5370000000003
TEC-MA-10000684,Technology,Machines,2,4,162.0
TEC-MA-10000686,Technology,Machines,3,13,943.0
TEC-MA-10000687,Technology,Machines,6,16,664.0
TEC-MA-10000697,Technology,Machines,4,24,573.909
TEC-MA-10000711,Technology,Machines,1,4,89.0
TEC-MA-10000742,Technology,Machines,2,8,746.242
TEC-MA-10000752,Technology,Machines,2,8,42.0
TEC-MA-10000753,Technology,Machines,4,9,2066.0
TEC-MA-10000755,Technology,Machines,1,4,68.0
TEC-MA-10000765,Technology,Machines,2,11,812.0
TEC-MA-10000768,Technology,Machines,2,7,1064.0
TEC-MA-10000772,Technology,Machines,3,15,978.0
TEC-MA-10000776,Technology,Machines,2,6,314.0
TEC-MA-10000811,Technology,Machines,4,12,765.0
TEC-MA-10000822,Technology,Machines,4,18,16.83
TEC-MA-10000843,Technology,Machines,1,2,167.0
TEC-MA-10000858,Technology,Machines,1,2,530.0
TEC-MA-10000864,Technology,Machines,2,16,4.268
TEC-MA-10000868,Technology,Machines,2,9,598.0
TEC-MA-10000875,Technology,Machines,4,17,1728.508
TEC-MA-10000888,Technology,Machines,3,8,336.0
TEC-MA-10000904,Technology,Machines,1,3,342.0
TEC-MA-10000946,Technology,Machines,4,21,953.0
TEC-MA-10000964,Technology,Machines,1,3,148.0
TEC-MA-10000982,Technology,Machines,5,24,1649.764
TEC-MA-10000984,Technology,Machines,2,7,7.835000000000001
TEC-MA-10001009,Technology,Machines,4,17,1488.216
TEC-MA-10001015,Technology,Machines,3,8,1186.0
TEC-MA-10001016,Technology,Machines,2,6,576.0
TEC-MA-10001031,Technology,Machines,1,3,506.0
TEC-MA-10001047,Technology,Machines,2,11,14.3
TEC-MA-10001080,Technology,Machines,3,7,364.0
TEC-MA-10001098,Technology,Machines,2,9,343.196
TEC-MA-10001127,Technology,Machines,4,17,789.375
TEC-MA-10001128,Technology,Machines,1,2,194.0
TEC-MA-10001139,Technology,Machines,3,9,902.0
TEC-MA-10001142,Technology,Machines,4,23,2822.0
TEC-MA-10001148,Technology,Machines,5,22,1532.675
TEC-MA-10001187,Technology,Machines,2,7,244.0
TEC-MA-10001197,Technology,Machines,3,13,825.0
TEC-MA-10001210,Technology,Machines,5,18,881.0
TEC-MA-10001248,Technology,Machines,1,4,725.0
TEC-MA-10001259,Technology,Machines,1,3,897.0
TEC-MA-10001261,Technology,Machines,3,12,1341.687
TEC-MA-10001267,Technology,Machines,3,6,203.0
TEC-MA-10001279,Technology,Machines,2,10,503.0
TEC-MA-10001290,Technology,Machines,3,13,813.236
TEC-MA-10001296,Technology,Machines,2,2,62.0
TEC-MA-10001298,Technology,Machines,5,14,1360.0
TEC-MA-10001302,Technology,Machines,2,6,131.0
TEC-MA-10001305,Technology,Machines,3,11,871.0
TEC-MA-10001308,Technology,Machines,2,6,1153.0
TEC-MA-10001311,Technology,Machines,1,4,1.05
TEC-MA-10001330,Technology,Machines,2,4,414.0
TEC-MA-10001335,Technology,Machines,4,16,935.457
TEC-MA-10001358,Technology,Machines,2,9,582.0
TEC-MA-10001360,Technology,Machines,1,4,403.0
TEC-MA-10001372,Technology,Machines,4,6,989.0
TEC-MA-10001403,Technology,Machines,1,4,130.0
TEC-MA-10001411,Technology,Machines,1,2,19.0
TEC-MA-10001447,Technology,Machines,2,3,167.0
TEC-MA-10001475,Technology,Machines,3,10,1016.0
TEC-MA-10001494,Technology,Machines,4,11,1720.063
TEC-MA-10001527,Technology,Machines,1,5,202.0
TEC-MA-10001546,Technology,Machines,2,8,605.0
TEC-MA-10001569,Technology,Machines,2,9,718.0
TEC-MA-10001570,Technology,Machines,1,5,386.0
TEC-MA-10001598,Technology,Machines,1,5,348.0
TEC-MA-10001607,Technology,Machines,2,7,453.0
TEC-MA-10001622,Technology,Machines,2,12,1384.0
TEC-MA-10001624,Technology,Machines,2,5,344.0
TEC-MA-10001627,Technology,Machines,5,14,3548.0
TEC-MA-10001681,Technology,Machines,2,6,723.0
TEC-MA-10001695,Technology,Machines,1,6,704.0
TEC-MA-10001711,Technology,Machines,4,13,1029.0
TEC-MA-10001726,Technology,Machines,4,11,1094.0
TEC-MA-10001727,Technology,Machines,3,13,1553.0
TEC-MA-10001731,Technology,Machines,1,4,186.0
TEC-MA-10001752,Technology,Machines,2,8,483.608
TEC-MA-10001777,Technology,Machines,5,17,2312.86
TEC-MA-10001792,Technology,Machines,1,3,779.0
TEC-MA-10001811,Technology,Machines,2,9,1272.0
TEC-MA-10001825,Technology,Machines,3,6,178.0
TEC-MA-10001831,Technology,Machines,2,9,264.227
TEC-MA-10001832,Technology,Machines,1,4,141.0
TEC-MA-10001841,Technology,Machines,1,2,355.0
TEC-MA-10001856,Technology,Machines,1,2,649.0
TEC-MA-10001859,Technology,Machines,4,10,1790.0
TEC-MA-10001881,Technology,Machines,5,17,2663.0
TEC-MA-10001922,Technology,Machines,3,12,293.0
TEC-MA-10001934,Technology,Machines,3,7,1507.0
TEC-MA-10001940,Technology,Machines,1,2,211.0
TEC-MA-10001966,Technology,Machines,1,2,340.0
TEC-MA-10001972,Technology,Machines,5,12,3211.0
TEC-MA-10001991,Technology,Machines,3,11,488.0
TEC-MA-10002029,Technology,Machines,3,5,520.0
TEC-MA-10002039,Technology,Machines,5,17,705.0
TEC-MA-10002040,Technology,Machines,2,10,1160.0
TEC-MA-10002043,Technology,Machines,4,18,775.27
TEC-MA-10002055,Technology,Machines,1,2,93.0
TEC-MA-10002073,Technology,Machines,2,3,2.34
TEC-MA-10002080,Technology,Machines,3,6,910.0
TEC-MA-10002093,Technology,Machines,1,5,736.0
TEC-MA-10002109,Technology,Machines,2,4,450.0
TEC-MA-10002118,Technology,Machines,2,5,1007.0
TEC-MA-10002134,Technology,Machines,4,13,2727.128
TEC-MA-10002135,Technology,Machines,1,1,261.0
TEC-MA-10002148,Technology,Machines,3,17,791.678
TEC-MA-10002149,Technology,Machines,5,19,2203.0
TEC-MA-10002155,Technology,Machines,2,5,605.0
TEC-MA-10002165,Technology,Machines,1,3,138.0
TEC-MA-10002178,Technology,Machines,2,4,1392.0
TEC-MA-10002193,Technology,Machines,2,5,570.0
TEC-MA-10002195,Technology,Machines,3,6,650.0
TEC-MA-10002210,Technology,Machines,2,10,1213.0
TEC-MA-10002226,Technology,Machines,2,4,258.0
TEC-MA-10002242,Technology,Machines,1,3,108.0
TEC-MA-10002249,Technology,Machines,1,4,144.0
TEC-MA-10002263,Technology,Machines,1,2,166.0
TEC-MA-10002264,Technology,Machines,6,19,4001.066
TEC-MA-10002267,Technology,Machines,2,2,100.0
TEC-MA-10002268,Technology,Machines,1,3,278.0
TEC-MA-10002306,Technology,Machines,2,11,583.0
TEC-MA-10002316,Technology,Machines,3,11,190.211
TEC-MA-10002340,Technology,Machines,4,18,1062.086
TEC-MA-10002368,Technology,Machines,1,2,143.0
TEC-MA-10002389,Technology,Machines,4,22,2379.0
TEC-MA-10002392,Technology,Machines,4,18,1929.226
TEC-MA-10002412,Technology,Machines,1,6,22.638
TEC-MA-10002413,Technology,Machines,2,3,322.0
TEC-MA-10002424,Technology,Machines,2,6,224.0
TEC-MA-10002428,Technology,Machines,3,17,838.705
TEC-MA-10002435,Technology,Machines,6,18,1720.0
TEC-MA-10002459,Technology,Machines,1,2,423.0
TEC-MA-10002464,Technology,Machines,1,2,480.0
TEC-MA-10002468,Technology,Machines,4,26,7.1419999999999995
TEC-MA-10002471,Technology,Machines,3,16,1270.0
TEC-MA-10002520,Technology,Machines,4,19,1800.0
TEC-MA-10002521,Technology,Machines,3,8,1186.0
TEC-MA-10002525,Technology,Machines,1,3,45.0
TEC-MA-10002538,Technology,Machines,1,4,208.0
TEC-MA-10002571,Technology,Machines,2,6,346.0
TEC-MA-10002614,Technology,Machines,2,13,1066.0
TEC-MA-10002629,Technology,Machines,1,6,1.599
TEC-MA-10002633,Technology,Machines,2,3,648.0
TEC-MA-10002660,Technology,Machines,2,4,278.0
TEC-MA-10002680,Technology,Machines,5,18,3221.174
TEC-MA-10002686,Technology,Machines,4,13,1507.0
TEC-MA-10002694,Technology,Machines,1,2,102.0
TEC-MA-10002701,Technology,Machines,4,7,1778.0
TEC-MA-10002710,Technology,Machines,3,8,680.0
TEC-MA-10002711,Technology,Machines,3,13,1004.071
TEC-MA-10002712,Technology,Machines,2,7,1208.0
TEC-MA-10002722,Technology,Machines,1,2,156.0
TEC-MA-10002729,Technology,Machines,3,11,409.0
TEC-MA-10002771,Technology,Machines,5,21,2094.765
TEC-MA-10002779,Technology,Machines,5,15,1581.0
TEC-MA-10002780,Technology,Machines,3,11,943.826
TEC-MA-10002790,Technology,Machines,1,2,480.0
TEC-MA-10002827,Technology,Machines,3,8,1583.0
TEC-MA-10002844,Technology,Machines,6,15,1312.0
TEC-MA-10002859,Technology,Machines,2,11,918.0
TEC-MA-10002864,Technology,Machines,7,32,1435.0
TEC-MA-10002871,Technology,Machines,7,15,1687.0
TEC-MA-10002874,Technology,Machines,4,23,2370.0
TEC-MA-10002898,Technology,Machines,1,3,577.0
TEC-MA-10002910,Technology,Machines,3,16,3.463
TEC-MA-10002918,Technology,Machines,3,15,924.239
TEC-MA-10002927,Technology,Machines,1,2,3.992
TEC-MA-10002930,Technology,Machines,3,14,466.0
TEC-MA-10002931,Technology,Machines,6,28,2071.0
TEC-MA-10002937,Technology,Machines,1,3,1.008
TEC-MA-10002941,Technology,Machines,2,9,260.211
TEC-MA-10002952,Technology,Machines,1,9,230.0
TEC-MA-10002981,Technology,Machines,1,3,351.0
TEC-MA-10002989,Technology,Machines,1,2,141.0
TEC-MA-10002992,Technology,Machines,1,1,175.0
TEC-MA-10002998,Technology,Machines,4,18,1978.0
TEC-MA-10003066,Technology,Machines,1,3,337.0
TEC-MA-10003078,Technology,Machines,6,26,1257.5149999999999
TEC-MA-10003079,Technology,Machines,1,1,174.0
TEC-MA-10003084,Technology,Machines,2,11,1320.0
TEC-MA-10003101,Technology,Machines,4,12,2048.0
TEC-MA-10003112,Technology,Machines,2,4,298.0
TEC-MA-10003121,Technology,Machines,2,6,588.0
TEC-MA-10003146,Technology,Machines,2,5,1341.0
TEC-MA-10003154,Technology,Machines,1,1,264.0
TEC-MA-10003170,Technology,Machines,5,27,1108.0
TEC-MA-10003173,Technology,Machines,2,10,131.0
TEC-MA-10003176,Technology,Machines,3,4,1341.0
TEC-MA-10003178,Technology,Machines,2,9,977.0
TEC-MA-10003183,Technology,Machines,3,11,1344.0
TEC-MA-10003185,Technology,Machines,2,8,566.0
TEC-MA-10003198,Technology,Machines,6,23,1742.0
TEC-MA-10003223,Technology,Machines,4,11,1816.021
TEC-MA-10003230,Technology,Machines,1,3,1.363
TEC-MA-10003246,Technology,Machines,1,4,448.0
TEC-MA-10003251,Technology,Machines,1,3,169.0
TEC-MA-10003261,Technology,Machines,5,15,1142.0
TEC-MA-10003280,Technology,Machines,5,19,2141.0
TEC-MA-10003298,Technology,Machines,2,9,928.0
TEC-MA-10003314,Technology,Machines,2,13,893.0
TEC-MA-10003315,Technology,Machines,1,4,342.0
TEC-MA-10003326,Technology,Machines,5,18,1236.0
TEC-MA-10003329,Technology,Machines,1,3,72.0
TEC-MA-10003330,Technology,Machines,4,13,1511.0
TEC-MA-10003332,Technology,Machines,2,9,726.0
TEC-MA-10003337,Technology,Machines,1,3,180.0
TEC-MA-10003338,Technology,Machines,4,16,1083.0
TEC-MA-10003349,Technology,Machines,2,4,161.0
TEC-MA-10003351,Technology,Machines,4,19,1743.411
TEC-MA-10003353,Technology,Machines,1,7,2.52
TEC-MA-10003356,Technology,Machines,2,5,271.35
TEC-MA-10003361,Technology,Machines,1,3,212.0
TEC-MA-10003366,Technology,Machines,4,20,764.01
TEC-MA-10003390,Technology,Machines,1,2,143.0
TEC-MA-10003400,Technology,Machines,3,8,1421.0
TEC-MA-10003404,Technology,Machines,1,4,596.0
TEC-MA-10003422,Technology,Machines,1,3,28.0
TEC-MA-10003441,Technology,Machines,3,9,1477.131
TEC-MA-10003461,Technology,Machines,5,16,651.0
TEC-MA-10003471,Technology,Machines,3,8,328.0
TEC-MA-10003478,Technology,Machines,2,13,1307.0
TEC-MA-10003486,Technology,Machines,2,4,277.0
TEC-MA-10003492,Technology,Machines,7,27,1882.752
TEC-MA-10003493,Technology,Machines,1,1,91.0
TEC-MA-10003515,Technology,Machines,4,22,927.034
TEC-MA-10003536,Technology,Machines,1,4,195.0
TEC-MA-10003553,Technology,Machines,4,13,823.117
TEC-MA-10003557,Technology,Machines,8,27,2641.496
TEC-MA-10003558,Technology,Machines,7,22,920.0
TEC-MA-10003589,Technology,Machines,1,3,225.0
TEC-MA-10003607,Technology,Machines,4,23,2382.0
TEC-MA-10003624,Technology,Machines,3,8,846.252
TEC-MA-10003625,Technology,Machines,2,4,828.0
TEC-MA-10003626,Technology,Machines,2,6,1396.0
TEC-MA-10003630,Technology,Machines,1,4,90.0
TEC-MA-10003631,Technology,Machines,2,10,1538.0
TEC-MA-10003632,Technology,Machines,4,18,821.0
TEC-MA-10003673,Technology,Machines,1,5,3.405
TEC-MA-10003674,Technology,Machines,1,3,597.0
TEC-MA-10003682,Technology,Machines,1,2,167.0
TEC-MA-10003698,Technology,Machines,6,22,1794.0
TEC-MA-10003704,Technology,Machines,2,10,462.025
TEC-MA-10003730,Technology,Machines,1,2,216.0
TEC-MA-10003743,Technology,Machines,3,13,1334.281
TEC-MA-10003757,Technology,Machines,1,4,703.0
TEC-MA-10003773,Technology,Machines,1,5,869.0
TEC-MA-10003779,Technology,Machines,1,4,214.0
TEC-MA-10003780,Technology,Machines,4,15,2273.0
TEC-MA-10003787,Technology,Machines,3,8,2356.0
TEC-MA-10003796,Technology,Machines,3,8,332.0
TEC-MA-10003801,Technology,Machines,2,11,1767.0
TEC-MA-10003812,Technology,Machines,6,20,2654.132
TEC-MA-10003816,Technology,Machines,1,3,90.0
TEC-MA-10003856,Technology,Machines,3,6,262.0
TEC-MA-10003868,Technology,Machines,3,12,784.0
TEC-MA-10003885,Technology,Machines,1,3,157.0
TEC-MA-10003886,Technology,Machines,1,2,113.0
TEC-MA-10003909,Technology,Machines,2,7,173.0
TEC-MA-10003923,Technology,Machines,7,23,2712.0
TEC-MA-10003927,Technology,Machines,5,18,1029.923
TEC-MA-10003936,Technology,Machines,1,2,348.0
TEC-MA-10003953,Technology,Machines,1,6,1.227
TEC-MA-10003975,Technology,Machines,2,4,324.0
TEC-MA-10003979,Technology,Machines,2,11,7.7
TEC-MA-10003986,Technology,Machines,2,5,575.0
TEC-MA-10003990,Technology,Machines,1,14,643.0
TEC-MA-10003998,Technology,Machines,2,7,238.0
TEC-MA-10004002,Technology,Machines,3,14,270.522
TEC-MA-10004023,Technology,Machines,4,27,2166.0
TEC-MA-10004049,Technology,Machines,2,5,825.0
TEC-MA-10004059,Technology,Machines,2,9,917.649
TEC-MA-10004063,Technology,Machines,1,6,967.0
TEC-MA-10004064,Technology,Machines,3,8,332.0
TEC-MA-10004086,Technology,Machines,1,5,30.0
TEC-MA-10004116,Technology,Machines,2,2,483.0
TEC-MA-10004125,Technology,Machines,1,4,8.0
TEC-MA-10004143,Technology,Machines,1,5,219.0
TEC-MA-10004168,Technology,Machines,1,4,695.0
TEC-MA-10004172,Technology,Machines,1,6,1.32
TEC-MA-10004198,Technology,Machines,3,11,1378.0
TEC-MA-10004212,Technology,Machines,1,8,1.38
TEC-MA-10004224,Technology,Machines,2,5,1328.0
TEC-MA-10004236,Technology,Machines,1,8,1.601
TEC-MA-10004241,Technology,Machines,2,4,1287.0
TEC-MA-10004249,Technology,Machines,1,3,93.0
TEC-MA-10004255,Technology,Machines,1,8,320.0
TEC-MA-10004295,Technology,Machines,1,4,328.0
TEC-MA-10004298,Technology,Machines,6,22,984.0
TEC-MA-10004303,Technology,Machines,1,2,242.0
TEC-MA-10004323,Technology,Machines,5,19,1211.0
TEC-MA-10004408,Technology,Machines,1,2,624.0
TEC-MA-10004414,Technology,Machines,1,8,672.0
TEC-MA-10004421,Technology,Machines,4,16,1164.606
TEC-MA-10004423,Technology,Machines,6,27,2738.295
TEC-MA-10004424,Technology,Machines,4,12,962.0
TEC-MA-10004428,Technology,Machines,4,19,1845.155
TEC-MA-10004446,Technology,Machines,2,9,770.306
TEC-MA-10004452,Technology,Machines,4,14,1342.0
TEC-MA-10004458,Technology,Machines,1,4,396.0
TEC-MA-10004482,Technology,Machines,6,19,2388.0
TEC-MA-10004486,Technology,Machines,1,5,239.0
TEC-MA-10004502,Technology,Machines,4,16,1543.814
TEC-MA-10004521,Technology,Machines,1,3,207.0
TEC-MA-10004533,Technology,Machines,3,21,940.468
TEC-MA-10004534,Technology,Machines,4,17,1943.594
TEC-MA-10004535,Technology,Machines,2,12,801.037
TEC-MA-10004552,Technology,Machines,1,4,1.036
TEC-MA-10004553,Technology,Machines,3,15,1376.0
TEC-MA-10004584,Technology,Machines,2,6,139.0
TEC-MA-10004587,Technology,Machines,1,5,1.035
TEC-MA-10004603,Technology,Machines,4,8,1801.0
TEC-MA-10004609,Technology,Machines,9,32,2299.2129999999997
TEC-MA-10004613,Technology,Machines,2,9,623.0
TEC-MA-10004615,Technology,Machines,2,5,126.0
TEC-MA-10004617,Technology,Machines,1,7,571.0
TEC-MA-10004626,Technology,Machines,2,6,600.0
TEC-MA-10004655,Technology,Machines,6,23,2165.0
TEC-MA-10004666,Technology,Machines,1,4,1.237
TEC-MA-10004669,Technology,Machines,7,25,1114.548
TEC-MA-10004679,Technology,Machines,4,13,2332.0
TEC-MA-10004684,Technology,Machines,2,7,340.0
TEC-MA-10004693,Technology,Machines,3,18,662.0
TEC-MA-10004772,Technology,Machines,7,26,2504.861
TEC-MA-10004814,Technology,Machines,2,7,1335.0
TEC-MA-10004820,Technology,Machines,1,4,141.0
TEC-MA-10004822,Technology,Machines,2,5,152.0
TEC-MA-10004842,Technology,Machines,2,11,176.0
TEC-MA-10004857,Technology,Machines,1,2,40.0
TEC-MA-10004896,Technology,Machines,5,12,824.0
TEC-MA-10004897,Technology,Machines,6,21,651.0
TEC-MA-10004902,Technology,Machines,1,2,115.0
TEC-MA-10004929,Technology,Machines,3,11,1246.351
TEC-MA-10004933,Technology,Machines,5,27,1957.0
TEC-MA-10004954,Technology,Machines,4,13,456.0
TEC-MA-10004955,Technology,Machines,4,14,2199.0
TEC-MA-10004956,Technology,Machines,4,13,1495.0
TEC-MA-10004975,Technology,Machines,1,1,30.0
TEC-MA-10004985,Technology,Machines,2,8,698.0
TEC-MA-10004993,Technology,Machines,2,7,585.0
TEC-MA-10004997,Technology,Machines,4,19,2174.0
TEC-MEM-10000178,Technology,Accessories,4,7,255.0
TEC-MEM-10000263,Technology,Accessories,4,8,205.0
TEC-MEM-10000312,Technology,Accessories,4,8,238.0
TEC-MEM-10000374,Technology,Accessories,3,9,744.486
TEC-MEM-10000582,Technology,Accessories,4,5,146.0
TEC-MEM-10000649,Technology,Accessories,4,10,287.0
TEC-MEM-10000723,Technology,Accessories,2,6,169.0
TEC-MEM-10000919,Technology,Accessories,4,6,379.0
TEC-MEM-10001163,Technology,Accessories,3,8,208.0
TEC-MEM-10001409,Technology,Accessories,4,8,570.0
TEC-MEM-10001436,Technology,Accessories,6,6,470.0
TEC-MEM-10001732,Technology,Accessories,3,3,103.0
TEC-MEM-10002005,Technology,Accessories,5,19,3002.464
TEC-MEM-10002202,Technology,Accessories,3,19,1235.45
TEC-MEM-10002280,Technology,Accessories,2,6,163.0
TEC-MEM-10002524,Technology,Accessories,7,15,357.0
TEC-MEM-10002883,Technology,Accessories,5,5,300.0
TEC-MEM-10002919,Technology,Accessories,4,7,208.0
TEC-MEM-10003302,Technology,Accessories,5,12,351.0
TEC-MEM-10003743,Technology,Accessories,8,12,510.0
TEC-MEM-10004014,Technology,Accessories,5,13,2314.0
TEC-MEM-10004524,Technology,Accessories,4,10,1038.0
TEC-MEM-10004782,Technology,Accessories,4,10,691.0
TEC-MOT-10000554,Technology,Phones,6,16,1552.728
TEC-MOT-10000851,Technology,Phones,5,19,400.116
TEC-MOT-10000939,Technology,Phones,3,16,1063.0610000000001
TEC-MOT-10001088,Technology,Phones,6,15,1647.0
TEC-MOT-10001178,Technology,Phones,4,4,572.0
TEC-MOT-10001196,Technology,Phones,6,12,723.057
TEC-MOT-10001244,Technology,Phones,1,6,1.04
TEC-MOT-10001342,Technology,Phones,8,19,1388.0
TEC-MOT-10001535,Technology,Phones,3,7,288.0
TEC-MOT-10001927,Technology,Phones,4,12,663.0
TEC-MOT-10001950,Technology,Phones,4,13,956.0
TEC-MOT-10002260,Technology,Phones,4,22,642.0
TEC-MOT-10002272,Technology,Phones,3,7,649.873
TEC-MOT-10002372,Technology,Phones,4,5,497.0
TEC-MOT-10002560,Technology,Phones,5,18,578.0219999999999
TEC-MOT-10002689,Technology,Phones,2,3,248.0
TEC-MOT-10002855,Technology,Phones,1,4,208.0
TEC-MOT-10003050,Technology,Phones,7,24,845.514
TEC-MOT-10003348,Technology,Phones,8,16,2578.427
TEC-MOT-10003366,Technology,Phones,9,17,2761.0
TEC-MOT-10004111,Technology,Phones,3,6,230.0
TEC-MOT-10004136,Technology,Phones,4,7,570.0
TEC-MOT-10004345,Technology,Phones,7,22,854.0
TEC-MOT-10004682,Technology,Phones,3,6,209.0
TEC-NOK-10000002,Technology,Phones,6,14,621.0
TEC-NOK-10000534,Technology,Phones,4,5,1535.15
TEC-NOK-10000784,Technology,Phones,8,29,2143.008
TEC-NOK-10001058,Technology,Phones,3,3,198.0
TEC-NOK-10001070,Technology,Phones,3,18,2216.0
TEC-NOK-10001172,Technology,Phones,8,17,1478.0
TEC-NOK-10001219,Technology,Phones,4,6,753.0
TEC-NOK-10001282,Technology,Phones,5,16,1434.0
TEC-NOK-10001283,Technology,Phones,9,12,2932.55
TEC-NOK-10001319,Technology,Phones,2,8,595.0
TEC-NOK-10001678,Technology,Phones,7,13,1527.0
TEC-NOK-10001844,Technology,Phones,6,9,312.0
TEC-NOK-10002555,Technology,Phones,2,7,168.001
TEC-NOK-10002716,Technology,Phones,7,10,1333.0
TEC-NOK-10003034,Technology,Phones,5,10,1070.0
TEC-NOK-10003341,Technology,Phones,6,10,448.0
TEC-NOK-10003560,Technology,Phones,6,8,584.0
TEC-NOK-10003562,Technology,Phones,2,14,270.68
TEC-NOK-10003743,Technology,Phones,3,5,683.0
TEC-NOK-10004183,Technology,Phones,4,7,228.0
TEC-NOK-10004278,Technology,Phones,4,13,304.378
TEC-NOK-10004339,Technology,Phones,3,7,639.817
TEC-NOK-10004541,Technology,Phones,3,3,204.0
TEC-OKI-10000372,Technology,Machines,7,17,1567.75
TEC-OKI-10000592,Technology,Machines,2,2,119.0
TEC-OKI-10000616,Technology,Machines,3,5,880.0
TEC-OKI-10000794,Technology,Machines,6,18,912.0
TEC-OKI-10001062,Technology,Machines,4,6,908.0
TEC-OKI-10001385,Technology,Machines,7,12,1495.868
TEC-OKI-10001433,Technology,Machines,6,11,271.0
TEC-OKI-10001454,Technology,Machines,2,3,121.0
TEC-OKI-10002547,Technology,Machines,3,5,313.0
TEC-OKI-10002736,Technology,Machines,6,13,1626.0
TEC-OKI-10002750,Technology,Machines,5,14,820.142
TEC-OKI-10002752,Technology,Machines,2,9,782.0
TEC-OKI-10003050,Technology,Machines,4,16,350.43899999999996
TEC-OKI-10003124,Technology,Machines,6,12,1697.885
TEC-OKI-10003221,Technology,Machines,4,15,1224.0
TEC-OKI-10003433,Technology,Machines,4,6,809.0
TEC-OKI-10003655,Technology,Machines,2,5,230.0
TEC-OKI-10003770,Technology,Machines,3,3,209.0
TEC-OKI-10003868,Technology,Machines,4,4,538.0
TEC-OKI-10004199,Technology,Machines,3,3,278.0
TEC-OKI-10004464,Technology,Machines,6,6,1064.0
TEC-OKI-10004735,Technology,Machines,9,27,2092.1059999999998
TEC-PAN-10000092,Technology,Machines,4,8,1237.237
TEC-PAN-10000131,Technology,Machines,2,3,212.0
TEC-PAN-10000377,Technology,Machines,3,5,1560.0
TEC-PAN-10000391,Technology,Machines,2,3,422.0
TEC-PAN-10000577,Technology,Machines,2,3,932.0
TEC-PAN-10000878,Technology,Machines,5,9,510.0
TEC-PAN-10000979,Technology,Machines,4,13,1572.0
TEC-PAN-10001172,Technology,Machines,2,11,484.0
TEC-PAN-10001593,Technology,Machines,1,1,15.0
TEC-PAN-10001674,Technology,Machines,1,2,239.0
TEC-PAN-10002365,Technology,Machines,5,12,1591.589
TEC-PAN-10002454,Technology,Machines,9,21,1174.0
TEC-PAN-10002583,Technology,Machines,3,3,120.0
TEC-PAN-10002613,Technology,Machines,3,5,1333.0
TEC-PAN-10002690,Technology,Machines,3,6,1043.0
TEC-PAN-10002756,Technology,Machines,3,7,896.0
TEC-PAN-10002884,Technology,Machines,5,6,1685.0
TEC-PAN-10003382,Technology,Machines,2,6,382.0
TEC-PAN-10003688,Technology,Machines,4,9,1333.066
TEC-PAN-10004279,Technology,Machines,1,1,85.0
TEC-PAN-10004360,Technology,Machines,5,16,780.0
TEC-PAN-10004404,Technology,Machines,2,16,758.0
TEC-PAN-10004651,Technology,Machines,4,7,474.0
TEC-PH-10000004,Technology,Phones,3,9,261.0
TEC-PH-10000011,Technology,Phones,5,34,572.0
TEC-PH-10000014,Technology,Phones,3,11,511.0
TEC-PH-10000018,Technology,Phones,9,32,1626.475
TEC-PH-10000019,Technology,Phones,2,4,559.0
TEC-PH-10000026,Technology,Phones,6,23,1367.0
TEC-PH-10000030,Technology,Phones,5,24,13.716000000000001
TEC-PH-10000036,Technology,Phones,2,6,3.816
TEC-PH-10000037,Technology,Phones,9,48,3791.289
TEC-PH-10000038,Technology,Phones,6,22,2323.0
TEC-PH-10000070,Technology,Phones,6,29,1854.0
TEC-PH-10000072,Technology,Phones,1,2,166.0
TEC-PH-10000087,Technology,Phones,7,32,2325.0
TEC-PH-10000100,Technology,Phones,4,16,780.0
TEC-PH-10000106,Technology,Phones,8,25,2472.65
TEC-PH-10000127,Technology,Phones,2,14,224.0
TEC-PH-10000141,Technology,Phones,3,11,488.0
TEC-PH-10000148,Technology,Phones,5,11,120.0
TEC-PH-10000149,Technology,Phones,5,26,428.0
TEC-PH-10000158,Technology,Phones,3,11,1443.0
TEC-PH-10000160,Technology,Phones,7,29,1040.7820000000002
TEC-PH-10000169,Technology,Phones,11,42,2061.503
TEC-PH-10000193,Technology,Phones,4,12,496.0
TEC-PH-10000213,Technology,Phones,3,11,274.0
TEC-PH-10000214,Technology,Phones,4,23,1432.222
TEC-PH-10000215,Technology,Phones,6,27,909.0
TEC-PH-10000237,Technology,Phones,1,4,77.0
TEC-PH-10000258,Technology,Phones,5,17,2062.0
TEC-PH-10000270,Technology,Phones,9,41,2181.0
TEC-PH-10000286,Technology,Phones,3,11,1050.0
TEC-PH-10000289,Technology,Phones,3,9,1008.0
TEC-PH-10000292,Technology,Phones,5,16,613.0
TEC-PH-10000297,Technology,Phones,7,14,806.0
TEC-PH-10000298,Technology,Phones,1,6,454.0
TEC-PH-10000303,Technology,Phones,6,31,589.224
TEC-PH-10000307,Technology,Phones,3,7,64.0
TEC-PH-10000309,Technology,Phones,5,15,2419.0
TEC-PH-10000332,Technology,Phones,1,5,848.0
TEC-PH-10000342,Technology,Phones,2,10,505.0
TEC-PH-10000347,Technology,Phones,13,38,1693.0
TEC-PH-10000358,Technology,Phones,4,19,1353.0
TEC-PH-10000365,Technology,Phones,3,14,864.0
TEC-PH-10000369,Technology,Phones,4,19,2042.0
TEC-PH-10000373,Technology,Phones,1,4,138.0
TEC-PH-10000376,Technology,Phones,7,22,174.0
TEC-PH-10000381,Technology,Phones,5,13,1196.0
TEC-PH-10000412,Technology,Phones,2,8,655.0
TEC-PH-10000419,Technology,Phones,6,26,1281.7549999999999
TEC-PH-10000437,Technology,Phones,5,18,1612.063
TEC-PH-10000439,Technology,Phones,4,15,496.0
TEC-PH-10000441,Technology,Phones,8,25,2748.0
TEC-PH-10000455,Technology,Phones,3,10,1160.0
TEC-PH-10000458,Technology,Phones,2,12,584.0
TEC-PH-10000486,Technology,Phones,3,24,1114.114
TEC-PH-10000490,Technology,Phones,2,5,821.0
TEC-PH-10000493,Technology,Phones,7,23,1159.444
TEC-PH-10000494,Technology,Phones,5,16,1752.0
TEC-PH-10000497,Technology,Phones,2,6,347.0
TEC-PH-10000499,Technology,Phones,4,19,588.592
TEC-PH-10000505,Technology,Phones,2,10,545.876
TEC-PH-10000526,Technology,Phones,7,32,2631.0
TEC-PH-10000560,Technology,Phones,6,28,1965.18
TEC-PH-10000562,Technology,Phones,2,9,688.0
TEC-PH-10000571,Technology,Phones,1,2,334.0
TEC-PH-10000576,Technology,Phones,7,18,1944.0
TEC-PH-10000577,Technology,Phones,6,31,1328.0
TEC-PH-10000586,Technology,Phones,3,8,476.0
TEC-PH-10000599,Technology,Phones,4,11,1040.0
TEC-PH-10000611,Technology,Phones,1,2,164.0
TEC-PH-10000641,Technology,Phones,5,25,1596.0
TEC-PH-10000647,Technology,Phones,2,4,242.0
TEC-PH-10000673,Technology,Phones,5,25,1222.0
TEC-PH-10000675,Technology,Phones,3,9,591.0
TEC-PH-10000688,Technology,Phones,2,13,1146.0
TEC-PH-10000693,Technology,Phones,4,20,1578.0
TEC-PH-10000702,Technology,Phones,5,27,198.0
TEC-PH-10000705,Technology,Phones,8,31,2203.0
TEC-PH-10000720,Technology,Phones,8,33,5058.0
TEC-PH-10000730,Technology,Phones,5,25,1614.5
TEC-PH-10000774,Technology,Phones,2,6,572.0
TEC-PH-10000780,Technology,Phones,6,20,1645.022
TEC-PH-10000785,Technology,Phones,1,8,269.0
TEC-PH-10000788,Technology,Phones,3,10,436.0
TEC-PH-10000800,Technology,Phones,4,11,593.331
TEC-PH-10000808,Technology,Phones,1,8,1.363
TEC-PH-10000810,Technology,Phones,4,9,519.0
TEC-PH-10000822,Technology,Phones,5,11,1251.0
TEC-PH-10000824,Technology,Phones,2,11,734.0
TEC-PH-10000840,Technology,Phones,2,6,1093.0
TEC-PH-10000841,Technology,Phones,2,3,410.0
TEC-PH-10000879,Technology,Phones,2,8,5.211
TEC-PH-10000895,Technology,Phones,8,40,2523.708
TEC-PH-10000896,Technology,Phones,10,50,3651.493
TEC-PH-10000912,Technology,Phones,2,8,61.0
TEC-PH-10000922,Technology,Phones,9,40,2300.0
TEC-PH-10000923,Technology,Phones,5,21,240.0
TEC-PH-10000931,Technology,Phones,4,10,866.0
TEC-PH-10000956,Technology,Phones,2,7,591.0
TEC-PH-10000960,Technology,Phones,4,20,957.0
TEC-PH-10000984,Technology,Phones,7,27,4978.0
TEC-PH-10000990,Technology,Phones,5,23,1761.0
TEC-PH-10001002,Technology,Phones,4,14,1890.0
TEC-PH-10001014,Technology,Phones,5,18,2111.0
TEC-PH-10001051,Technology,Phones,4,14,1120.0
TEC-PH-10001061,Technology,Phones,4,15,1340.0
TEC-PH-10001063,Technology,Phones,4,25,1926.0
TEC-PH-10001066,Technology,Phones,6,15,866.191
TEC-PH-10001070,Technology,Phones,7,22,1324.0
TEC-PH-10001071,Technology,Phones,1,2,149.0
TEC-PH-10001076,Technology,Phones,2,8,511.121
TEC-PH-10001079,Technology,Phones,4,19,1904.0
TEC-PH-10001084,Technology,Phones,1,1,39.0
TEC-PH-10001087,Technology,Phones,1,4,558.0
TEC-PH-10001095,Technology,Phones,6,18,790.0
TEC-PH-10001117,Technology,Phones,2,4,637.622
TEC-PH-10001128,Technology,Phones,4,21,1561.05
TEC-PH-10001137,Technology,Phones,1,5,164.0
TEC-PH-10001146,Technology,Phones,1,5,850.0
TEC-PH-10001148,Technology,Phones,4,19,657.64
TEC-PH-10001163,Technology,Phones,6,13,1525.0
TEC-PH-10001183,Technology,Phones,1,4,261.0
TEC-PH-10001187,Technology,Phones,2,8,1214.0
TEC-PH-10001198,Technology,Phones,4,12,708.0
TEC-PH-10001254,Technology,Phones,4,17,1727.0
TEC-PH-10001264,Technology,Phones,8,32,2795.0
TEC-PH-10001284,Technology,Phones,3,8,511.546
TEC-PH-10001288,Technology,Phones,6,24,1904.0
TEC-PH-10001289,Technology,Phones,1,2,771.0
TEC-PH-10001298,Technology,Phones,6,23,969.0
TEC-PH-10001299,Technology,Phones,5,15,1680.0
TEC-PH-10001300,Technology,Phones,5,24,479.0
TEC-PH-10001304,Technology,Phones,6,21,881.0
TEC-PH-10001305,Technology,Phones,6,32,1284.0
TEC-PH-10001321,Technology,Phones,8,30,3955.0
TEC-PH-10001329,Technology,Phones,1,2,44.0
TEC-PH-10001336,Technology,Phones,9,27,3044.0
TEC-PH-10001354,Technology,Phones,10,37,3951.0
TEC-PH-10001360,Technology,Phones,1,2,1.275
TEC-PH-10001362,Technology,Phones,5,22,1708.0
TEC-PH-10001363,Technology,Phones,4,11,2168.736
TEC-PH-10001382,Technology,Phones,8,28,1431.0
TEC-PH-10001396,Technology,Phones,4,17,9.987
TEC-PH-10001413,Technology,Phones,1,3,139.0
TEC-PH-10001424,Technology,Phones,4,15,1176.0
TEC-PH-10001425,Technology,Phones,6,24,1584.0
TEC-PH-10001427,Technology,Phones,7,31,1588.0
TEC-PH-10001428,Technology,Phones,6,17,1244.0
TEC-PH-10001432,Technology,Phones,8,34,3423.0
TEC-PH-10001433,Technology,Phones,7,19,1489.0
TEC-PH-10001448,Technology,Phones,5,13,600.0
TEC-PH-10001457,Technology,Phones,8,30,18.718
TEC-PH-10001459,Technology,Phones,6,39,685.2719999999999
TEC-PH-10001468,Technology,Phones,1,3,546.0
TEC-PH-10001470,Technology,Phones,2,6,354.0
TEC-PH-10001475,Technology,Phones,2,8,171.0
TEC-PH-10001478,Technology,Phones,6,20,1397.0
TEC-PH-10001492,Technology,Phones,1,8,586.0
TEC-PH-10001494,Technology,Phones,4,17,1023.6
TEC-PH-10001527,Technology,Phones,7,15,619.0
TEC-PH-10001530,Technology,Phones,9,34,2182.933
TEC-PH-10001535,Technology,Phones,5,19,2017.0
TEC-PH-10001536,Technology,Phones,5,15,234.0
TEC-PH-10001548,Technology,Phones,4,17,1411.0
TEC-PH-10001552,Technology,Phones,10,52,543.0
TEC-PH-10001555,Technology,Phones,1,2,289.0
TEC-PH-10001557,Technology,Phones,14,55,3646.075
TEC-PH-10001573,Technology,Phones,3,9,3.9930000000000003
TEC-PH-10001574,Technology,Phones,2,5,628.0
TEC-PH-10001575,Technology,Phones,3,10,436.0
TEC-PH-10001578,Technology,Phones,4,12,1460.511
TEC-PH-10001580,Technology,Phones,10,32,2571.0
TEC-PH-10001585,Technology,Phones,10,47,3796.244
TEC-PH-10001587,Technology,Phones,9,40,1786.0
TEC-PH-10001590,Technology,Phones,3,16,1139.0
TEC-PH-10001602,Technology,Phones,2,8,142.0
TEC-PH-10001614,Technology,Phones,5,19,1677.214
TEC-PH-10001615,Technology,Phones,5,17,481.0
TEC-PH-10001619,Technology,Phones,10,26,2966.072
TEC-PH-10001640,Technology,Phones,6,19,1325.0
TEC-PH-10001644,Technology,Phones,3,12,336.0
TEC-PH-10001651,Technology,Phones,2,2,164.0
TEC-PH-10001664,Technology,Phones,8,32,1887.0
TEC-PH-10001670,Technology,Phones,5,24,13.821
TEC-PH-10001677,Technology,Phones,9,50,2081.0
TEC-PH-10001699,Technology,Phones,6,22,648.664
TEC-PH-10001700,Technology,Phones,7,22,1136.0
TEC-PH-10001708,Technology,Phones,5,19,3167.0
TEC-PH-10001712,Technology,Phones,3,14,853.088
TEC-PH-10001725,Technology,Phones,6,24,1592.592
TEC-PH-10001730,Technology,Phones,5,10,1381.0
TEC-PH-10001732,Technology,Phones,8,31,4121.0
TEC-PH-10001750,Technology,Phones,8,24,1385.0
TEC-PH-10001751,Technology,Phones,7,25,14.562999999999999
TEC-PH-10001754,Technology,Phones,2,6,290.0
TEC-PH-10001760,Technology,Phones,5,18,1752.114
TEC-PH-10001795,Technology,Phones,5,16,989.952
TEC-PH-10001805,Technology,Phones,3,12,1462.0
TEC-PH-10001809,Technology,Phones,5,10,1260.0
TEC-PH-10001817,Technology,Phones,10,32,4586.296
TEC-PH-10001819,Technology,Phones,6,19,747.0
TEC-PH-10001824,Technology,Phones,1,4,504.0
TEC-PH-10001835,Technology,Phones,3,14,2022.0
TEC-PH-10001845,Technology,Phones,1,1,123.0
TEC-PH-10001846,Technology,Phones,1,2,90.0
TEC-PH-10001870,Technology,Phones,3,6,282.0
TEC-PH-10001884,Technology,Phones,7,40,2461.0
TEC-PH-10001900,Technology,Phones,4,15,1975.0
TEC-PH-10001917,Technology,Phones,13,53,3755.814
TEC-PH-10001918,Technology,Phones,3,9,1001.0
TEC-PH-10001921,Technology,Phones,10,31,3558.0
TEC-PH-10001924,Technology,Phones,5,13,700.0
TEC-PH-10001937,Technology,Phones,7,20,2965.0
TEC-PH-10001944,Technology,Phones,6,19,2482.0
TEC-PH-10001949,Technology,Phones,1,3,213.0
TEC-PH-10001961,Technology,Phones,2,2,224.0
TEC-PH-10001963,Technology,Phones,4,15,1394.0
TEC-PH-10001990,Technology,Phones,4,21,12.055
TEC-PH-10002018,Technology,Phones,4,10,1252.0
TEC-PH-10002033,Technology,Phones,4,9,2222.0
TEC-PH-10002035,Technology,Phones,5,21,649.703
TEC-PH-10002042,Technology,Phones,5,24,1681.384
TEC-PH-10002068,Technology,Phones,13,43,1769.0
TEC-PH-10002070,Technology,Phones,8,25,1238.0
TEC-PH-10002075,Technology,Phones,1,3,378.0
TEC-PH-10002076,Technology,Phones,6,17,2756.0
TEC-PH-10002079,Technology,Phones,5,26,1930.0
TEC-PH-10002085,Technology,Phones,4,14,753.0
TEC-PH-10002094,Technology,Phones,1,2,767.0
TEC-PH-10002102,Technology,Phones,7,32,1621.0
TEC-PH-10002103,Technology,Phones,9,37,3159.0
TEC-PH-10002104,Technology,Phones,6,28,2442.272
TEC-PH-10002114,Technology,Phones,1,4,2.28
TEC-PH-10002115,Technology,Phones,4,15,845.0
TEC-PH-10002119,Technology,Phones,2,6,446.0
TEC-PH-10002121,Technology,Phones,5,17,793.0
TEC-PH-10002127,Technology,Phones,7,17,2697.475
TEC-PH-10002138,Technology,Phones,6,12,1934.0
TEC-PH-10002152,Technology,Phones,5,23,1449.0
TEC-PH-10002154,Technology,Phones,6,24,1951.0
TEC-PH-10002170,Technology,Phones,6,19,1120.0
TEC-PH-10002183,Technology,Phones,5,16,1781.0
TEC-PH-10002185,Technology,Phones,5,13,80.0
TEC-PH-10002200,Technology,Phones,8,30,2935.508
TEC-PH-10002217,Technology,Phones,2,6,888.0
TEC-PH-10002218,Technology,Phones,5,22,1614.0
TEC-PH-10002222,Technology,Phones,3,8,527.0
TEC-PH-10002251,Technology,Phones,3,9,654.0
TEC-PH-10002255,Technology,Phones,4,13,2052.0
TEC-PH-10002262,Technology,Phones,4,18,905.0
TEC-PH-10002275,Technology,Phones,4,14,2116.0
TEC-PH-10002292,Technology,Phones,4,11,1040.0
TEC-PH-10002293,Technology,Phones,6,22,340.0
TEC-PH-10002296,Technology,Phones,8,38,3591.0
TEC-PH-10002299,Technology,Phones,2,6,396.0
TEC-PH-10002306,Technology,Phones,4,11,2063.147
TEC-PH-10002310,Technology,Phones,7,22,3169.0
TEC-PH-10002312,Technology,Phones,5,18,2336.0
TEC-PH-10002320,Technology,Phones,5,24,1806.121
TEC-PH-10002332,Technology,Phones,6,22,2452.0
TEC-PH-10002350,Technology,Phones,4,10,252.0
TEC-PH-10002352,Technology,Phones,1,5,1.395
TEC-PH-10002353,Technology,Phones,1,4,331.0
TEC-PH-10002365,Technology,Phones,3,8,65.0
TEC-PH-10002387,Technology,Phones,6,25,2259.0
TEC-PH-10002392,Technology,Phones,3,11,1023.0
TEC-PH-10002398,Technology,Phones,3,12,1070.0
TEC-PH-10002415,Technology,Phones,5,15,2243.416
TEC-PH-10002419,Technology,Phones,5,24,1528.0
TEC-PH-10002428,Technology,Phones,6,29,1919.0
TEC-PH-10002443,Technology,Phones,5,14,1743.0
TEC-PH-10002447,Technology,Phones,4,10,908.03
TEC-PH-10002456,Technology,Phones,6,20,2494.0
TEC-PH-10002468,Technology,Phones,5,13,1470.0
TEC-PH-10002483,Technology,Phones,5,21,704.36
TEC-PH-10002491,Technology,Phones,2,8,544.0
TEC-PH-10002493,Technology,Phones,2,5,309.0
TEC-PH-10002496,Technology,Phones,9,30,2311.872
TEC-PH-10002517,Technology,Phones,1,4,339.0
TEC-PH-10002538,Technology,Phones,6,24,804.0
TEC-PH-10002549,Technology,Phones,6,22,2215.626
TEC-PH-10002555,Technology,Phones,4,13,1451.295
TEC-PH-10002563,Technology,Phones,5,18,1990.0
TEC-PH-10002564,Technology,Phones,15,49,2561.011
TEC-PH-10002565,Technology,Phones,8,31,3139.502
TEC-PH-10002570,Technology,Phones,4,15,727.0
TEC-PH-10002572,Technology,Phones,3,6,678.0
TEC-PH-10002574,Technology,Phones,4,17,1602.0
TEC-PH-10002583,Technology,Phones,5,12,216.0
TEC-PH-10002584,Technology,Phones,5,13,631.5089999999999
TEC-PH-10002586,Technology,Phones,8,29,1468.0
TEC-PH-10002590,Technology,Phones,1,2,211.0
TEC-PH-10002597,Technology,Phones,11,47,5183.0
TEC-PH-10002601,Technology,Phones,9,23,2197.025
TEC-PH-10002602,Technology,Phones,5,26,1823.0
TEC-PH-10002623,Technology,Phones,7,25,2104.1220000000003
TEC-PH-10002624,Technology,Phones,5,15,1226.8880000000001
TEC-PH-10002641,Technology,Phones,1,6,438.0
TEC-PH-10002645,Technology,Phones,4,14,1139.5
TEC-PH-10002647,Technology,Phones,7,35,1552.0
TEC-PH-10002652,Technology,Phones,3,10,5.8629999999999995
TEC-PH-10002658,Technology,Phones,1,2,273.0
TEC-PH-10002660,Technology,Phones,6,29,1877.0
TEC-PH-10002663,Technology,Phones,5,20,1299.0929999999998
TEC-PH-10002672,Technology,Phones,3,18,7.816
TEC-PH-10002680,Technology,Phones,3,13,2156.0
TEC-PH-10002683,Technology,Phones,7,23,1282.969
TEC-PH-10002695,Technology,Phones,1,4,293.0
TEC-PH-10002699,Technology,Phones,1,2,306.0
TEC-PH-10002708,Technology,Phones,8,20,1641.0
TEC-PH-10002713,Technology,Phones,1,4,183.0
TEC-PH-10002715,Technology,Phones,4,16,1640.275
TEC-PH-10002726,Technology,Phones,7,26,1113.0
TEC-PH-10002742,Technology,Phones,5,17,2680.0
TEC-PH-10002755,Technology,Phones,8,24,1078.0
TEC-PH-10002759,Technology,Phones,6,29,14.723
TEC-PH-10002774,Technology,Phones,6,28,10.394
TEC-PH-10002780,Technology,Phones,2,4,430.286
TEC-PH-10002789,Technology,Phones,3,12,1155.0
TEC-PH-10002799,Technology,Phones,1,4,673.0
TEC-PH-10002806,Technology,Phones,8,38,2810.956
TEC-PH-10002807,Technology,Phones,4,15,420.0
TEC-PH-10002815,Technology,Phones,8,38,862.253
TEC-PH-10002816,Technology,Phones,7,28,1452.0230000000001
TEC-PH-10002817,Technology,Phones,1,3,324.0
TEC-PH-10002824,Technology,Phones,3,13,2019.0
TEC-PH-10002834,Technology,Phones,5,23,1837.98
TEC-PH-10002844,Technology,Phones,4,8,189.0
TEC-PH-10002867,Technology,Phones,9,32,2288.16
TEC-PH-10002871,Technology,Phones,6,18,1897.0
TEC-PH-10002885,Technology,Phones,6,24,792.218
TEC-PH-10002890,Technology,Phones,10,35,1339.0
TEC-PH-10002892,Technology,Phones,6,15,1193.0
TEC-PH-10002898,Technology,Phones,1,4,2.167
TEC-PH-10002904,Technology,Phones,11,37,3927.02
TEC-PH-10002907,Technology,Phones,4,18,1174.0
TEC-PH-10002916,Technology,Phones,1,1,102.0
TEC-PH-10002922,Technology,Phones,4,21,2906.0
TEC-PH-10002923,Technology,Phones,10,25,741.0
TEC-PH-10002932,Technology,Phones,3,13,1554.0
TEC-PH-10002935,Technology,Phones,5,20,646.498
TEC-PH-10002936,Technology,Phones,1,5,3.18
TEC-PH-10002962,Technology,Phones,3,14,780.728
TEC-PH-10002991,Technology,Phones,4,20,7.258
TEC-PH-10003002,Technology,Phones,4,16,10.422
TEC-PH-10003011,Technology,Phones,7,20,2297.0
TEC-PH-10003012,Technology,Phones,10,32,4435.0
TEC-PH-10003055,Technology,Phones,2,6,891.0
TEC-PH-10003062,Technology,Phones,5,16,2185.0
TEC-PH-10003072,Technology,Phones,5,25,1711.35
TEC-PH-10003075,Technology,Phones,6,13,1639.0
TEC-PH-10003078,Technology,Phones,1,2,166.0
TEC-PH-10003092,Technology,Phones,6,19,608.0
TEC-PH-10003095,Technology,Phones,7,27,493.0
TEC-PH-10003102,Technology,Phones,5,18,1780.0
TEC-PH-10003137,Technology,Phones,3,12,1463.0
TEC-PH-10003153,Technology,Phones,3,10,921.0
TEC-PH-10003157,Technology,Phones,6,33,2646.0
TEC-PH-10003171,Technology,Phones,7,18,747.0
TEC-PH-10003174,Technology,Phones,2,7,728.0
TEC-PH-10003177,Technology,Phones,6,20,1413.0
TEC-PH-10003182,Technology,Phones,3,9,397.0
TEC-PH-10003187,Technology,Phones,4,9,148.0
TEC-PH-10003215,Technology,Phones,9,45,1541.0
TEC-PH-10003220,Technology,Phones,1,5,295.0
TEC-PH-10003239,Technology,Phones,3,12,1384.0
TEC-PH-10003254,Technology,Phones,8,32,1383.0
TEC-PH-10003273,Technology,Phones,4,15,1738.0
TEC-PH-10003303,Technology,Phones,1,2,100.0
TEC-PH-10003312,Technology,Phones,10,43,1965.0
TEC-PH-10003325,Technology,Phones,8,24,2718.0
TEC-PH-10003348,Technology,Phones,7,20,2371.0
TEC-PH-10003353,Technology,Phones,2,6,358.0
TEC-PH-10003356,Technology,Phones,3,13,76.0
TEC-PH-10003357,Technology,Phones,4,10,597.0
TEC-PH-10003361,Technology,Phones,4,13,711.0
TEC-PH-10003368,Technology,Phones,2,7,423.0
TEC-PH-10003400,Technology,Phones,2,3,372.0
TEC-PH-10003405,Technology,Phones,4,12,480.0
TEC-PH-10003416,Technology,Phones,6,38,1556.0
TEC-PH-10003430,Technology,Phones,4,10,1258.0
TEC-PH-10003437,Technology,Phones,4,21,1230.0
TEC-PH-10003439,Technology,Phones,5,21,3174.0
TEC-PH-10003442,Technology,Phones,5,21,105.0
TEC-PH-10003457,Technology,Phones,9,34,3838.443
TEC-PH-10003481,Technology,Phones,6,24,1344.0
TEC-PH-10003484,Technology,Phones,5,18,2017.0
TEC-PH-10003486,Technology,Phones,1,3,204.0
TEC-PH-10003487,Technology,Phones,3,12,759.0
TEC-PH-10003488,Technology,Phones,6,25,3388.0
TEC-PH-10003491,Technology,Phones,5,28,1660.0
TEC-PH-10003492,Technology,Phones,7,27,3274.1
TEC-PH-10003505,Technology,Phones,11,46,3412.0
TEC-PH-10003511,Technology,Phones,2,6,747.0
TEC-PH-10003513,Technology,Phones,3,16,359.331
TEC-PH-10003522,Technology,Phones,8,24,1154.0
TEC-PH-10003535,Technology,Phones,1,2,160.0
TEC-PH-10003546,Technology,Phones,7,23,2610.0
TEC-PH-10003549,Technology,Phones,6,18,1112.0
TEC-PH-10003555,Technology,Phones,9,41,833.0
TEC-PH-10003556,Technology,Phones,7,30,3551.0
TEC-PH-10003560,Technology,Phones,5,25,1604.479
TEC-PH-10003572,Technology,Phones,5,18,1137.0
TEC-PH-10003580,Technology,Phones,7,27,2037.213
TEC-PH-10003589,Technology,Phones,7,29,442.0
TEC-PH-10003601,Technology,Phones,7,22,2392.0
TEC-PH-10003613,Technology,Phones,6,31,2473.362
TEC-PH-10003620,Technology,Phones,10,36,4255.0
TEC-PH-10003636,Technology,Phones,5,10,806.0
TEC-PH-10003645,Technology,Phones,7,26,2233.454
TEC-PH-10003646,Technology,Phones,1,4,403.0
TEC-PH-10003652,Technology,Phones,3,11,842.0
TEC-PH-10003655,Technology,Phones,2,8,14.0
TEC-PH-10003683,Technology,Phones,8,36,4978.0
TEC-PH-10003691,Technology,Phones,6,27,3099.0
TEC-PH-10003698,Technology,Phones,2,5,483.0
TEC-PH-10003713,Technology,Phones,8,35,2728.89
TEC-PH-10003723,Technology,Phones,4,8,1111.0
TEC-PH-10003752,Technology,Phones,4,10,489.0
TEC-PH-10003762,Technology,Phones,3,16,8.483
TEC-PH-10003764,Technology,Phones,4,8,366.0
TEC-PH-10003770,Technology,Phones,4,9,991.0
TEC-PH-10003772,Technology,Phones,5,15,1186.0
TEC-PH-10003774,Technology,Phones,4,16,1274.0
TEC-PH-10003784,Technology,Phones,5,16,1760.0
TEC-PH-10003793,Technology,Phones,6,14,609.0
TEC-PH-10003794,Technology,Phones,5,12,1597.449
TEC-PH-10003796,Technology,Phones,3,9,425.0
TEC-PH-10003800,Technology,Phones,5,9,414.0
TEC-PH-10003811,Technology,Phones,5,22,2160.0
TEC-PH-10003813,Technology,Phones,2,9,956.0
TEC-PH-10003823,Technology,Phones,8,27,1853.0
TEC-PH-10003847,Technology,Phones,7,31,1905.0
TEC-PH-10003856,Technology,Phones,3,15,9.683
TEC-PH-10003870,Technology,Phones,3,16,1366.0
TEC-PH-10003875,Technology,Phones,3,13,126.0
TEC-PH-10003877,Technology,Phones,6,30,1333.0
TEC-PH-10003885,Technology,Phones,6,17,1029.0
TEC-PH-10003891,Technology,Phones,4,21,3431.0
TEC-PH-10003913,Technology,Phones,4,15,1992.0
TEC-PH-10003916,Technology,Phones,1,7,427.0
TEC-PH-10003927,Technology,Phones,14,34,5041.0
TEC-PH-10003931,Technology,Phones,6,17,780.0
TEC-PH-10003932,Technology,Phones,8,28,2895.0
TEC-PH-10003935,Technology,Phones,5,18,1118.0
TEC-PH-10003945,Technology,Phones,13,44,3806.001
TEC-PH-10003946,Technology,Phones,4,13,927.0
TEC-PH-10003954,Technology,Phones,3,11,1512.0
TEC-PH-10003960,Technology,Phones,6,28,2935.0
TEC-PH-10003963,Technology,Phones,11,44,5014.0
TEC-PH-10003970,Technology,Phones,3,14,837.0
TEC-PH-10003980,Technology,Phones,2,5,455.0
TEC-PH-10003982,Technology,Phones,1,5,185.0
TEC-PH-10003988,Technology,Phones,8,28,264.0
TEC-PH-10003994,Technology,Phones,1,8,533.0
TEC-PH-10003995,Technology,Phones,7,23,1079.336
TEC-PH-10004006,Technology,Phones,5,18,1572.0
TEC-PH-10004028,Technology,Phones,5,33,2288.0
TEC-PH-10004042,Technology,Phones,4,12,1686.0
TEC-PH-10004048,Technology,Phones,8,28,2913.0
TEC-PH-10004057,Technology,Phones,1,6,2.582
TEC-PH-10004071,Technology,Phones,5,25,200.0
TEC-PH-10004074,Technology,Phones,5,17,938.937
TEC-PH-10004080,Technology,Phones,4,13,625.0
TEC-PH-10004085,Technology,Phones,4,13,1943.0
TEC-PH-10004093,Technology,Phones,8,25,1193.0
TEC-PH-10004094,Technology,Phones,6,32,1999.215
TEC-PH-10004100,Technology,Phones,6,27,396.0
TEC-PH-10004105,Technology,Phones,5,26,2209.169
TEC-PH-10004120,Technology,Phones,3,13,1590.0
TEC-PH-10004144,Technology,Phones,2,12,897.0
TEC-PH-10004152,Technology,Phones,4,9,605.0
TEC-PH-10004162,Technology,Phones,2,9,965.0
TEC-PH-10004165,Technology,Phones,9,34,3524.1800000000003
TEC-PH-10004182,Technology,Phones,3,11,860.856
TEC-PH-10004184,Technology,Phones,5,18,617.0
TEC-PH-10004188,Technology,Phones,4,18,385.0
TEC-PH-10004196,Technology,Phones,10,46,1548.74
TEC-PH-10004200,Technology,Phones,4,11,1507.0
TEC-PH-10004211,Technology,Phones,2,12,949.0
TEC-PH-10004221,Technology,Phones,7,30,2355.135
TEC-PH-10004223,Technology,Phones,2,9,1111.0
TEC-PH-10004235,Technology,Phones,3,18,1457.0
TEC-PH-10004237,Technology,Phones,6,25,1086.0
TEC-PH-10004241,Technology,Phones,5,19,1284.44
TEC-PH-10004242,Technology,Phones,8,24,1809.0
TEC-PH-10004251,Technology,Phones,3,12,1165.0
TEC-PH-10004261,Technology,Phones,10,33,4121.0
TEC-PH-10004263,Technology,Phones,7,25,2211.063
TEC-PH-10004271,Technology,Phones,5,17,2183.0
TEC-PH-10004272,Technology,Phones,2,6,273.0
TEC-PH-10004281,Technology,Phones,7,33,2536.596
TEC-PH-10004287,Technology,Phones,6,23,1302.0
TEC-PH-10004297,Technology,Phones,4,17,1867.0
TEC-PH-10004300,Technology,Phones,9,37,2296.0
TEC-PH-10004327,Technology,Phones,1,5,3.22
TEC-PH-10004328,Technology,Phones,7,28,2889.0
TEC-PH-10004345,Technology,Phones,5,21,2064.0
TEC-PH-10004348,Technology,Phones,2,5,133.0
TEC-PH-10004350,Technology,Phones,4,22,1364.0
TEC-PH-10004358,Technology,Phones,12,62,4732.0
TEC-PH-10004389,Technology,Phones,3,11,1310.0
TEC-PH-10004402,Technology,Phones,10,43,3118.0
TEC-PH-10004404,Technology,Phones,6,21,1027.0
TEC-PH-10004434,Technology,Phones,3,12,1387.0
TEC-PH-10004437,Technology,Phones,5,26,2197.0
TEC-PH-10004447,Technology,Phones,8,31,3614.0
TEC-PH-10004450,Technology,Phones,4,21,1545.0
TEC-PH-10004503,Technology,Phones,1,3,134.0
TEC-PH-10004505,Technology,Phones,6,22,775.4839999999999
TEC-PH-10004509,Technology,Phones,6,20,1617.357
TEC-PH-10004522,Technology,Phones,3,11,468.0
TEC-PH-10004531,Technology,Phones,7,24,1041.0
TEC-PH-10004536,Technology,Phones,3,12,1539.0
TEC-PH-10004539,Technology,Phones,7,24,2723.323
TEC-PH-10004544,Technology,Phones,3,11,1191.0
TEC-PH-10004552,Technology,Phones,5,25,1345.0
TEC-PH-10004553,Technology,Phones,1,4,729.0
TEC-PH-10004554,Technology,Phones,2,12,694.168
TEC-PH-10004559,Technology,Phones,5,22,2367.0
TEC-PH-10004570,Technology,Phones,1,4,303.0
TEC-PH-10004575,Technology,Phones,1,4,2.571
TEC-PH-10004577,Technology,Phones,1,9,157.0
TEC-PH-10004578,Technology,Phones,6,21,1047.0
TEC-PH-10004583,Technology,Phones,4,19,781.317
TEC-PH-10004586,Technology,Phones,6,17,2450.88
TEC-PH-10004597,Technology,Phones,4,20,1604.0
TEC-PH-10004601,Technology,Phones,6,22,1951.334
TEC-PH-10004614,Technology,Phones,13,49,3343.0
TEC-PH-10004618,Technology,Phones,12,53,4158.044
TEC-PH-10004626,Technology,Phones,1,2,1.308
TEC-PH-10004631,Technology,Phones,3,15,1481.0
TEC-PH-10004635,Technology,Phones,7,28,1382.0
TEC-PH-10004636,Technology,Phones,1,3,333.0
TEC-PH-10004655,Technology,Phones,5,16,1537.0
TEC-PH-10004664,Technology,Phones,10,52,30.041999999999998
TEC-PH-10004667,Technology,Phones,6,26,2646.0
TEC-PH-10004675,Technology,Phones,7,18,2659.0
TEC-PH-10004680,Technology,Phones,4,20,1209.109
TEC-PH-10004682,Technology,Phones,3,11,854.0
TEC-PH-10004700,Technology,Phones,4,14,128.0
TEC-PH-10004707,Technology,Phones,3,7,809.0
TEC-PH-10004714,Technology,Phones,3,9,535.0
TEC-PH-10004732,Technology,Phones,3,16,1249.0
TEC-PH-10004760,Technology,Phones,4,13,614.0
TEC-PH-10004772,Technology,Phones,4,15,1861.0
TEC-PH-10004774,Technology,Phones,3,16,190.0
TEC-PH-10004800,Technology,Phones,2,8,536.0
TEC-PH-10004810,Technology,Phones,5,19,872.121
TEC-PH-10004823,Technology,Phones,11,39,657.625
TEC-PH-10004825,Technology,Phones,3,6,399.0
TEC-PH-10004827,Technology,Phones,5,16,1053.0
TEC-PH-10004830,Technology,Phones,1,4,202.0
TEC-PH-10004833,Technology,Phones,4,26,279.0
TEC-PH-10004871,Technology,Phones,9,29,1386.0
TEC-PH-10004875,Technology,Phones,1,2,10.0
TEC-PH-10004879,Technology,Phones,6,22,1344.0
TEC-PH-10004880,Technology,Phones,3,9,927.0
TEC-PH-10004882,Technology,Phones,3,14,574.0
TEC-PH-10004888,Technology,Phones,8,21,2071.0
TEC-PH-10004896,Technology,Phones,5,20,516.0
TEC-PH-10004897,Technology,Phones,7,30,258.0
TEC-PH-10004901,Technology,Phones,10,35,1516.0
TEC-PH-10004908,Technology,Phones,7,25,1666.0
TEC-PH-10004910,Technology,Phones,7,35,3435.103
TEC-PH-10004912,Technology,Phones,3,11,517.0
TEC-PH-10004915,Technology,Phones,2,6,466.0
TEC-PH-10004922,Technology,Phones,5,19,1086.0
TEC-PH-10004924,Technology,Phones,3,8,57.0
TEC-PH-10004933,Technology,Phones,3,9,623.0
TEC-PH-10004940,Technology,Phones,1,4,546.0
TEC-PH-10004959,Technology,Phones,7,19,2508.0
TEC-PH-10004970,Technology,Phones,2,5,248.0
TEC-PH-10004977,Technology,Phones,9,32,4194.098
TEC-PH-10004992,Technology,Phones,5,12,627.0
TEC-SAM-10000345,Technology,Phones,6,23,2436.0
TEC-SAM-10000588,Technology,Phones,2,6,306.0
TEC-SAM-10000613,Technology,Phones,6,16,1774.0
TEC-SAM-10000765,Technology,Phones,8,16,1626.0
TEC-SAM-10000779,Technology,Phones,14,29,3249.0
TEC-SAM-10001013,Technology,Phones,9,14,2174.0
TEC-SAM-10001017,Technology,Phones,8,22,1753.0
TEC-SAM-10001131,Technology,Phones,3,3,1526.0
TEC-SAM-10001843,Technology,Phones,6,8,906.0
TEC-SAM-10001935,Technology,Phones,4,7,380.0
TEC-SAM-10001985,Technology,Phones,2,13,943.0
TEC-SAM-10002496,Technology,Phones,2,5,542.0
TEC-SAM-10002682,Technology,Phones,3,3,170.0
TEC-SAM-10003205,Technology,Phones,3,4,434.0
TEC-SAM-10003493,Technology,Phones,6,23,945.914
TEC-SAM-10003520,Technology,Phones,3,20,1261.0
TEC-SAM-10003538,Technology,Phones,4,4,425.0
TEC-SAM-10003891,Technology,Phones,6,11,513.0
TEC-SAM-10003948,Technology,Phones,4,7,548.0
TEC-SAM-10004230,Technology,Phones,3,8,1281.8339999999998
TEC-SAM-10004384,Technology,Phones,11,32,1123.0
TEC-SAM-10004785,Technology,Phones,5,9,1911.817
TEC-SAM-10004851,Technology,Phones,4,5,325.0
TEC-SAM-10004940,Technology,Phones,2,5,576.55
TEC-SAN-10000060,Technology,Accessories,6,15,436.0
TEC-SAN-10000142,Technology,Accessories,2,2,28.0
TEC-SAN-10000235,Technology,Accessories,5,11,1105.539
TEC-SAN-10000250,Technology,Accessories,4,8,676.0
TEC-SAN-10000260,Technology,Accessories,6,9,548.0
TEC-SAN-10000740,Technology,Accessories,4,9,399.0
TEC-SAN-10001506,Technology,Accessories,4,12,1238.0
TEC-SAN-10001738,Technology,Accessories,2,2,56.0
TEC-SAN-10001899,Technology,Accessories,10,18,1230.0
TEC-SAN-10002254,Technology,Accessories,4,4,156.0
TEC-SAN-10002477,Technology,Accessories,6,35,1194.0
TEC-SAN-10002684,Technology,Accessories,6,8,296.0
TEC-SAN-10002871,Technology,Accessories,3,5,265.0
TEC-SAN-10002954,Technology,Accessories,3,4,456.0
TEC-SAN-10003238,Technology,Accessories,5,9,1271.017
TEC-SAN-10003336,Technology,Accessories,2,3,137.0
TEC-SAN-10003793,Technology,Accessories,5,9,771.0
TEC-SAN-10004027,Technology,Accessories,4,19,541.124
TEC-SAN-10004181,Technology,Accessories,2,2,115.0
TEC-SAN-10004215,Technology,Accessories,2,3,196.0
TEC-SAN-10004424,Technology,Accessories,5,10,1207.025
TEC-SAN-10004721,Technology,Accessories,6,9,498.0
TEC-SAN-10004885,Technology,Accessories,8,14,421.0
TEC-SAN-10004999,Technology,Accessories,1,1,16.0
TEC-SHA-10000052,Technology,Copiers,3,11,555.927
TEC-SHA-10000244,Technology,Copiers,4,5,1479.0
TEC-SHA-10000306,Technology,Copiers,4,12,2185.0
TEC-SHA-10000479,Technology,Copiers,3,5,598.0
TEC-SHA-10000501,Technology,Copiers,1,8,2.833
TEC-SHA-10000971,Technology,Copiers,7,12,1545.188
TEC-SHA-10001103,Technology,Copiers,5,6,1291.0
TEC-SHA-10001231,Technology,Copiers,6,11,2288.429
TEC-SHA-10001309,Technology,Copiers,4,8,1182.181
TEC-SHA-10001413,Technology,Copiers,5,10,546.0
TEC-SHA-10001976,Technology,Copiers,1,1,123.0
TEC-SHA-10002034,Technology,Copiers,4,17,1872.0
TEC-SHA-10002696,Technology,Copiers,4,11,1296.0
TEC-SHA-10002753,Technology,Copiers,3,6,1002.0
TEC-SHA-10003039,Technology,Copiers,5,13,1178.009
TEC-SHA-10003353,Technology,Copiers,1,6,431.0
TEC-SHA-10003670,Technology,Copiers,4,9,1283.424
TEC-SHA-10004083,Technology,Copiers,3,8,1348.0
TEC-SHA-10004151,Technology,Copiers,2,3,510.0
TEC-SHA-10004184,Technology,Copiers,4,5,507.0
TEC-SHA-10004390,Technology,Copiers,4,5,1779.0
TEC-SHA-10004658,Technology,Copiers,1,1,124.0
TEC-SHA-10004874,Technology,Copiers,5,9,1265.175
TEC-STA-10000008,Technology,Machines,5,17,632.0
TEC-STA-10000546,Technology,Machines,7,23,831.0
TEC-STA-10000699,Technology,Machines,5,6,381.0
TEC-STA-10000893,Technology,Machines,4,6,1615.0
TEC-STA-10001232,Technology,Machines,6,9,462.0
TEC-STA-10001407,Technology,Machines,5,6,449.0
TEC-STA-10001487,Technology,Machines,7,14,325.0
TEC-STA-10001994,Technology,Machines,4,6,1536.0
TEC-STA-10002286,Technology,Machines,3,10,1090.0
TEC-STA-10002459,Technology,Machines,1,4,308.0
TEC-STA-10002497,Technology,Machines,6,26,1054.6190000000001
TEC-STA-10002650,Technology,Machines,5,10,735.0
TEC-STA-10003065,Technology,Machines,1,1,44.0
TEC-STA-10003081,Technology,Machines,6,20,1320.0
TEC-STA-10003330,Technology,Machines,8,15,1976.52
TEC-STA-10003386,Technology,Machines,3,11,305.019
TEC-STA-10003447,Technology,Machines,4,8,867.018
TEC-STA-10003550,Technology,Machines,6,14,2153.0
TEC-STA-10003925,Technology,Machines,5,8,1112.0
TEC-STA-10004181,Technology,Machines,6,11,1921.201
TEC-STA-10004536,Technology,Machines,5,6,1812.0
TEC-STA-10004542,Technology,Machines,5,23,897.0
TEC-STA-10004834,Technology,Machines,2,5,204.0
TEC-STA-10004927,Technology,Machines,1,2,221.0
